id,doi,year,title,materials,polymer,method,experimental,confidence,error
https://openalex.org/W2968424106,https://doi.org/10.1016/j.jclepro.2019.117994,2019,Bioplastics based on wheat gluten processed by extrusion,True,protein,none,True,high,
https://openalex.org/W4382402880,https://doi.org/10.3390/membranes13070625,2023,Bio-Based Polymeric Membranes: Development and Environmental Applications,True,other,none,False,high,
https://openalex.org/W2052293077,https://doi.org/10.1016/j.carbpol.2014.05.055,2014,Thermo-mechanical and hydrophilic properties of polysaccharide/gluten-based bioplastics,True,protein,none,True,high,
https://openalex.org/W2043989916,https://doi.org/10.1016/j.biortech.2013.01.129,2013,Valorization of glycerol through the production of biopolymers: The PHB case using Bacillus megaterium,True,pha,none,True,high,
https://openalex.org/W3088684912,https://doi.org/10.3390/polym12102173,2020,Development and Evaluation of Superabsorbent Hydrogels Based on Natural Polymers,True,chitosan,none,True,high,
https://openalex.org/W2972337562,https://doi.org/10.1016/j.jece.2019.103410,2019,Synthesis and characterization of biopolymers functionalized with APTES (3–aminopropyltriethoxysilane) for the adsorption of sunset yellow dye,True,chitosan,none,True,high,
https://openalex.org/W2108690776,https://doi.org/10.1590/s0103-50532011000600024,2011,Electrically conductive bioplastics from cassava starch,True,starch,none,True,high,
https://openalex.org/W4411363628,https://doi.org/10.1186/s44316-025-00029-y,2025,"Biopolymers and biocomposites: a comprehensive review of feedstocks, functionalities, and advanced manufacturing techniques for sustainable applications",True,other_polysaccharide,none,False,high,
https://openalex.org/W3211837245,https://doi.org/10.1016/b978-0-12-821842-6.00028-2,2021,Biopolymers and bioplastics,,,,,low,
https://openalex.org/W3211975771,https://doi.org/10.3390/molecules26216734,2021,Physical-Mechanical Behavior and Water-Barrier Properties of Biopolymers-Clay Nanocomposites,True,starch,none,True,high,
https://openalex.org/W2608572543,https://doi.org/10.2174/2212796810666161028114432,2017,Biodegradable Polymer Hydrogels Based in Sorbitol and Citric Acid for Controlled Release of Bioactive Substances from Plants (Polyphenols),True,other,none,True,medium,
https://openalex.org/W4401852697,https://doi.org/10.1038/s41598-024-69092-1,2024,Effect of clays incorporation on properties of thermoplastic starch/clay composite bio-based polymer blends,True,starch,none,True,high,
https://openalex.org/W4413163655,https://doi.org/10.3390/polym17162207,2025,Exploring Biodegradable Polymeric Nanocomposite Films for Sustainable Food Packaging Application,True,protein,none,True,high,
https://openalex.org/W4311127365,https://doi.org/10.1016/j.ijbiomac.2022.12.074,2022,Designing multifunctional biocatalytic cascade system by multi-enzyme co-immobilization on biopolymers and nanostructured materials,True,other,none,False,medium,
https://openalex.org/W1836599403,https://doi.org/10.15446/ing.investig.v33n3.41034,2013,The surface properties of biopolymer-coated fruit: A review,True,other_polysaccharide,none,False,medium,
https://openalex.org/W2090218932,https://doi.org/10.1021/acsami.5b01670,2015,Enzymatic Functionalization of Cork Surface with Antimicrobial Hybrid Biopolymer/Silver Nanoparticles,True,chitosan,none,True,high,
https://openalex.org/W1594265874,,2012,EFFECT OF GLYCEROL ON THE ELECTRICAL PROPERTIES AND PHASE BEHAVIOR OF CASSAVA STARCH BIOPOLYMERS,True,starch,none,True,high,
https://openalex.org/W2790178895,https://doi.org/10.1016/j.carbpol.2018.02.011,2018,Natural gum-type biopolymers as potential modified nonpolar drug release systems,True,other_polysaccharide,none,True,high,
https://openalex.org/W4402901596,https://doi.org/10.3390/biom14101224,2024,Biopolymers as Sustainable and Active Packaging Materials: Fundamentals and Mechanisms of Antifungal Activities,True,other_polysaccharide,none,False,high,
https://openalex.org/W3122641358,https://doi.org/10.1016/j.toxrep.2021.01.011,2021,ASIA syndrome symptoms induced by gluteal biopolymer injections: Case-series and narrative review,False,none,none,True,high,
https://openalex.org/W2139020120,https://doi.org/10.19053/01217488.487,2013,NATURAL POLYMER GRAFTED WITH SYNTETHIC MONOMER BY MICROWAVE FOR WATER TREATMENT - A REVIEW,True,other_polysaccharide,none,False,medium,
https://openalex.org/W2769337423,https://doi.org/10.1002/bip.23078,2017,Design and development of low cost polyurethane biopolymer based on castor oil and glycerol for biomedical applications,True,other,none,True,high,
https://openalex.org/W2887694969,https://doi.org/10.1007/978-3-319-94625-2_4,2018,Properties of Micro- and Nano-Reinforced Biopolymers for Food Applications,,,,,low,
https://openalex.org/W4376649050,https://doi.org/10.1016/j.molliq.2023.122106,2023,Towards an in-depth experimental and theoretical understanding of the cadmium uptake mechanism on a synthesized chitin biopolymer,True,other_polysaccharide,qc,True,medium,
https://openalex.org/W3193978736,https://doi.org/10.1016/j.cemconcomp.2021.104224,2021,Rheological properties of cement-based materials using a biopolymer viscosity modifying admixture (BVMA) under different dispersion conditions,,,,,low,
https://openalex.org/W3082635675,https://doi.org/10.1007/s10924-020-01861-1,2020,Characterization and Production of a Polyhydroxyalkanoate from Cassava Peel Waste: Manufacture of Biopolymer Microfibers by Electrospinning,,,,,low,
https://openalex.org/W4213311915,https://doi.org/10.3390/polym14040748,2022,Development and Characterization of Plantain (Musa paradisiaca) Flour-Based Biopolymer Films Reinforced with Plantain Fibers,True,starch,none,True,high,
https://openalex.org/W1975236711,https://doi.org/10.1007/s00449-013-0971-x,2013,Designing a gelatin/chitosan/hyaluronic acid biopolymer using a thermophysical approach for use in tissue engineering,True,other_polysaccharide,none,True,high,
https://openalex.org/W3215804223,https://doi.org/10.3390/polym13234106,2021,Heat Transfer in Cassava Starch Biopolymers: Effect of the Addition of Borax,True,starch,none,True,high,
https://openalex.org/W3048499512,https://doi.org/10.3390/polym12081819,2020,"Biopolymer-Waste Fiber Reinforcement for Earthen Materials: Capillary, Mechanical, Impact, and Abrasion Performance",True,protein,none,True,high,
https://openalex.org/W3159356729,https://doi.org/10.34294/j.jsta.20.9.60,2020,Biosynthesis and Biotransformations of Biopolymers: Starch and Poly(hydroxyalkanoates),True,other_polysaccharide,none,False,medium,
https://openalex.org/W3204645356,https://doi.org/10.20944/preprints202109.0471.v1,2021,Physical-Mechanical Behavior and Water-Barrier Properties of Biopolymers-Clay Nanocomposites,True,starch,none,True,high,
https://openalex.org/W4387775391,https://doi.org/10.3390/polym15204150,2023,Effect of Lithium Salts on the Properties of Cassava Starch Solid Biopolymer Electrolytes,True,starch,none,True,high,
https://openalex.org/W2056566341,https://doi.org/10.1590/s0103-97332006000600011,2006,Optical properties in Biopolymers: lignin fragmen,True,lignin,qc,False,high,
https://openalex.org/W3018506712,https://doi.org/10.1007/s41783-020-00092-y,2020,Water Vapor Permeability of Chitosan/Zeolite Composite Films as Affected by Biopolymer and Zeolite Microparticle Concentrations,,,,,low,
https://openalex.org/W4416953867,https://doi.org/10.3390/polym17233222,2025,Abiotic Degradation Technologies to Promote Bio-Valorization of Bioplastics,True,other,none,False,high,
https://openalex.org/W7131243061,https://doi.org/10.1007/s10924-025-03761-8,2026,Review on Aging of Biodegradable Polymers: Experimental Approaches and Emerging Role of Machine and Deep Learning,True,other,ml,True,high,
https://openalex.org/W4366827716,https://doi.org/10.3390/polym15091994,2023,Electrochemistry Study of Bio-Based Composite Biopolymer Electrolyte—Starch/Cardol,True,starch,none,True,high,
https://openalex.org/W3187895318,https://doi.org/10.1016/j.matpr.2021.07.435,2021,Dynamic mechanical analysis of agarose-based biopolymers with potential use in regenerative medicine,True,other_polysaccharide,none,True,high,
https://openalex.org/W4410502510,https://doi.org/10.3390/su17104601,2025,Sustainable Stabilization of Soil–RAP Mixtures Using Xanthan Gum Biopolymer,True,other_polysaccharide,none,True,high,
https://openalex.org/W2272160958,,2015,EFFECT OF CASSAVA FLOUR GELATINIZATION ON MECHANICAL PROPERTIES OF BIOPLASTICS,,,,,low,
https://openalex.org/W3082530288,https://doi.org/10.3390/polym12091995,2020,Encapsulation Effect on the In Vitro Bioaccessibility of Sacha Inchi Oil (Plukenetia volubilis L.) by Soft Capsules Composed of Gelatin and Cactus Mucilage Biopolymers,True,protein,none,True,high,
https://openalex.org/W3193171816,https://doi.org/10.1016/j.biteb.2021.100786,2021,Sustainable sugarcane vinasse biorefinement for trans-aconitic acid-based biopolymer synthesis and bioenergy generation,True,other,none,True,high,
https://openalex.org/W2527929183,https://doi.org/10.15376/biores.11.4.9856-9868,2016,Starch-Based Biopolymer Reinforced with High Yield Fibers from Sugarcane Bagasse as a Technical and Environmentally Friendly Alternative to High Density Polyethylene,True,starch,statistical_doe,True,high,
https://openalex.org/W2990206016,https://doi.org/10.31788/rjc.2019.1245302,2019,EFFECT OF ELABORATION pH ON THE ELECTROACTIVITY OF CASSAVA STARCH SOLID BIOPOLYMER ELECTROLYTE FILMS,True,starch,none,True,high,
https://openalex.org/W3006489665,https://doi.org/10.1364/ao.383357,2020,Application of speckle interferometry to the mechanical characterization of a biopolymer sample,True,other,none,True,medium,
https://openalex.org/W4388283201,https://doi.org/10.1557/s43580-023-00675-2,2023,Valorization of hydroxyapatite from Devilfish bones as biopolymer-based composites for the removal of fluorides and cadmium (II) in aqueous solution,True,other_polysaccharide,none,True,high,
https://openalex.org/W4311728671,https://doi.org/10.3390/foods11243954,2022,Protection of Mono and Polyunsaturated Fatty Acids from Grapeseed Oil by Spray Drying Using Green Biopolymers as Wall Material,True,other_polysaccharide,none,True,high,
https://openalex.org/W3194310161,https://doi.org/10.32854/agrop.v14i7.2010,2021,Obtaining and characterization films of a bioplastic obtained from passion fruit waste (Passiflora edulis),True,pectin,none,True,high,
https://openalex.org/W4417431671,https://doi.org/10.3390/polym17243329,2025,"Active Packaging Based on Chitosan, Fish Gelatin, Zein, and Kafirin Biopolymers: A Promising Strategy for Innovation in the Cosmetic Sector",True,other_polysaccharide,none,False,high,
https://openalex.org/W2035172169,https://doi.org/10.1177/8756087914523440,2014,Preparation of biopolymer films by aqueous tape casting processing,True,other_polysaccharide,none,True,high,
https://openalex.org/W4415640900,https://doi.org/10.1021/acsomega.5c06039,2025,Ultrasound-Assisted Alkaline Hydrogen Peroxide Pretreatment for Biopolymer Recovery from Exhausted Purple Corn Cobs,True,cellulose,statistical_doe,True,high,
https://openalex.org/W4303182623,https://doi.org/10.14716/ijtech.v13i4.5612,2022,Impedantiometric behavior of solid biopolymer electrolyte elaborated from cassava starch synthesized in different pH,True,starch,none,True,high,
https://openalex.org/W1529973701,,2011,ADSORPTION ISOTHERMS OF CASSAVA FLOUR BIOPLASTICS COMPRESSION MOLDED,,,,,low,
https://openalex.org/W4398139386,https://doi.org/10.1080/23311916.2024.2345524,2024,Technology and innovation management methodology for the development of recyclable bioplastics from organic waste,True,other,none,False,medium,
https://openalex.org/W3129287728,https://doi.org/10.1016/b978-0-12-819988-6.00011-2,2021,Advances in thermoplastic starch-based biopolymers: Fabrication and improvement,True,starch,none,False,high,
https://openalex.org/W4388152750,https://doi.org/10.1002/star.202300141,2023,The Effect of Curcumin and Cornstarch Biopolymers on the Shelf Life of Fresh Cheese: Physicomechanical and Antimicrobial Properties,True,starch,none,True,high,
https://openalex.org/W3006819349,https://doi.org/10.24054/01204211.v2.n2.2019.3541,2019,"Influence of plasticizer type on bioplastics development, from potato (Solanum tuberosum), starch",True,starch,none,True,high,
https://openalex.org/W4200232980,https://doi.org/10.1088/1742-6596/2139/1/012015,2021,Physical characterization of biopolymers with starch from potato and cassava organic wastes polymerized in water,True,starch,none,True,high,
https://openalex.org/W7153976495,https://doi.org/10.3390/su18083827,2026,Recent Advances in Sustainable Biopolymer-Based Nanocomposites for Heavy Metal Removal from Water,True,other_polysaccharide,none,False,high,
https://openalex.org/W3170440260,https://doi.org/10.1088/1742-6596/1938/1/012009,2021,Study of factors affecting hardness behavior of biopolymers based on potato and plantain peels: a factorial experimental evaluation,True,starch,statistical_doe,True,high,
https://openalex.org/W4401247007,https://doi.org/10.3390/ijms25158450,2024,"Influence of Lithium Triflate Salt Concentration on Structural, Thermal, Electrochemical, and Ionic Conductivity Properties of Cassava Starch Solid Biopolymer Electrolytes",True,starch,none,True,high,
https://openalex.org/W4400519343,https://doi.org/10.24875/aji.23000067,2024,Extensive spread of gluteal biopolymers and its complications. A series of cases,,,,,low,
https://openalex.org/W1492982450,https://doi.org/10.15446/ing.investig.v28n1.14868,2008,Biopolymers as materials for developing products in pharmaceutical applications and biomedical uses,True,other,none,False,medium,
https://openalex.org/W4405874259,https://doi.org/10.1016/j.jddst.2024.106587,2024,Fundamental concepts of injectable hydrogel based on natural polymer for malignant solid tumor: Types and characterization – Review,,,,,low,
https://openalex.org/W3158020272,https://doi.org/10.3390/j4020009,2021,Synthesis and Characterization of a Novel Lignin-Based Biopolymer from Ulex europaeus: A Preliminary Study,True,lignin,none,True,high,
https://openalex.org/W2333590766,https://doi.org/10.1115/imece2015-52575,2015,Development of Charge Electrochemical Accumulator of Conductive Polypyrrole/ Cassava Starch Biopolymers,True,starch,statistical_doe,True,medium,
https://openalex.org/W2565801265,https://doi.org/10.14483//udistrital.jour.rc.2016.25.a9,2016,Aplicaciones de mezclas de biopolímeros y polímeros sintéticos: Revisión bibliográfica - Applications of blends of biopolymers and synthetic polymers: Bibliographic review,True,other_polysaccharide,none,False,medium,
https://openalex.org/W4411557806,https://doi.org/10.3390/su17135724,2025,A Scoping Review of Goldenberry Calyx Used as a Reinforcing Fiber for Cassava Starch Biopolymers,True,starch,none,False,high,
https://openalex.org/W4363609628,https://doi.org/10.31788/rjc.2022.1558189,2022,BIO-BASED ELECTROACTIVE COMPOSITE BIOPOLYMER FILMS FROM CASSAVA STARCH / ANACARDIC ACID,True,starch,none,True,high,
https://openalex.org/W3188697178,https://doi.org/10.52571/ptq.v18.n38.2021.10_arrieta_pgs_137_148.pdf,2021,THERMAL AND ELECTROCHEMICAL PROPERTIES OF SOLID BIOPOLYMER ELECTROLYTES FROM STARCH OF DIFFERENT BOTANICAL ORIGIN,True,starch,none,True,high,
https://openalex.org/W4412441545,https://doi.org/10.1016/j.carrev.2025.07.004,2025,Comparative efficacy and safety of latest generation ultrathin and thin biodegradable polymer vs. durable polymer drug-eluting stents in small vessel coronary artery disease: A systematic review and meta-analysis,False,none,none,False,high,
https://openalex.org/W4366992885,https://doi.org/10.1016/j.rcreu.2023.03.001,2023,Lower limb arterial thrombosis due to biopolymer injection: A case report,,,,,low,
https://openalex.org/W4417520169,https://doi.org/10.1186/s40643-025-00978-2,2025,Comparison of poly-3-hydroxybutyrate (P3HB) synthesis by Bacillus cereus and Azotobacter vinelandii OP: effect of agitation on the accumulation and physicochemical properties of the biopolymer,True,pha,none,True,high,
https://openalex.org/W7160260790,https://doi.org/10.1007/s11356-026-37726-8,2026,Feast–famine enrichment of mixed microbial cultures enhances wastewater valorization into bioplastics,True,pha,none,True,high,
https://openalex.org/W2788130959,https://doi.org/10.17485/ijst/2018/v11i2/117345,2018,"New Composite Biopolymer with Conductive Properties Obtained from Cassava and Poly Starch (3, 4-Ethylenedioxythiophene)",True,starch,none,True,high,
https://openalex.org/W4386017790,,2014,EVALUATION OF PHYSICAL PROPERTIES OF THERMOPRESSING BIOPLASTICS MADE FROM CASSAVA FLOUR,True,starch,none,True,high,
https://openalex.org/W7126197983,https://doi.org/10.1016/j.afres.2026.101737,2026,Exploring Pouteria lucuma seed starch: a novel non-conventional biopolymer for film production via casting and extrusion,True,starch,none,True,high,
https://openalex.org/W4383266254,https://doi.org/10.15587/1729-4061.2023.282208,2023,Valorization of cashew nut processing by-product: development of a cardol/starch biopolymer composite with electrochemical properties and technological potential,True,starch,none,True,high,
https://openalex.org/W4407755916,https://doi.org/10.1016/j.molstruc.2025.141800,2025,A novel superadsorbent β-cyclodextrin crosslinked coffee grounds biopolymer to remove organic molecules from water matrices,,,,,low,
https://openalex.org/W2605646808,https://doi.org/10.1177/1066896917704900,2017,Diffuse Large B-Cell Lymphoma in a Patient With Necrotizing Fasciitis Secondary to Silicone Biopolymer Implants in Buttock,False,none,none,True,high,
https://openalex.org/W2186389475,,2014,Obtención y caracterización de un polímero biodegradable a partir del almidón de yuca 1 Preparation and characterization of a biodegradable polymer from cassava starch,True,starch,none,True,high,
https://openalex.org/W3098514549,https://doi.org/10.3762/bxiv.2020.127.v1,2020,Production and characterization of a novel lignin-based biopolymer from Ulex europaeus,True,lignin,none,True,high,
https://openalex.org/W4409868502,https://doi.org/10.3390/polym17091184,2025,"Synthesis and Physical–Chemical Characterization of a Biopolymer Derived from Cassava Starch, Cashew Nutshell Liquid, and Diammonium Phosphate",True,starch,none,True,high,
https://openalex.org/W4410550497,https://doi.org/10.3390/ijms26104949,2025,Biopolymers of Polycaprolactone Loaded with Caffeic Acid and Trametes versicolor Extract Induced Proliferation in Human Coronary Artery Endothelial Cells and Inhibited Platelet Activity,True,pla,none,True,high,
https://openalex.org/W4404068948,https://doi.org/10.3390/su16219562,2024,Foundation Model Study on Inorganic and Biopolymer Nano Additives Treated Soil—A Step Forward in Nano Additive Soil Stabilization,True,other_polysaccharide,molecular_modelling,True,medium,
https://openalex.org/W4379876899,https://doi.org/10.1007/978-3-031-33187-9_78,2023,Incorporation of Hybrid Biopolymer/Silicate-Based Microcapsules in Cementitious Mixtures for Potential Uses in Self-healing Technology with Renewable Materials,,,,,low,
https://openalex.org/W3216175339,https://doi.org/10.52571/ptq.v18.n39.2021.04_arrieta_pgs_43_55.pdf,2021,ELECTROCHEMICAL BEHAVIOR OF A COMPOSITE MATERIAL OF SOLID BIOPOLYMER ELECTROLYTE FROM CASSAVA STARCH / GRAPHENE OXIDE PREPARED AT DIFFERENT pH,True,starch,none,True,high,
https://openalex.org/W7148330650,https://doi.org/10.3390/polym18070870,2026,"Lipid-Enriched Biopolymer Films for Active Packaging: A Review of Structure, Properties, and Preservation Performance",True,other,none,False,medium,
https://openalex.org/W4413056438,https://doi.org/10.1093/asjof/ojaf099,2025,Severe Complications Due to Biopolymers in a Patient With Autoimmune Disease: A Case Report and Review of the Literature,False,none,none,True,high,
https://openalex.org/W4416450530,https://doi.org/10.1016/j.lwt.2025.118693,2025,Physicochemical properties and gastrointestinal release of Chilean endemic berry extracts via biopolymer encapsulation,True,alginate,none,True,high,
https://openalex.org/W3166647584,https://doi.org/10.1007/s10924-021-02207-1,2021,Thermoplastic Starch (TPS)/Polylactic Acid (PLA) Blending Methodologies: A Review,True,starch,none,False,high,
https://openalex.org/W3196988891,https://doi.org/10.3390/molecules26175282,2021,Recovery of Banana Waste-Loss from Production and Processing: A Contribution to a Circular Economy,True,cellulose,none,False,medium,
https://openalex.org/W4311286079,https://doi.org/10.3390/polym14235297,2022,Natural Coatings and Surface Modifications on Magnesium Alloys for Biomedical Applications,True,other,none,False,medium,
https://openalex.org/W4405628683,https://doi.org/10.48162/rev.39.143,2024,Antibacterial activity and physicochemical characterization of bioplastic films based on cassava (Manihot esculenta Crantz) starch and rosemary (Salvia rosmarinus) essential oil,True,starch,none,True,high,
https://openalex.org/W2184684001,,2013,The surface properties of biopolymer-coated fruit: A review Propiedades de superficie en frutas recubiertas con biopolímeros: revisión,True,other_polysaccharide,none,False,medium,
https://openalex.org/W2263691998,https://doi.org/10.1016/j.foodhyd.2016.01.023,2016,Vegetable nanocellulose in food science: A review,True,cellulose,none,False,high,
https://openalex.org/W2896421147,https://doi.org/10.3390/molecules23102651,2018,Synthesis and Application of Scaffolds of Chitosan-Graphene Oxide by the Freeze-Drying Method for Tissue Regeneration,True,chitosan,none,True,high,
https://openalex.org/W3035724577,https://doi.org/10.1016/j.nfs.2020.06.002,2020,"Effect of glycerol and sorbitol concentrations on mechanical, optical, and barrier properties of sweet potato starch film",True,starch,none,True,high,
https://openalex.org/W2423964850,https://doi.org/10.1016/j.jbiotec.2016.06.018,2016,Characterization of a polyhydroxyalkanoate obtained from pineapple peel waste using Ralsthonia eutropha,True,pha,none,True,high,
https://openalex.org/W3119387558,https://doi.org/10.1016/j.rser.2020.110688,2021,The potential use of lignin as a platform product in biorefineries: A review,True,lignin,none,False,high,
https://openalex.org/W4211077230,https://doi.org/10.3390/ma15041274,2022,Effect of Plasticizer Content on Mechanical and Water Vapor Permeability of Maize Starch/PVOH/Chitosan Composite Films,True,starch,none,True,high,
https://openalex.org/W2975847863,https://doi.org/10.1016/j.cej.2019.122952,2019,"Adsorption of dyes brilliant blue, sunset yellow and tartrazine from aqueous solution on chitosan: Analytical interpretation via multilayer statistical physics model",True,chitosan,statistical_doe,True,high,
https://openalex.org/W4366417862,https://doi.org/10.3390/foods12081692,2023,"Trends in Bioactive Multilayer Films: Perspectives in the Use of Polysaccharides, Proteins, and Carbohydrates with Natural Additives for Application in Food Packaging",True,other,none,False,high,
https://openalex.org/W3038512954,https://doi.org/10.1007/s10661-020-08461-5,2020,"Bacteria from industrial waste: potential producers of polyhydroxyalkanoates (PHAs) in Manizales, Colombia",True,pha,none,True,high,
https://openalex.org/W2609150917,https://doi.org/10.1007/s10570-017-1309-7,2017,Production of bacterial cellulose from alternative low-cost substrates,,,,,low,
https://openalex.org/W1992288824,https://doi.org/10.1007/s10856-015-5461-z,2015,Isolation of chitosan from Ganoderma lucidum mushroom for biomedical applications,True,chitosan,none,True,high,
https://openalex.org/W3211933398,https://doi.org/10.1016/b978-0-12-821842-6.00018-x,2021,Biodegradable polymer chemistry,,,,,low,
https://openalex.org/W2734527810,https://doi.org/10.1016/j.jfoodeng.2017.07.010,2017,Starch recovery from turmeric wastes using supercritical technology,True,starch,none,True,high,
https://openalex.org/W3103096112,https://doi.org/10.1016/j.cofs.2020.11.002,2020,Recent advances on the microbiological and enzymatic processing for conversion of food wastes to valuable bioproducts,False,none,none,False,low,
https://openalex.org/W2904711623,https://doi.org/10.1111/1541-4337.12405,2018,"Nanoemulsions: Synthesis, Characterization, and Application in Bio‐Based Active Food Packaging",True,other_polysaccharide,none,True,medium,
https://openalex.org/W2039777508,https://doi.org/10.17113/ftb.53.03.15.3725,2015,"Biodegradable Zein-Based Blend Films: Structural, Mechanical and Barrier Properties",True,protein,none,True,high,
https://openalex.org/W3010300060,https://doi.org/10.1007/s11356-020-08193-6,2020,Potential of residual fungal biomass: a review,True,other_polysaccharide,none,True,medium,
https://openalex.org/W4319065924,https://doi.org/10.1016/j.susmat.2023.e00581,2023,Poly(caprolactone)/lignin-based 3D-printed dressings loaded with a novel combination of bioactive agents for wound-healing applications,True,lignin,none,True,high,
https://openalex.org/W2954099620,https://doi.org/10.1016/j.jclepro.2019.06.292,2019,Cellulose nanofibrils extracted from fique fibers as bio-based cement additive,True,cellulose,none,True,high,
https://openalex.org/W2586775415,https://doi.org/10.1016/j.ijbiomac.2017.02.004,2017,Production and characterization of films based on blends of chitosan from blue crab ( Callinectes sapidus ) waste and pectin from Orange ( Citrus sinensis Osbeck ) peel,True,chitosan,none,True,high,
https://openalex.org/W4213332217,https://doi.org/10.3389/fbioe.2022.821852,2022,Decellularized Tissues for Wound Healing: Towards Closing the Gap Between Scaffold Design and Effective Extracellular Matrix Remodeling,True,protein,none,False,medium,
https://openalex.org/W3039429317,https://doi.org/10.1080/00914037.2020.1785454,2020,Silk sericin as a biomaterial for tissue engineering: a review,True,protein,none,False,high,
https://openalex.org/W4400443534,https://doi.org/10.3390/applmicrobiol4030072,2024,Production of Poly(3-Hydroxybutyrate-Co-3-Hydroxyvalerate) by Bacillus megaterium LVN01 Using Biogas Digestate,True,pha,none,True,high,
https://openalex.org/W2051490011,https://doi.org/10.1016/j.ejpb.2007.12.014,2007,γ-Irradiation effects on biopharmaceutical properties of PLGA microspheres loaded with SPf66 synthetic vaccine,True,pla,none,True,high,
https://openalex.org/W2964318000,https://doi.org/10.3390/catal9070622,2019,Dextran Aldehyde in Biocatalysis: More Than a Mere Immobilization System,True,other_polysaccharide,none,False,high,
https://openalex.org/W4238712501,https://doi.org/10.1680/bcmpge.60531.014,2014,"Biogeochemical processes and geotechnical applications: progress, opportunities and challenges",True,other,none,False,low,
https://openalex.org/W4408694279,https://doi.org/10.1038/s41579-025-01171-0,2025,Bioplastic builders,,,,,low,
https://openalex.org/W1969074512,https://doi.org/10.1016/j.wasman.2014.09.007,2014,Use of residual banana for polyhydroxybutyrate (PHB) production: Case of study in an integrated biorefinery,True,pha,none,False,medium,
https://openalex.org/W4378619545,https://doi.org/10.3390/jof9060623,2023,Green Management of Postharvest Anthracnose Caused by Colletotrichum gloeosporioides,False,none,none,False,high,
https://openalex.org/W2944229672,https://doi.org/10.1016/j.mimet.2019.05.004,2019,Encapsulation of proteins from Leishmania panamensis into PLGA particles by a single emulsion-solvent evaporation method,True,pla,none,True,high,
https://openalex.org/W4396827504,https://doi.org/10.1016/j.ijbiomac.2024.132307,2024,Advanced technologies in water treatment: Chitosan and its modifications as effective agents in the adsorption of contaminants,True,chitosan,none,False,high,
https://openalex.org/W2766179383,https://doi.org/10.3390/md15100328,2017,Release Behavior and Antibacterial Activity of Chitosan/Alginate Blends with Aloe vera and Silver Nanoparticles,True,chitosan,none,True,high,
https://openalex.org/W2009349922,https://doi.org/10.1007/s12257-011-0448-1,2012,Biosynthesis of PHB from a new isolated Bacillus megaterium strain: Outlook on future developments with endospore forming bacteria,,,,,low,
https://openalex.org/W3046385886,https://doi.org/10.1080/00914037.2020.1785450,2020,Electrospinning of ultra-thin membranes with incorporation of antimicrobial agents for applications in active packaging: a review,True,other,none,False,medium,
https://openalex.org/W4322207824,https://doi.org/10.1007/s00289-023-04724-6,2023,Starches in the encapsulation of plant active ingredients: state of the art and research trends,True,starch,none,False,high,
https://openalex.org/W2910454143,https://doi.org/10.1016/j.tifs.2019.01.006,2019,Use of electrospinning technique to produce nanofibres for food industries: A perspective from regulations to characterisations,True,other,none,False,medium,
https://openalex.org/W2104646272,https://doi.org/10.25100/iyc.v5i1.2301,2011,Ácido Poliláctico (PLA): Propiedades y Aplicaciones,True,pla,none,False,high,
https://openalex.org/W3101141667,https://doi.org/10.1016/j.surfcoat.2020.126667,2020,Synthesis and deposition of silver nanoparticles on porous titanium substrates for biomedical applications,False,none,none,True,high,
https://openalex.org/W4391788187,https://doi.org/10.1016/j.envres.2024.118448,2024,Evaluation of the production and extraction of polyhydroxybutyrate from volatile fatty acids by means of mixed cultures and B. cepacia,True,pha,none,True,high,
https://openalex.org/W4411354568,https://doi.org/10.3390/polym17121663,2025,Physicochemical Characterization and Properties of Cassava Starch: A Review,True,starch,none,False,high,
https://openalex.org/W2946256250,https://doi.org/10.1016/j.supflu.2019.05.007,2019,Solubility of chitosan in aqueous acetic acid and pressurized carbon dioxide-water: Experimental equilibrium and solubilization kinetics,True,chitosan,none,True,high,
https://openalex.org/W4323568352,https://doi.org/10.3390/polym15061342,2023,Eggshell Membrane as a Biomaterial for Bone Regeneration,True,protein,none,False,high,
https://openalex.org/W3025747206,https://doi.org/10.1016/j.reuma.2020.05.001,2020,Colchicine: A potential therapeutic tool against COVID-19. Experience of 5 patients,False,none,none,True,high,
https://openalex.org/W3199492811,https://doi.org/10.3390/su131810439,2021,Renewable Mixed Hydrogels Based on Polysaccharide and Protein for Release of Agrochemicals and Soil Conditioning,True,chitosan,none,True,high,
https://openalex.org/W7172070428,,2013,Biopolymers: Progress and prospects,,,,,low,
https://openalex.org/W3042092716,https://doi.org/10.1016/j.polymer.2020.122662,2020,On the way to greener furanic-aliphatic poly(ester amide)s: Enzymatic polymerization in ionic liquid,True,other,none,True,high,
https://openalex.org/W3155279939,https://doi.org/10.1016/j.jece.2021.105516,2021,Implementation of a multilayer statistical physics model to interpret the adsorption of food dyes on a chitosan film,True,chitosan,statistical_doe,True,high,
https://openalex.org/W3179251106,https://doi.org/10.1088/1757-899x/1154/1/012041,2021,Synthesis of starch powder from different organic wastes: A green approach to a valuable material,True,starch,none,True,high,
https://openalex.org/W3012873297,https://doi.org/10.1007/978-3-030-42542-5,2020,Starch-based Nanomaterials,,,,,low,
https://openalex.org/W3209789494,https://doi.org/10.3390/fermentation7040249,2021,Microbial Exopolysaccharides in Traditional Mexican Fermented Beverages,True,other_polysaccharide,none,False,medium,
https://openalex.org/W3085962138,https://doi.org/10.1016/j.heliyon.2020.e04884,2020,"Development and evaluation of edible films based on cassava starch, whey protein, and bees wax",True,starch,statistical_doe,True,high,
https://openalex.org/W4205523527,https://doi.org/10.1136/heartjnl-2021-320116,2022,Outcomes and regional differences in practice in a worldwide coronary stent registry,False,none,none,True,high,
https://openalex.org/W2608750371,https://doi.org/10.2174/2212796810666161108152319,2017,Hydrogels Based in Cassava Starch with Antibacterial Activity for Controlled Release of Cysteamine-silver Nanostructured Agents,True,starch,none,True,medium,
https://openalex.org/W2754348263,https://doi.org/10.15446/acag.v66n4.56875,2017,Natural fibers for hydrogels production and their applications in agriculture,True,other_polysaccharide,none,False,medium,
https://openalex.org/W3107083458,https://doi.org/10.1016/j.fpsl.2020.100607,2020,Gelatin-based films activated with red propolis ethanolic extract and essential oils,True,protein,none,True,high,
https://openalex.org/W4226070162,https://doi.org/10.3390/polym13244431,2021,Preparation and Physicochemical Properties of Modified Corn Starch–Chitosan Biodegradable Films,True,starch,none,True,high,
https://openalex.org/W747763043,https://doi.org/10.1016/j.nbt.2015.04.003,2015,Influence of nutritional and physicochemical variables on PHB production from raw glycerol obtained from a Colombian biodiesel plant by a wild-type Bacillus megaterium strain,True,pha,none,True,high,
https://openalex.org/W2227009533,,2013,MECHANICAL EVALUATION OF SEMIRRIGID BIOPLASTICS MADE WITH CASSAVA FLOUR,,,,,low,
https://openalex.org/W4281985512,https://doi.org/10.3390/polym14112166,2022,"Evaluation of the Antimicrobial, Thermal, Mechanical, and Barrier Properties of Corn Starch–Chitosan Biodegradable Films Reinforced with Cellulose Nanocrystals",True,starch,none,True,high,
https://openalex.org/W4406707410,https://doi.org/10.21203/rs.3.rs-5856957/v1,2025,Fabrication and Characterization of Potato Starch Bioplastics for 3d Printing,True,starch,none,True,high,
https://openalex.org/W3104784339,https://doi.org/10.3390/app10186468,2020,Torrefaction of Coffee Husk Flour for the Development of Injection-Molded Green Composite Pieces of Polylactide with High Sustainability,True,pla,none,True,high,
https://openalex.org/W3083879512,https://doi.org/10.35199/epde.2020.6,2020,TAKING CARE OF THE PLANET: DESIGNING WITH BIOPOLYMERS,True,other,none,False,low,
https://openalex.org/W2339632043,https://doi.org/10.1177/0021998315616274,2015,Bio-based composites from agricultural wastes: Polylactic acid and bamboo Guadua angustifolia,True,pla,none,True,high,
https://openalex.org/W4390741480,https://doi.org/10.3390/nano14020156,2024,Experimental Investigation of the Viscosity and Stability of Scleroglucan-Based Nanofluids for Enhanced Oil Recovery,True,other_polysaccharide,none,True,high,
https://openalex.org/W4406865467,https://doi.org/10.3390/molecules30030563,2025,CO2 Capture: A Comprehensive Review and Bibliometric Analysis of Scalable Materials and Sustainable Solutions,True,other,none,False,medium,
https://openalex.org/W3045058991,https://doi.org/10.1016/j.scp.2020.100299,2020,Nickel adsorption from aqueous solution using lemon peel biomass chemically modified with TiO2 nanoparticles,True,other_polysaccharide,none,True,high,
https://openalex.org/W2961675928,https://doi.org/10.3390/molecules24142531,2019,Preparation and Physicochemical Characterization of Softgels Cross-Linked with Cactus Mucilage Extracted from Cladodes of Opuntia Ficus-Indica,True,other_polysaccharide,none,True,high,
https://openalex.org/W2921809264,https://doi.org/10.1016/j.msec.2019.03.045,2019,Novel surface modification of three-dimensional bacterial nanocellulose with cell-derived adhesion proteins for soft tissue engineering,True,cellulose,none,True,high,
https://openalex.org/W4409473437,https://doi.org/10.1016/j.ijbiomac.2025.143173,2025,Chitosan-based adsorbents for wastewater treatment: A comprehensive review,True,chitosan,none,False,high,
https://openalex.org/W4406933663,https://doi.org/10.3390/polym17030363,2025,Geotechnical Behavior of Xanthan Gum-Stabilized Clay Reinforced with Polypropylene Fibers,True,other_polysaccharide,none,True,high,
https://openalex.org/W2921874481,https://doi.org/10.1007/s00449-019-02102-z,2019,Application of process system engineering tools to the fed-batch production of poly(3-hydroxybutyrate-co-3-hydroxyvalerate) from a vinasses–molasses Mixture,True,pha,statistical_doe,True,high,
https://openalex.org/W4408226352,https://doi.org/10.1557/s43580-025-01224-9,2025,Physicochemical characterization of caseinate-LDH composites biopolymers,True,protein,none,True,high,
https://openalex.org/W2973222751,https://doi.org/10.1002/app.48505,2019,Water‐annealing treatment for edible silk fibroin coatings from fibrous waste,True,protein,none,True,high,
https://openalex.org/W3015645368,https://doi.org/10.1039/d0bm00083c,2020,Bacterial nanocellulose as a corneal bandage material: a comparison with amniotic membrane,True,cellulose,none,True,high,
https://openalex.org/W4396601819,https://doi.org/10.1002/9781119858430.ch23,2024,Gluteal Biopolymer Injections as a Case of ASIA Syndrome,False,other,none,False,high,
https://openalex.org/W4407248608,https://doi.org/10.51573/andes.pps.ss.bbb.11,2024,Transforming agriculture: advancements in compost-biopolymers composites for enhanced sustainability,True,pla,none,True,high,
https://openalex.org/W4289203703,https://doi.org/10.3390/polym14153119,2022,Cytotoxicity and Genotoxicity of Azobenzene-Based Polymeric Nanocarriers for Phototriggered Drug Release and Biomedical Applications,True,chitosan,none,True,high,
https://openalex.org/W4402825567,https://doi.org/10.3390/su16198321,2024,Advances in Chitosan-Based Materials for Application in Catalysis and Adsorption of Emerging Contaminants,True,chitosan,none,False,high,
https://openalex.org/W1568059355,,2014,EVALUATION OF PHYSICAL PROPERTIES OFTHERMOPRESSING BIOPLASTICS MADE FROM CASSAVA FLOUR,,,,,low,
https://openalex.org/W2967534305,https://doi.org/10.3390/polym11081325,2019,(PVA/Chitosan/Fucoidan)-Ampicillin: A Bioartificial Polymeric Material with Combined Properties in Cell Regeneration and Potential Antibacterial Features,True,chitosan,none,True,high,
https://openalex.org/W3192478432,https://doi.org/10.3390/molecules26164753,2021,Biocompatibility Study of Electrospun Nanocomposite Membranes Based on Chitosan/Polyvinyl Alcohol/Oxidized Carbon Nano-Onions,True,chitosan,none,True,high,
https://openalex.org/W2091620609,https://doi.org/10.1016/j.indcrop.2014.01.020,2014,Formulation of lubricating greases from renewable basestocks and thickener agents: A rheological approach,True,other_polysaccharide,none,True,high,
https://openalex.org/W4416022885,https://doi.org/10.1016/j.mcat.2025.115571,2025,Immobilized Nostoc sp. on biopolymers for enhanced CO₂ photoconversion,,,,,low,
https://openalex.org/W3095593614,https://doi.org/10.1088/1742-6596/1672/1/012013,2020,Biodegradable thermosets polymers as an alternative solution to pollution generated by plastics,True,other,none,False,medium,
https://openalex.org/W1495280627,,2011,STUDY OF HYDROLYTIC BIODEGRADATION OF BIOPOLYMERS/CERAMIC COATINGS BY EQCM,,,,,low,
https://openalex.org/W4407985677,https://doi.org/10.3390/su17052012,2025,A Critical Review of the Advances and Current Status of the Application of Adsorption in the Remediation of Micropollutants and Dyes Through the Use of Emerging Bio-Based Nanocomposites,True,other_polysaccharide,none,False,medium,
https://openalex.org/W4413824532,https://doi.org/10.3390/polym17172354,2025,Physicochemical Characterization of Starch and Cellulose Nanofibers Extracted from Colocasia esculenta Cultivated in the Colombian Caribbean,True,other_polysaccharide,none,True,high,
https://openalex.org/W4322769011,https://doi.org/10.1007/s10965-023-03484-1,2023,Development of a novel silk sericin-based hydrogel film by mixture design,True,protein,statistical_doe,True,high,
https://openalex.org/W2899614898,https://doi.org/10.1007/978-981-13-1909-9_6,2018,Nanotechnology and Edible Films for Food Packaging Applications,,,,,low,
https://openalex.org/W3093142240,https://doi.org/10.1007/s10924-020-01898-2,2020,Thermal and Morphological Characterization of Native and Plasticized Starches of Sweet Potato (Ipomoea batatas) and Diamante Yam (Dioscorea rotundata),,,,,low,
https://openalex.org/W4417436328,https://doi.org/10.1097/mca.0000000000001602,2025,Comparative efficacy of polymer-free versus biodegradable-polymer drug-eluting stents in percutaneous coronary intervention: an updated systematic review and meta-analysis,False,none,none,False,high,
https://openalex.org/W3101141084,https://doi.org/10.3390/en13225944,2020,Polymers for EOR Application in High Temperature and High Viscosity Oils: Rock–Fluid Behavior,True,other_polysaccharide,none,True,high,
https://openalex.org/W4404189167,https://doi.org/10.1039/d4ma00608a,2024,Development and characterisation of starch/alginate active films incorporated with lemongrass essential oil ( Cymbopogon citratus ),True,starch,none,True,high,
https://openalex.org/W4296108125,https://doi.org/10.3390/polym14183832,2022,Use of Opuntia ficus-indica Fruit Peel as a Novel Source of Mucilage with Coagulant Physicochemical/Molecular Characteristics,True,other_polysaccharide,none,True,high,
https://openalex.org/W2942822968,https://doi.org/10.1166/jnn.2019.16663,2019,Encapsulation of Silver Nanoparticles in Polylactic Acid or Poly(lactic-co-glycolic acid) and Their Antimicrobial and Cytotoxic Activities,True,pla,none,True,high,
https://openalex.org/W2900946983,https://doi.org/10.1002/mabi.201800225,2018,In situ Study Unravels Bio‐Nanomechanical Behavior in a Magnetic Bacterial Nano‐cellulose (MBNC) Hydrogel for Neuro‐Endovascular Reconstruction,True,cellulose,none,True,high,
https://openalex.org/W4414737200,https://doi.org/10.1097/gox.0000000000007146,2025,Surgical Approach for Sciatic Nerve Entrapment Secondary to Biopolymer Injection,False,none,none,True,high,
https://openalex.org/W1493199995,,2008,Biopolymers as materials for product development in pharmaceutical applications and biomedical uses,,,,,low,
https://openalex.org/W4392744777,https://doi.org/10.34294/j.jsta.25.19.110,2024,Biopolymers containing in cassava starch (Manihot esculenta): Amylose and amylopectin,True,starch,none,False,high,
https://openalex.org/W4402326799,https://doi.org/10.1007/s42452-024-06085-9,2024,"Valorization of coffee by-products in the industry, a vision towards circular economy",True,other,none,False,medium,
https://openalex.org/W3111121926,https://doi.org/10.17268/jais.2020.006,2020,Yield evaluation of bore starch (Alocasia macrorrhiza) for the elaboration of a biopolymer,True,starch,none,True,high,
https://openalex.org/W4392109029,https://doi.org/10.1007/s12034-023-03133-9,2024,Obtention and characterization of PLA/PHBV thin sheets by solvent casting and extrusion with application in food packaging,,,,,low,
https://openalex.org/W4415252193,https://doi.org/10.5554/22562087.e1162,2025,Fat embolism secondary to gluteal biopolymer injection. Case report,,,,,low,
https://openalex.org/W2988457126,https://doi.org/10.3390/biom9110684,2019,Preparation of Chitosan/Poly(Vinyl Alcohol) Nanocomposite Films Incorporated with Oxidized Carbon Nano-Onions (Multi-Layer Fullerenes) for Tissue-Engineering Applications,True,chitosan,none,True,high,
https://openalex.org/W2900739180,https://doi.org/10.1002/pssa.201800311,2018,Magnetic Remote Activation of Shape Recovery in Nanocomposites Based on Tung Oil and Styrene,True,other,none,True,high,
https://openalex.org/W3140690206,https://doi.org/10.3390/nano11040878,2021,"Polysaccharide-Based Multilayer Nano-Emulsions Loaded with Oregano Oil: Production, Characterization, and In Vitro Digestion Assessment",True,other_polysaccharide,none,True,high,
https://openalex.org/W2117026103,,2012,MODIFIED ARRACACHA STARCH FILMS CHARACTERIZATION AND ITS POTENTIAL UTILIZATION AS FOOD PACKAGING,True,starch,none,True,high,
https://openalex.org/W4392147831,https://doi.org/10.1007/s11274-024-03897-0,2024,Hydrogel capsules as new delivery system for Trichoderma koningiopsis Th003 to control Rhizoctonia solani in rice (Oryza sativa),True,other_polysaccharide,none,True,high,
https://openalex.org/W3209968826,https://doi.org/10.3390/polysaccharides2040052,2021,Characterization of Cassava Starch and Its Structural Changes Resulting of Thermal Stress by Functionally-Enhanced Derivative Spectroscopy (FEDS),True,starch,qc,True,high,
https://openalex.org/W4391151022,https://doi.org/10.1016/j.heliyon.2024.e25194,2024,"Development of films based on chitosan, gelatin and collagen extracted from bocachico scales (Prochilodus magdalenae)",True,chitosan,none,True,high,
https://openalex.org/W4400724285,https://doi.org/10.3390/polym16142043,2024,Microcrystalline Cellulose—A Green Alternative to Conventional Soil Stabilizers,True,cellulose,none,True,high,
https://openalex.org/W2933878195,https://doi.org/10.1016/b978-0-12-816901-8.00003-1,2019,Fundamentals of chitosan-based hydrogels: elaboration and characterization techniques,True,chitosan,none,False,high,
https://openalex.org/W3214631874,https://doi.org/10.1016/j.bjps.2021.11.049,2021,Gluteal biopolymers and aggressive synovitis of the hip joint: A new reported association,,,,,low,
https://openalex.org/W4389955089,https://doi.org/10.3390/polym16010011,2023,Biopolymers as a Potential Alternative for the Retention of Pollutants from Vinasse: An In Silico Approach,True,other_polysaccharide,md,False,high,
https://openalex.org/W4400737765,https://doi.org/10.1016/j.rcreue.2023.03.004,2024,Lower limb arterial thrombosis due to biopolymer injection: A case report,,,,,low,
https://openalex.org/W2987992627,https://doi.org/10.3390/ani9110942,2019,The Role of Chitosan as a Possible Agent for Enteric Methane Mitigation in Ruminants,True,chitosan,none,False,high,
https://openalex.org/W2965637093,https://doi.org/10.1016/j.jclepro.2019.117804,2019,Computer-aided environmental and exergy analyses of a large-scale production of chitosan microbeads modified with TiO2 nanoparticles,True,chitosan,statistical_doe,False,high,
https://openalex.org/W4321375914,https://doi.org/10.3390/molecules28041920,2023,Chitosan-Based Scaffolds for the Treatment of Myocardial Infarction: A Systematic Review,True,chitosan,none,False,high,
https://openalex.org/W4388480696,https://doi.org/10.3390/blsf2023028004,2023,Preliminary Modeling Study of a Tape Casting System for Thermoplastic Starch Film Forming,True,starch,statistical_doe,False,medium,
https://openalex.org/W2058353722,https://doi.org/10.1002/masy.200751206,2007,Study of the Polymerization Kinetic of Lactic Acid,True,pla,none,True,high,
https://openalex.org/W4280582684,https://doi.org/10.3389/fmats.2022.859872,2022,Full Lignin-Derived Electrospun Carbon Materials as Electrodes for Supercapacitors,True,lignin,none,True,high,
https://openalex.org/W3092295195,https://doi.org/10.22430/22565337.1573,2020,Characterization of Electrospun Silk Fibroin Scaffolds for Bone Tissue Engineering: A Review,True,protein,none,True,high,
https://openalex.org/W4366334424,https://doi.org/10.1007/s10570-023-05162-3,2023,Isolation of cellulose microfibers and nanofibers by mechanical fibrillation in a water-free solvent,True,cellulose,none,True,high,
https://openalex.org/W4413034832,https://doi.org/10.1007/s12155-025-10873-5,2025,Theoretical Analysis of the Hydrolysis Mechanism of Biopolymers in the Anaerobic Digestion Process of Livestock Manure,,,,,low,
https://openalex.org/W4412464853,https://doi.org/10.1016/j.jpra.2025.06.002,2025,Paramedian open approach for gluteal biopolymers removal: a case series of 35 patients,False,none,none,True,high,
https://openalex.org/W4394014934,https://doi.org/10.1016/j.powtec.2024.119735,2024,Dynamic mechanical analysis of asphalt mortar samples containing millimetre-size capsules for self-healing purposes,,,,,low,
https://openalex.org/W4407577435,https://doi.org/10.1557/s43580-025-01177-z,2025,Tunning electrical properties of composite biopolymer based on starch and layered double hydroxides,True,starch,none,True,high,
https://openalex.org/W7170167255,https://doi.org/10.1097/gox.0000000000007870,2026,Three-flap Technique: Comprehensive Approach for Biopolymer Removal in the Gluteal and Lumbar Regions,False,none,none,True,high,
https://openalex.org/W2900753665,https://doi.org/10.1016/j.ijbiomac.2018.11.051,2018,"Effect of the addition of potassium and magnesium ions on the thermal, pasting, and functional properties of plantain starch (Musa paradisiaca)",True,starch,none,True,high,
https://openalex.org/W3042848056,https://doi.org/10.1016/j.jclepro.2020.122806,2020,"Waste-based natural fiber reinforcement of adobe mixtures: Physical, mechanical, damage and durability performance assessment",True,protein,none,True,high,
https://openalex.org/W4200107416,https://doi.org/10.1016/j.carbpol.2021.118989,2021,"Ulomoides dermestoides Coleopteran action on Thermoplastic Starch/Poly(lactic acid) films biodegradation: a novel, challenging and sustainable approach for a fast mineralization process",True,other,none,True,high,
https://openalex.org/W4401251293,https://doi.org/10.3390/polym16152202,2024,Effect of Guar Gum Content on the Mechanical Properties of Laterite Soil for Subgrade Soil Application,True,other_polysaccharide,none,True,high,
https://openalex.org/W4296614361,https://doi.org/10.3390/polym14193938,2022,Improvement of the Polyhydroxyalkanoates Recovery from Mixed Microbial Cultures Using Sodium Hypochlorite Pre-Treatment Coupled with Solvent Extraction,True,pha,none,True,high,
https://openalex.org/W7172415168,https://doi.org/10.3390/macromol6030057,2026,"Enzyme-Directed Architecture–Property Design of Starch-Based Bioplastics: Mechanisms, Performance Trade-Offs, and Scalability Constraints",True,starch,none,False,high,
https://openalex.org/W4416502598,https://doi.org/10.7490/f1000research.1120055.1,2025,Molecular dynamics simulations of bacterial and plant-derived nanocelluloses: Impact on the properties of polyhydroxybutyrate biopolymer,True,cellulose,md,False,high,
https://openalex.org/W7154467488,https://doi.org/10.7759/cureus.107117,2026,Ekbom Syndrome Following Cosmetic Biopolymer Injections Presenting With Neuropsychiatric Manifestations: A Case Report,False,none,none,True,high,
https://openalex.org/W4404817223,https://doi.org/10.3390/gels10120779,2024,Adsorption of Cr(VI) Using Organoclay/Alginate Hydrogel Beads and Their Application to Tannery Effluent,True,alginate,statistical_doe,True,high,
https://openalex.org/W3126666538,https://doi.org/10.1111/pala.12523,2021,Sporopollenin chemistry and its durability in the geological record: an integration of extant and fossil chemical data across the seed plants,True,other,ml,True,high,
https://openalex.org/W4323046119,https://doi.org/10.3390/nano13050925,2023,Silica Nanoparticles in Xanthan Gum Solutions: Oil Recovery Efficiency in Core Flooding Tests,True,other_polysaccharide,none,True,high,
https://openalex.org/W4415612564,https://doi.org/10.1680/jgrma.25.00069,2025,Biocomposite materials for a circular economy in manufacturing companies: a review,True,other,none,False,medium,
https://openalex.org/W3000249310,https://doi.org/10.1002/jctb.6357,2020,Evaluation of poly(3‐hydroxybutyrate) solubility in non‐halogenated solvents to achieve an environmentally friendly recovery process from Burkholderia cepacia B27 cells,True,pha,solubility,True,high,
https://openalex.org/W4367182277,https://doi.org/10.3390/foods12091811,2023,Spray-Drying Microencapsulation of Andean Blueberry (Vaccinium meridionale Sw.) Anthocyanins Using Prickly Pear (Opuntia ficus indica L.) Peel Mucilage or Gum Arabic: A Comparative Study,True,other_polysaccharide,none,True,high,
https://openalex.org/W182564568,https://doi.org/10.1016/b978-0-444-63234-0.50021-x,2013,Metabolic pathways analysis in PHAs production by Pseudomonas with 13C-labeling experiments,,,,,low,
https://openalex.org/W4414905737,https://doi.org/10.2139/ssrn.5576410,2025,Exploring Pouteria lucuma seed starch as a novel biopolymer for film production via casting and extrusion,,,,,low,
https://openalex.org/W3016019785,https://doi.org/10.3390/molecules25071688,2020,"Synthesis, Characterization, and Histological Evaluation of Chitosan-Ruta Graveolens Essential Oil Films",True,chitosan,none,True,high,
https://openalex.org/W4244547780,https://doi.org/10.1016/j.reumae.2020.05.008,2021,Colchicine: A potential therapeutic tool against COVID-19. Experience of 5 patients,False,none,none,True,low,
https://openalex.org/W4416588617,https://doi.org/10.24275/rmiq/alim25592,2025,Development and characterization of antimicrobial bilayer biodegradable films from wheat flour and biopolymers for food packaging,True,other_polysaccharide,none,True,low,
https://openalex.org/W2024035342,https://doi.org/10.15446/dyna.v81n185.36844,2014,Polyhydroxyalkanoate production from unexplored sugar substrates,True,pha,none,True,high,
https://openalex.org/W3140793760,https://doi.org/10.3390/pr9040578,2021,Study of the Physical and Mechanical Properties of Thermoplastic Starch/Poly(Lactic Acid) Blends Modified with Acid Agents,True,starch,none,True,high,
https://openalex.org/W7212118894,https://doi.org/10.1213/xaa.0000000000002285,2026,Anesthesia Care in the Presence of Migrated Gluteal Biopolymers: Technical Feasibility Should Not Be Interpreted as Procedural Safety.,,,,,low,
https://openalex.org/W4392779150,https://doi.org/10.34294/j.jsta.25.18.106,2024,An overview of Basic Characterization Techniques for Natural originated Biopolymers: UV-Vis and FTIR spectroscopy - A review,True,starch,none,False,high,
https://openalex.org/W2471202173,https://doi.org/10.1088/1757-899x/138/1/012001,2016,Preparation of potato starch microfibers obtained by electro wet spinning,True,starch,none,True,high,
https://openalex.org/W2943915364,https://doi.org/10.1021/acsanm.9b00339,2019,"Fe3O4@SiO2 Nanoparticles Concurrently Coated with Chitosan and GdOF:Ce3+,Tb3+ Luminophore for Bioimaging: Toxicity Evaluation in the Zebrafish Model",True,chitosan,none,True,high,
https://openalex.org/W4366525580,https://doi.org/10.1016/j.cherd.2023.04.038,2023,Insights from an exergy analysis of a green chemistry chitosan biorefinery,,,,,low,
https://openalex.org/W3205389953,https://doi.org/10.7705/biomedica.6059,2022,Reacción granulomatosa de tipo sarcoideo secundaria a biopolímeros: reporte de caso y revisión de la literatura,False,none,none,True,low,
https://openalex.org/W2994439987,https://doi.org/10.3390/molecules24244433,2019,"Rheological, Thermal, Superficial, and Morphological Properties of Thermoplastic Achira Starch Modified with Lactic Acid and Oleic Acid",True,starch,none,True,high,
https://openalex.org/W2901988681,https://doi.org/10.3390/molecules23123109,2018,Synthesis and Characterization of a Bioartificial Polymeric System with Potential Antibacterial Activity: Chitosan-Polyvinyl Alcohol-Ampicillin,True,chitosan,none,True,high,
https://openalex.org/W3116320727,https://doi.org/10.29047/01225383.258,2020,Heavy Oil and High-Temperature Polymer EOR Applications,True,other_polysaccharide,none,True,high,
https://openalex.org/W4240459839,https://doi.org/10.1088/1742-6596/687/1/012042,2016,"Synthesis of an air-working trilayer artificial muscle using a conductive cassava starch biofilm (manihot esculenta, cranz) and polypyrrole (PPy)",True,starch,none,True,high,
https://openalex.org/W4399561329,https://doi.org/10.1016/j.ijbiomac.2024.133064,2024,Platelet-rich fibrin (PRF) modified nano-hydroxyapatite/chitosan/gelatin/alginate scaffolds increase adhesion and viability of human dental pulp stem cells (DPSC) and osteoblasts derived from DPSC,True,chitosan,none,True,high,
https://openalex.org/W4413466998,https://doi.org/10.22533/at.ed.317572517078,2025,"Development and Evaluation of a Biopolymer from Betina Rejected Potato (Solanum tuberosum L., Betina Variety) Starch",True,starch,none,True,high,
https://openalex.org/W3215434424,https://doi.org/10.20944/preprints202111.0411.v1,2021,Preparation and Physicochemical Properties of Modified Corn Starch – Chitosan Biodegradable Films,True,starch,none,True,high,
https://openalex.org/W4315853181,https://doi.org/10.3390/molecules28020786,2023,"Mucilage from Yellow Pitahaya (Selenicereus megalanthus) Fruit Peel: Extraction, Proximal Analysis, and Molecular Characterization",True,other_polysaccharide,none,True,high,
https://openalex.org/W2765838678,https://doi.org/10.1590/1678-457x.22016,2017,Partial-hydrothermal hydrolysis is an effective way to recover bioactives from turmeric wastes,True,starch,none,True,medium,
https://openalex.org/W4393944443,https://doi.org/10.1016/j.heliyon.2024.e28761,2024,"Physicochemical characterization of the pod husk of Theobroma cacao L. of clones CCN51, FEAR5, and FSV41 and its agroindustrial application",True,pectin,none,True,medium,
https://openalex.org/W2945461026,https://doi.org/10.1109/gmepe-pahce.2019.8717356,2019,Cross-linking Effect in Bovine Gelatin and PCL Scaffolds Prepared by Sequential Electrospinning and Co-electrospinning for Potential Use as Vascular Grafts,True,protein,none,True,high,
https://openalex.org/W4407517090,https://doi.org/10.15446/ing.investig.109002,2025,"Effect of Glycerin and Urea on the Synthesis of Potato and Cassava Starch-Based Biopolymers: Hardness, Micrography, and Thermogravimetric Analyses",True,starch,none,True,high,
https://openalex.org/W4309848129,https://doi.org/10.3390/polym14235077,2022,Active Films Based on Starch and Wheat Gluten (Triticum vulgare) for Shelf-Life Extension of Carrots,True,other_polysaccharide,none,True,high,
https://openalex.org/W3086564110,https://doi.org/10.1016/j.colsurfa.2020.125550,2020,Preparation of surfactant-free emulsions using amaranth starch modified by reactive extrusion,True,starch,none,True,high,
https://openalex.org/W4223520735,https://doi.org/10.3390/fermentation8040180,2022,Enhancement of PHA Production by a Mixed Microbial Culture Using VFA Obtained from the Fermentation of Wastewater from Yeast Industry,True,pha,none,True,high,
https://openalex.org/W2914316208,https://doi.org/10.1016/j.nanoso.2019.01.005,2019,Silver nanoparticles: Synthesis and mathematical-geometric formulation,True,protein,none,True,medium,
https://openalex.org/W2995332083,https://doi.org/10.3390/su12010057,2019,"Physicochemical Analysis and Essential Oils Extraction of the Gorse (Ulex europaeus) and French Broom (Genista monspessulana), Two Highly Invasive Species in the Colombian Andes",True,lignin,none,True,high,
https://openalex.org/W3192760347,https://doi.org/10.1002/app.51501,2021,Optimization of processing conditions and mechanical properties of banana fiber‐reinforced polylactic acid/high‐density polyethylene biocomposites,True,pla,statistical_doe,True,high,
https://openalex.org/W3212576764,https://doi.org/10.3390/polym13223877,2021,Nanocomposites of Chitosan/Graphene Oxide/Titanium Dioxide Nanoparticles/Blackberry Waste Extract as Potential Bone Substitutes,True,chitosan,none,True,high,
https://openalex.org/W3024180771,https://doi.org/10.3390/molecules25102308,2020,Synthesis of Chitosan Beads Incorporating Graphene Oxide/Titanium Dioxide Nanoparticles for In Vivo Studies,True,chitosan,none,True,high,
https://openalex.org/W4399302568,https://doi.org/10.3390/polym16111586,2024,Freeze-Dried β-Glucan and Poly-γ-glutamic Acid: An Efficient Stabilizer to Strengthen Subgrades of Low Compressible Fine-Grained Soils with Varying Curing Periods,True,other_polysaccharide,molecular_modelling,True,high,
https://openalex.org/W2995939371,,2019,Prolonged Periorbicular Edema After Injection of Hyaluronic Acid for Nasojugal Groove Correction.,False,other_polysaccharide,none,True,medium,
https://openalex.org/W4281649684,https://doi.org/10.3390/molecules27113640,2022,Biocompatibility Assessment of Polylactic Acid (PLA) and Nanobioglass (n-BG) Nanocomposites for Biomedical Applications,True,pla,none,True,high,
https://openalex.org/W4417261703,https://doi.org/10.1016/j.lwt.2025.118869,2025,"Corrigendum to “Physicochemical properties and gastrointestinal release of Chilean endemic berry extracts via biopolymer encapsulation” [LWT, 237, 118693]",,,,,low,
https://openalex.org/W2288929520,https://doi.org/10.1021/acs.jpcb.5b11230,2016,Molecular Dynamics of a Water-Absorbent Nanoscale Material Based on Chitosan,True,chitosan,md,False,high,
https://openalex.org/W3172071731,https://doi.org/10.1177/87560879211023882,2021,"Antimicrobial activity and physicochemical characterization of thermoplastic films based on bitter cassava starch, nanocellulose and rosemary essential oil",True,starch,none,True,high,
https://openalex.org/W4403992788,,2024,Spray drying nanoencapsulation of chlorogenic acid using biopolymer nanocarrier systems and its biological impact on colorectal cancer cells,,,,,low,
https://openalex.org/W4310792100,https://doi.org/10.1016/j.indcrop.2022.116015,2022,Nata de fique: A cost-effective alternative for the large-scale production of bacterial nanocellulose,,,,,low,
https://openalex.org/W2968996472,https://doi.org/10.35118/apjmbb.2019.027.3.07,2019,Engineering of Bacillus megaterium for improving PHA production from glycerol,True,pha,none,True,high,
https://openalex.org/W3198504969,https://doi.org/10.15446/dyna.v88n217.91850,2021,Proposal for a circular economy for the recovery of value from fruit waste in packaging manufacturing,True,other_polysaccharide,none,False,low,
https://openalex.org/W2776421373,https://doi.org/10.19053/01217488.v8.n2.2017.4674,2017,Obtention of Cellulose Acetate Nanofibers From Sugar Cane Bagasse,True,cellulose,none,True,high,
https://openalex.org/W3217358991,https://doi.org/10.3390/fluids6110418,2021,Characterization and Modeling of the Viscoelastic Behavior of Hydrocolloid-Based Films Using Classical and Fractional Rheological Models,True,other_polysaccharide,statistical_doe,True,high,
https://openalex.org/W3206297474,https://doi.org/10.1016/j.ijbiomac.2021.10.003,2021,A review of trends in the development of bionanocomposites from lignocellulosic and polyacids biomolecules as packing material making alternative: A bibliometric analysis,True,cellulose,none,False,high,
https://openalex.org/W3212608144,https://doi.org/10.1016/b978-0-12-821842-6.00015-4,2021,Eco-friendly hydrogels,,,,,low,
https://openalex.org/W4212856914,https://doi.org/10.1002/tqem.21854,2022,"Study of morphological, structural, and thermal changes of biodegradable material in simulated natural environmental conditions",True,other,none,True,high,
https://openalex.org/W4293915268,https://doi.org/10.29047/01225383.403,2022,Biodegradation and toxicity of scleroglucan for enhanced oil recovery,True,other_polysaccharide,none,True,high,
https://openalex.org/W3196441543,https://doi.org/10.1038/s41428-021-00539-2,2021,Boosting sericin extraction through alternative silk sources,,,,,low,
https://openalex.org/W4393158213,https://doi.org/10.20944/preprints202403.1448.v1,2024,Production of Poly(3-Hydroxybutyrate-Co-3-Hydroxyvalerate) by Bacillus megaterium LVN01 Using Biogas Digestate,True,pha,none,True,high,
https://openalex.org/W1997918235,https://doi.org/10.15381/rpb.v16i1.185,2011,Polihidroxialcanoatos en actinomicetos nativos de suelos colombianos,True,pha,none,True,high,
https://openalex.org/W3133397429,https://doi.org/10.22430/22565337.1724,2021,Bioethanol Production from Yam (Dioscorea Rotundata) Using Simultaneous Saccharification and Fermentation (SSF),True,starch,none,True,high,
https://openalex.org/W4414391912,https://doi.org/10.3390/coatings15091110,2025,"Recent Trends in Gelatin Electrospun Nanofibers: Advances in Fabrication, Functionalization, and Applications",True,protein,none,False,high,
https://openalex.org/W3034037587,https://doi.org/10.1002/jctb.6500,2020,Real‐time optimization and control for polyhydroxybutyrate fed‐batch production at pilot plant scale,True,pha,statistical_doe,True,high,
https://openalex.org/W4412785367,https://doi.org/10.3390/polym17141954,2025,Application of Gelatin for Sustainable Stabilization of Low-Compressible Silt–Clay Mixtures: Geotechnical Behavior and Carbon Emission Considerations,True,protein,none,True,high,
https://openalex.org/W3208293340,https://doi.org/10.3390/polym13213707,2021,Bioactive Poly(lactic acid)–Cocoa Bean Shell Composites for Biomaterial Formulation: Preparation and Preliminary In Vitro Characterization,True,pla,none,True,high,
https://openalex.org/W570299790,,2014,Obtencion y caracterizacion de un pol´õmero biodegradable a partir del almidon de yuca,True,starch,none,True,high,
https://openalex.org/W1590190158,,2008,Los biopolímeros como materiales para el desarrollo de productos en aplicaciones farmacéuticas y de uso biomédico,True,other,none,False,medium,
https://openalex.org/W4411393906,https://doi.org/10.1016/j.matchemphys.2025.131163,2025,Non-conventional characterization of the elastic properties of starch films reinforced with micro- and nano-silica particles,True,starch,none,True,high,
https://openalex.org/W2171628053,,2015,ESTUDIO ELECTROQUÍMICO DE UN BIOPOLÍMERO COMPUESTO PPy/ALMIDÓN DE CASSAVA ( ELECTROCHEMICAL STUDY OF COMPOSITE BIOPOLYMER PPy/CASSAVA STARCH ),True,starch,none,True,high,
https://openalex.org/W3010332811,https://doi.org/10.3390/molecules25051203,2020,Nanocomposite Films of Chitosan-Grafted Carbon Nano-Onions for Biomedical Applications,True,chitosan,none,True,high,
https://openalex.org/W3016719226,https://doi.org/10.3390/app10082684,2020,Assessment of Chitosan-Rue (Ruta graveolens L.) Essential Oil-Based Coatings on Refrigerated Cape Gooseberry (Physalis peruviana L.) Quality,True,chitosan,none,True,high,
https://openalex.org/W4317513949,https://doi.org/10.1016/j.jfoodeng.2023.111416,2023,Encapsulation of Euterpe oleracea pulp by vacuum drying: Powder characterization and antioxidant stability,,,,,low,
https://openalex.org/W4407363934,https://doi.org/10.1080/10408347.2025.2463442,2025,The Importance and Use of Polydopamine in Molecularly Imprinted Polymer-Based Electrochemical Sensor Design,True,other,none,False,medium,
https://openalex.org/W2790461312,https://doi.org/10.1002/pssb.201700626,2018,Nanoporous Silicon Composite as Potential System for Sustained Delivery of Florfenicol Drug,True,chitosan,none,True,high,
https://openalex.org/W3138008257,https://doi.org/10.7705/biomedica.5707,2021,"Efectos adversos de las sustancias modelantes en Cali, Colombia",,,,,low,
https://openalex.org/W4287844728,https://doi.org/10.1016/j.arabjc.2022.104146,2022,"Chemical, technological, and rheological properties of hydrocolloids from sesame (Sesamum indicum) with potential food applications",True,other_polysaccharide,none,True,high,
https://openalex.org/W4412714399,https://doi.org/10.1016/j.bcab.2025.103707,2025,Cellulose-producing acetic acid bacteria from corozo fruit (Bactris guineensis): isolation and characterization,,,,,low,
https://openalex.org/W3153471979,https://doi.org/10.1080/19397038.2021.1913531,2021,Banana fibre-biocomposite applied to bottle lid case - life-cycle engineering model for material selection,True,pla,none,False,medium,
https://openalex.org/W2000819914,https://doi.org/10.1007/s13213-010-0111-7,2010,The lack of a nitrogen source and/or the C/N ratio affects the molecular weight of alginate and its productivity in submerged cultures of Azotobacter vinelandii,True,alginate,none,True,high,
https://openalex.org/W3110018071,https://doi.org/10.1177/0021998320976800,2020,Luffa fibers as promising reinforcement for polymer composites: Mechanical characterization of NaOH treated and untreated dumbbell test-pieces with Weibull statistics,True,cellulose,none,True,high,
https://openalex.org/W7212076004,https://doi.org/10.2139/ssrn.7427451,2026,From Aesthetic Procedures to Autoimmune Manifestations: First Comprehensive Characterization and Exploratory Clinical Phenotypic of Patients with Biopolymer Exposure from a Colombian Referral Center,,,,,low,
https://openalex.org/W2902624700,https://doi.org/10.1155/2018/2874391,2018,"Design of an Emulgel-Type Cosmetic with Antioxidant Activity Using Active Essential Oil Microcapsules of Thyme ( Thymus vulgaris L.), Cinnamon ( Cinnamomum verum J.), and Clove ( Eugenia caryophyllata T.)",True,starch,none,True,high,
https://openalex.org/W4390583308,https://doi.org/10.7324/jabb.2024.159864,2024,A bibliometric landscape of polyhydroxyalkanoates production from low-cost substrates by Cupriavidus necator and its perspectives for the Latin American bioeconomy,True,pha,none,False,high,
https://openalex.org/W4401584746,https://doi.org/10.3390/molecules29163850,2024,Lyophilized Polyvinyl Alcohol and Chitosan Scaffolds Pre-Loaded with Silicon Dioxide Nanoparticles for Tissue Regeneration,True,chitosan,none,True,high,
https://openalex.org/W4400736168,https://doi.org/10.1016/j.aac.2024.07.003,2024,Ethylene and jasmonate as stimulants of latex yield in rubber trees (Hevea brasiliensis): Molecular and physiological mechanisms. A systematic approximation review,True,other,none,False,medium,
https://openalex.org/W2181604988,,2011,Estudio de la biodegradación hidrolítica de recubrimientos de biopolímeros/cerámico mediante EQCM Study of Hydrolytic Biodegradation of Biopolymers/Ceramic Coatings by EQCM,True,pla,none,True,high,
https://openalex.org/W2977882824,https://doi.org/10.1007/s11483-019-09608-9,2019,"Hydrolysed Gelatin-Derived, Solvent-Free, Electrospun Nanofibres for Edible Applications: Physical, Chemical and Thermal Behaviour",True,protein,none,True,high,
https://openalex.org/W2767003495,https://doi.org/10.1016/j.jbiotec.2017.10.019,2017,New dextransucrase purification process of the enzyme produced by Leuconostoc mesenteroides IBUN 91.2.98 based on binding product and dextranase hydrolysis,True,other_polysaccharide,none,True,high,
https://openalex.org/W4410956501,https://doi.org/10.3390/su17115083,2025,The Potential for Bioeconomy and Biotechnology Transfer and Collaboration Between Colombia and China,False,none,none,False,high,
https://openalex.org/W4407186737,https://doi.org/10.1016/j.polymdegradstab.2025.111248,2025,Crosslinking optimization of sericin-based hydrogel membranes: A statistical approach to achieving stability and flexibility,,,,,low,
https://openalex.org/W4386934532,https://doi.org/10.3389/fbioe.2023.1257778,2023,Polyester urethane urea (PEUU) functionalization for enhanced anti-thrombotic performance: advancing regenerative cardiovascular devices through innovative surface modifications,True,other,none,True,high,
https://openalex.org/W4405741025,https://doi.org/10.1016/j.bcab.2024.103484,2024,Production of bacterial cellulose from banana waste (Musa paradisiaca): A sustainable material for making cardboard paper,True,cellulose,none,True,high,
https://openalex.org/W4309604664,https://doi.org/10.3390/membranes12111154,2022,Electrochemical and Electroconductive Behavior of Silk Fibroin Electrospun Membrane Coated with Gold or Silver Nanoparticles,True,protein,none,True,high,
https://openalex.org/W2296734321,https://doi.org/10.1016/j.indcrop.2015.12.070,2016,Influence of the maturation time on the physico-chemical properties of nanocellulose and associated constituents isolated from pseudostems of banana plant c.v. Valery,True,cellulose,none,True,high,
https://openalex.org/W2110453294,https://doi.org/10.5897/ajpp2013.3931,2014,Effect of the alkaline treatment conditions on the tableting performance of chitin obtained from shrimp heads,True,other_polysaccharide,none,True,high,
https://openalex.org/W4394692010,https://doi.org/10.1002/app.55562,2024,Evaluation of the effect of the incorporation of poly(lactic acid) and maleic anhydride in the thermoshrinkage of films from thermoplastic starch,True,starch,none,True,high,
https://openalex.org/W4399660036,https://doi.org/10.1016/j.ibiod.2024.105831,2024,Aerobic biodegradation of poly(lactic acid) (PLA) in thermoplastic starch (TPS) blends in soil induced by gelatin,,,,,low,
https://openalex.org/W2912528326,https://doi.org/10.15446/dyna.v85n207.72347,2018,Quantification of lead using atomic absorption spectrometry in thermoformed and biodegradable flexible films made from cassava (Manihot esculenta crantz),True,starch,none,True,high,
https://openalex.org/W2770492004,https://doi.org/10.1007/978-3-319-66736-2_2,2017,"Saccharide Biomass for Biofuels, Biomaterials, and Chemicals",,,,,low,
https://openalex.org/W2803809918,https://doi.org/10.1016/j.recot.2018.03.004,2018,Manejo endoscópico del atrapamiento del nervio ciático en el síndrome de glúteo profundo: resultados clínicos,False,none,none,True,high,
https://openalex.org/W4410278226,https://doi.org/10.1016/j.biortech.2025.132664,2025,Low-structured kinetic model of poly(3-hydroxybutyrate-co-3-hydroxyhexanoate) production from waste animal fats via fed-batch cultivations,True,pha,statistical_doe,True,high,
https://openalex.org/W4388569567,https://doi.org/10.1002/app.54870,2023,Air filtration performance of nanofiber membranes with different morphologies produced by green electrospinning,True,other,none,True,high,
https://openalex.org/W4413276337,https://doi.org/10.1016/j.marpolbul.2025.118603,2025,"Widespread microplastic ingestion in Colombian Caribbean marine fish: Trophic influence, spatial-temporal trends, and polymer composition",False,none,none,True,high,
https://openalex.org/W1698622863,https://doi.org/10.29047/01225383.213,2012,Lactic acid production by Lactobacillus sp. from biodiesel derived raw glycerol,False,none,none,True,high,
https://openalex.org/W4412456041,https://doi.org/10.1016/j.ijbiomac.2025.145963,2025,Extraction and characterization of chitosan obtained from shells of crab (Callinectes bocourti and Callinectes sapidus),True,chitosan,none,True,high,
https://openalex.org/W2883052361,https://doi.org/10.1007/s11172-018-2114-7,2018,Quantum dots in proteomic studies and medical diagnostics,,,,,low,
https://openalex.org/W4396926174,https://doi.org/10.15376/biores.19.3.cruz,2024,Exploring the potential of cashew nutshells: A critical review of alternative applications,True,other,none,False,medium,
https://openalex.org/W4388799446,https://doi.org/10.30919/es1024,2023,"Fire-resistant plants: A review of Plant Morphology, Tissues, Habits, Ecological Adaptations, and Other Factors Contributing to Bioderived Environmental Solutions and Technologies",True,other,none,False,medium,
https://openalex.org/W7127080802,https://doi.org/10.3390/biomass6010010,2026,Utilization of Oil Palm Residual Biomass Within the Framework of Industrial Symbiosis: A Systematic Review of the Economic Sectors Involved in Its Valorization,True,other,none,False,medium,
https://openalex.org/W2805111668,https://doi.org/10.19053/01211129.v27.n48.2018.8072,2018,"Degradation, water uptake, injectability and mechanical strength of injectable bone substitutes composed of silk fibroin and hydroxyapatite nanorods",True,protein,none,True,high,
https://openalex.org/W4296095927,https://doi.org/10.3390/polym14183849,2022,Histological Evaluation of Cassava Starch/Chicken Gelatin Membranes,True,starch,none,True,high,
https://openalex.org/W4401433931,https://doi.org/10.1016/j.ijbiomac.2024.134595,2024,Thermal and structural changes of a starch flexible film and cellulosic semi-rigid tray during the biodegradation process under controlled composting conditions,True,starch,none,True,high,
https://openalex.org/W2762324295,https://doi.org/10.1248/cpb.c17-00624,2017,Chitosan-Acrylic Polymeric Nanoparticles with Dynamic Covalent Bonds. Synthesis and Stimuli Behavior,True,chitosan,none,True,high,
https://openalex.org/W2125925780,,2012,Identification of polyhydroxyalkanoate-producing bacteria in soils contaminated with fique wastes,True,pha,none,True,high,
https://openalex.org/W230190115,,2008,Los biopolímeros como materiales para el desarrollo de productos en aplicaciones farmacéuticas y de uso biomédico Biopolymers as materials for developing products in pharmaceutical applications and biomedical uses,True,other,none,False,medium,
https://openalex.org/W2898639697,https://doi.org/10.1080/15440478.2018.1534189,2018,"Comparative Study of Starch Fibers Obtained by Electro-spinning of Indigenous, Commercial and Cationic Potato Starch",True,starch,none,True,high,
https://openalex.org/W4408978866,https://doi.org/10.1007/978-981-96-2786-8_9,2025,Smart Recycling and Sustainable Lignocellulosic Waste Management,,,,,low,
https://openalex.org/W4411365298,https://doi.org/10.1557/s43577-025-00932-9,2025,Self-assembled green composites of silk fibroin and microfibrillated cellulose,True,protein,none,True,high,
https://openalex.org/W2024695439,https://doi.org/10.1109/pahce.2013.6568222,2013,"Formulation, preparation and characterization of a bone adhesive",True,chitosan,none,True,high,
https://openalex.org/W4412379878,https://doi.org/10.3389/fsufs.2025.1569522,2025,"Exploring biochemical, extraction, and catalytic processes for sustainable sesame crop valorization in biorefinery applications",False,none,none,False,low,
https://openalex.org/W4411962100,https://doi.org/10.3390/pr13072098,2025,Cacao in the Circular Economy: A Review on Innovations from Its By-Products,True,cellulose,none,False,medium,
https://openalex.org/W2541476276,https://doi.org/10.1007/978-3-319-41414-0_9,2016,Chemical Analysis and Characterization of Biomass for Biorefineries,True,other_polysaccharide,none,True,medium,
https://openalex.org/W3216144302,https://doi.org/10.3390/antiox10121904,2021,Photoprotection and Photostability of a New Lignin-Gelatin-Baccharis antioquensis-Based Hybrid Biomaterial,True,lignin,none,True,high,
https://openalex.org/W7116418315,https://doi.org/10.1016/j.reactfunctpolym.2025.106616,2025,Composites based on porphyran as an adsorbent for environmentally friendly water treatment,,,,,low,
https://openalex.org/W3163741675,https://doi.org/10.1177/08927057211013859,2021,Determination of zinc in cassava based polymeric materials,True,starch,none,True,high,
https://openalex.org/W4412979661,https://doi.org/10.1016/j.ejar.2025.07.002,2025,Carbon sources for the biofloc system: a bibliometric analysis,False,none,none,False,high,
https://openalex.org/W4399355448,https://doi.org/10.3389/fbioe.2024.1410863,2024,Redefining vascular repair: revealing cellular responses on PEUU—gelatin electrospun vascular grafts for endothelialization and immune responses on in vitro models,True,protein,none,True,high,
https://openalex.org/W2978416222,https://doi.org/10.1016/j.jtbi.2019.110039,2019,LEGO-based generalized set of two linear algebraic 3D bio-macro-molecular descriptors: Theory and validation by QSARs,False,protein,qsar,False,high,
https://openalex.org/W3208050928,https://doi.org/10.1007/s12649-021-01605-9,2021,Optimization of Nutritional and Operational Conditions for Producing PHA by the Halophilic Bacterium Halomonas boliviensis from Oil Palm Empty Fruit Bunch and Gluten Hydrolysates,,,,,low,
https://openalex.org/W2263598247,https://doi.org/10.1007/978-3-319-20206-8_19,2015,Improved Polymer Functionality by Cross-linking with Glutaraldehyde to Achieve Controlled Drug Release,,,,,low,
https://openalex.org/W3212567680,https://doi.org/10.1016/b978-0-12-821842-6.00020-8,2021,Functional and eco-friendly polymers in pharmaceutical applications,,,,,low,
https://openalex.org/W2544971945,https://doi.org/10.1088/1742-6596/687/1/012049,2016,Synthesis of (azelaic-co-dodecanedioic) polyanhydride by microwave technique,True,other,none,True,high,
https://openalex.org/W4392966318,https://doi.org/10.2174/0113895575275799240306105615,2024,Use of Chitosan as a Precursor for Multiple Applications in Medicinal Chemistry: Recent Significant Contributions,True,chitosan,none,False,high,
https://openalex.org/W4403893590,https://doi.org/10.3390/su16219414,2024,Comprehensive Utilization of Avocado in Biorefinery: A Bibliometric and Co-Occurrence Approach 2003–2023,False,none,none,False,medium,
https://openalex.org/W4200160000,https://doi.org/10.1109/ci-ibbi54220.2021.9626124,2021,Potential Bone Fillers Based on Composites of Cocoa Bean Shells and Poly(Lactic Acid): Compression Molding Manufacturing,True,pla,none,True,high,
https://openalex.org/W4408164845,https://doi.org/10.1007/978-3-031-81988-9_7,2025,Applications of Chitosan,,,,,low,
https://openalex.org/W4412943732,https://doi.org/10.3390/sci7030108,2025,Light-Driven Optimization of Exopolysaccharide and Indole-3-Acetic Acid Production in Thermotolerant Cyanobacteria,True,other_polysaccharide,statistical_doe,True,medium,
https://openalex.org/W4378212283,https://doi.org/10.2174/9789815136920123030007,2023,Stimuli-responsive Biomaterials with Pharmacological Applications,True,other,none,False,medium,
https://openalex.org/W4210988947,https://doi.org/10.1007/978-981-16-5403-9_5,2022,Recent Trends to Address Plastic Waste at the Global Level,,,,,low,
https://openalex.org/W4409771614,https://doi.org/10.3390/polym17091157,2025,Poly(3-hydroxybutyrate)/Clay/Essential Oils Bionanocomposites Incorporating Biochar: Thermo-Mechanical and Antioxidant Properties,True,pha,none,True,high,
https://openalex.org/W4226369543,https://doi.org/10.1016/b978-0-323-85155-8.00003-0,2022,Polymer-metal oxide composite as sensors,,,,,low,
https://openalex.org/W2518545815,https://doi.org/10.4028/www.scientific.net/kem.704.343,2016,Electrophoretic Deposition of PEEK/45S5 Bioactive Glass Coating on Porous Titanium Substrate: Influence of Processing Conditions and Porosity Parameters,True,other,none,True,high,
https://openalex.org/W4362723426,https://doi.org/10.1016/j.matpr.2023.03.673,2023,Evaluation and characterization of autonomous self-healing cementitious materials with low carbon footprint using hybrid organic/inorganic microcapsules,True,other_polysaccharide,none,True,medium,
https://openalex.org/W7119479234,https://doi.org/10.3390/jfb17010034,2026,Osteogenic and Biocompatibility Potential of Polylactic Acid-Based Materials: A Systematic Review of Human Primary Cells Studies,True,pla,none,True,high,
https://openalex.org/W2982222649,https://doi.org/10.1002/jcc.26089,2019,Smoothed Spherical Truncation based on Fuzzy Membership Functions: Application to the Molecular Encoding,False,none,qsar,False,medium,
https://openalex.org/W2324774317,https://doi.org/10.12974/2309-6136.2014.02.01.3,2014,A Review in Innovation in Ocular Prostheses and Visual Implants: New Biomaterials and Neuro-Implants is the Challenge for the Visual Care,True,other_polysaccharide,none,False,medium,
https://openalex.org/W4214663690,https://doi.org/10.1007/978-3-030-42215-8_61,2022,3D Printing of Microbial Polysaccharides,,,,,low,
https://openalex.org/W4400871428,https://doi.org/10.1016/j.bej.2024.109438,2024,Multi-stage process for mixed microbial culture production of polyhydroxyalkanoates from sugarcane stillage: Assessment of external nutrient supplementation,,,,,low,
https://openalex.org/W3212289085,https://doi.org/10.1016/b978-0-12-821842-6.00007-5,2021,Functional and eco-friendly polymers in medical and biomedical applications,,,,,low,
https://openalex.org/W4387053757,https://doi.org/10.34190/ecie.18.2.1631,2023,Nextcoa: How and Entrepreneurial University can Transform the Cocoa Industry Towards Circularity,True,other_polysaccharide,none,False,medium,
https://openalex.org/W2604547693,https://doi.org/10.1007/978-981-10-4086-3_91,2017,Physical and Chemical Emulation of a Cornea,,,,,low,
https://openalex.org/W4389210036,https://doi.org/10.1016/j.heliyon.2023.e23108,2023,Antibacterial fibers impregnated with mycosynthetized AgNPs for control of Pectobacterium carotovorum,True,cellulose,none,True,high,
https://openalex.org/W4417505320,https://doi.org/10.1016/j.reactfunctpolym.2025.106618,2025,"Extraction, functionalization, and modification of laminarin for wastewater treatment: recent advances, future trends, and innovations",,,,,low,
https://openalex.org/W3000690916,https://doi.org/10.1051/matecconf/202030603005,2020,Design of Dynamic Controllers for Continuous Paths on Parallel Platforms (Slide Modes and PD+),False,none,none,False,low,
https://openalex.org/W4414082896,https://doi.org/10.1016/j.jddst.2025.107496,2025,Electrospun bioactive fibers of PCL/Starch loaded with bioglass nanoparticles with potential application in bone tissue engineering: An in vitro and in vivo study,True,starch,none,True,high,
https://openalex.org/W4401705891,https://doi.org/10.35812/cellulosechemtechnol.2024.58.42,2024,OPTIMIZATION OF THE EXTRACTION AND PREPARATION OF CELLULOSE MICROFIBERS FROM RICE HUSK USING A FULL FACTORIAL EXPERIMENT,True,cellulose,none,True,high,
https://openalex.org/W4320338936,https://doi.org/10.17533/udea.vitae.11167,2012,Producción de ácido láctico via fermentativa a partir de hidrolizado de harina de yuca,False,pla,none,True,medium,
https://openalex.org/W2251206891,,2014,Determining the Relation between the Proportion of the Amino Group and the Degree of Deacetylation of Chitosan,True,chitosan,none,True,high,
https://openalex.org/W3165212632,https://doi.org/10.5554/22562087.e977,2021,"Migration of liquid silicone, an emerging contraindication of neuraxial anesthesia",False,none,none,False,high,
https://openalex.org/W3043191334,https://doi.org/10.1088/1742-6596/1541/1/012004,2020,Antimicrobial Surfaces of Metal Halides Immobilized on Polymeric Materials,True,chitosan,none,True,high,
https://openalex.org/W4309402742,https://doi.org/10.11144/javeriana.sc273.pacof,2022,Preparation and characterization of fibroin nanoparticles obtained from Bombyx mori L. Pilamo 1 cocoons,True,protein,none,True,high,
https://openalex.org/W2884897262,https://doi.org/10.1007/978-3-319-76573-0_58-1,2018,Techno-Economic Analysis of Chitosan-Based Hydrogels Production,,,,,low,
https://openalex.org/W1652706467,https://doi.org/10.22579/20112629.208,2009,Aproximaciones a la comprensión de la degradación de la lignina,True,lignin,none,False,high,
https://openalex.org/W4253996140,https://doi.org/10.1007/978-3-319-77830-3_58,2019,Techno–Economic Analysis of Chitosan-Based Hydrogels Production,,,,,low,
https://openalex.org/W4310776035,https://doi.org/10.1007/s00284-022-03076-0,2022,Trichoderma koningiopsis Survival on Coated Seeds and Effect on Plant Growth Promotion in Rice (Oryza sativa),True,other_polysaccharide,none,True,medium,
https://openalex.org/W4234777934,https://doi.org/10.1504/ijewm.2021.115379,2021,The lignocellulolytic effect from newly wild white rot fungi isolated from Colombia,True,lignin,none,True,high,
https://openalex.org/W3010598600,https://doi.org/10.1007/978-3-030-39137-9_9,2020,Compatible Technologies to Anaerobic Digestion for the Integral Valorization of Organic Waste,,,,,low,
https://openalex.org/W4413059947,https://doi.org/10.3390/jcs9070376,2025,Cellulose Acetate–PHB Biocomposite from Saccharum officinarum for Ni (II) Adsorption: Equilibrium and Kinetics,True,other_polysaccharide,none,True,high,
https://openalex.org/W4412421211,https://doi.org/10.3390/eng6070160,2025,Development and Characterization of Composite Films of Potato Starch and Carboxymethylcellulose/Poly(ethylene oxide) Nanofibers,True,starch,none,True,high,
https://openalex.org/W4309147576,https://doi.org/10.21203/rs.3.rs-2264585/v1,2022,Hydrogel capsules as new delivery system for Trichoderma koningiopsis Th003 to control Rhizoctonia solani in rice (Oryza sativa),True,pectin,none,True,high,
https://openalex.org/W4416952787,https://doi.org/10.1007/s00289-025-06118-2,2025,Recent developments and prospects for the use of carboxymethyl cellulose-based nanocomposites in wastewater dye removal,,,,,low,
https://openalex.org/W7118573390,https://doi.org/10.3390/polym18020169,2026,Natural Deep Eutectic Solvents for PHB Recovery: Mechanistic Insights and Implications for Sustainable Downstream Processing,True,pha,none,False,high,
https://openalex.org/W4380488407,https://doi.org/10.1061/9780784484913.013,2023,Rheological Properties’ Characterization of Self-Healing Asphalt Mortars,True,other,none,True,medium,
https://openalex.org/W4407869525,https://doi.org/10.1101/2025.02.18.638769,2025,Fabrication & Characterization of Hyaluronic Acid/Eucalyptus Hydrogels Loaded with PLGA Nanoparticles with Methotrexate as an Injectable Therapy for Rheumatoid Arthritis,True,pla,none,True,high,
https://openalex.org/W7115699121,https://doi.org/10.1016/j.reactfunctpolym.2025.106612,2025,"Sustainable casein-derived materials for water purification: opportunities, challenges, progress, and perspectives",,,,,low,
https://openalex.org/W4388019896,https://doi.org/10.3390/polym15214263,2023,Antioxidant Edible Films Based on Pear Juice and Pregelatinized Cassava Starch: Effect of the Carbohydrate Profile at Different Degrees of Pear Ripeness,True,starch,none,True,high,
https://openalex.org/W4410379185,https://doi.org/10.1002/aocs.12957,2025,Impact of Protein Concentration and Salt Addition on the Rheological Behavior and Stability of Reduced‐Fat Dressing‐Like Emulsions Prepared With Tofu Whey,True,protein,none,True,high,
https://openalex.org/W2945127663,https://doi.org/10.1177/0892705719850612,2019,Atomic absorption spectrometry for the quantification of cadmium in thermoformed and biodegradable flexible films made from cassava ( Manihot esculenta crantz ),True,starch,none,True,high,
https://openalex.org/W4412990039,https://doi.org/10.3390/jcs9080419,2025,Optimization of the Viability of Microencapsulated Lactobacillus reuteri in Gellan Gum-Based Composites Using a Box–Behnken Design,True,other_polysaccharide,statistical_doe,True,high,
https://openalex.org/W4367310319,https://doi.org/10.3390/foods12091841,2023,Isoflavone Content and Nutritional-Related Properties of Debittered Seeds from Two Andean Lupin (Lupinus mutabilis Sweet) Ecotypes Propagated in Two Soils,False,none,none,True,high,
https://openalex.org/W1599983393,,2007,PLGA Microspheres: A controlled release system of molecules with immunogenic activity,True,pla,none,False,medium,
https://openalex.org/W2889012389,https://doi.org/10.1016/j.recote.2018.07.003,2018,Endoscopic treatment of sciatic nerve entrapment in deep gluteal syndrome: Clinical results,False,none,none,True,high,
https://openalex.org/W4412583408,https://doi.org/10.1007/s12649-025-03040-6,2025,Application of Magnetized Cacti Biomass as Flocculants in Water Treatment,True,other_polysaccharide,none,True,high,
https://openalex.org/W3216017691,https://doi.org/10.1002/9783527827718.ch3,2021,"Nanostructures Based on Starch, Their Preparation, Processing, and Application in Packaging",True,starch,none,False,high,
https://openalex.org/W4406333284,https://doi.org/10.3390/molecules30020276,2025,Histology Assessment of Chitosan–Polyvinyl Alcohol Scaffolds Incorporated with CaO Nanoparticles,True,chitosan,none,True,high,
https://openalex.org/W4411823525,https://doi.org/10.3390/polym17131823,2025,Optimization of the Green Conventional Extraction Method of Sericin from Silkworm,True,protein,statistical_doe,True,high,
https://openalex.org/W4385201695,https://doi.org/10.3390/pr11072208,2023,Mass-Integration and Environmental Evaluation of Chitosan Microbeads Production Modified with of Thiourea and Magnetite Nanoparticles,True,chitosan,none,False,high,
https://openalex.org/W3211521552,https://doi.org/10.1016/b978-0-12-821842-6.00019-1,2021,Eco-friendly composites and nanocomposites,,,,,low,
https://openalex.org/W4415979744,https://doi.org/10.1016/j.jddst.2025.107744,2025,Biological effects of chlorogenic acid nanoformulations on colorectal cancer cells,True,other_polysaccharide,none,True,high,
https://openalex.org/W7128510049,https://doi.org/10.3390/w18040462,2026,A Circular Economy Approach to Landfill Leachate Biotransformation: Application of Microalgae and Cyanobacteria for Environmental Sustainability and Value-Added Products,True,pha,none,True,high,
https://openalex.org/W4416283255,https://doi.org/10.3390/cosmetics12060261,2025,Optimized Extraction of Passiflora ligularis Pectins: Characterization and Application in Moisturizing Cosmetic Products,True,pectin,none,True,high,
https://openalex.org/W4408030565,https://doi.org/10.1016/b978-0-323-90747-7.00036-3,2025,Silver-Based Antibacterial and Virucide Polyesters: Usage and Potential in Antimicrobial Packaging,,,,,low,
https://openalex.org/W4412976795,https://doi.org/10.1007/s10570-025-06642-4,2025,Biocomposite film formulated with cellulose extracted from cocoa pod husk,True,cellulose,none,True,high,
https://openalex.org/W3206152438,https://doi.org/10.15517/am.v33i1.44288,2021,Quitosano aplicado en el tratamiento del agua residual de la producción de aceite de palma,True,chitosan,none,True,high,
https://openalex.org/W4385237797,https://doi.org/10.21203/rs.3.rs-3186311/v1,2023,TEMPO Oxidation for High Cellulose Content Biomass: A Study on Palm Oil Empty Fruit Bunch Fibers,True,cellulose,none,True,high,
https://openalex.org/W4415427526,https://doi.org/10.1016/j.carres.2025.109711,2025,Synthesis of pullulan derivatives: Postharvest application in fruit preservation,True,other_polysaccharide,none,True,high,
https://openalex.org/W4388104358,https://doi.org/10.3390/materproc2022011005,2023,"Influence of Electrospinning Parameters on the Physicochemical Properties of Polycaprolactone, Chitosan, and Sericin Membranes",True,chitosan,none,True,high,
https://openalex.org/W7130510093,https://doi.org/10.3390/w18040508,2026,Invisible Footprints: Exploring Microplastic Pollution in the Colombian Caribbean Sea,False,none,ml,True,high,
https://openalex.org/W4392744718,https://doi.org/10.34294/j.jsta.25.19.112,2024,Yam starch: approach towards agroindustryin the production of biomaterials,True,starch,none,False,medium,
https://openalex.org/W7128427711,https://doi.org/10.1111/jfpe.70381,2026,Reinforcement Materials and Processing of Starch‐Based Composites for Rigid and Semi‐Rigid Food Packaging,True,starch,none,False,high,
https://openalex.org/W4410640082,https://doi.org/10.3390/app15115895,2025,Experimental Stabilization of Clay Soils in Cartagena de Indias Colombia: Influence of Porosity/Binder Index,True,other_polysaccharide,none,True,high,
https://openalex.org/W4230499328,https://doi.org/10.1007/978-3-030-38013-7_2,2020,"Thinking Textile Materials from Their Nature: Ethical Materials for Fashion Design with Technological, Social, and Aesthetic Sense",,,,,low,
https://openalex.org/W4394876827,https://doi.org/10.3390/scipharm92020021,2024,"Design, Synthesis and Antimicrobial Potential of Conjugated Metallopeptides Targeting DNA",False,nucleic_acid,md,True,medium,
https://openalex.org/W4392517791,https://doi.org/10.3390/pr12030524,2024,"Barrier, Mechanical, Thermal, and Rheological Properties of Plasticized Biopolymeric Films Manufactured by Co-Extrusion",True,other_polysaccharide,none,True,high,
https://openalex.org/W4407402274,https://doi.org/10.2139/ssrn.5135272,2025,Non-Conventional Characterization of the Elastic Properties of Starch Films Reinforced with Micro- and Nano-Silica Particles,,,,,low,
https://openalex.org/W4387304364,https://doi.org/10.3390/su151914443,2023,Assessing Exergy Efficiency in Computer-Aided Modeled Large-Scale Production of Chitosan Microbeads Modified with Thiourea and Magnetite Nanoparticles,True,chitosan,none,False,high,
https://openalex.org/W4415812161,https://doi.org/10.1016/j.ijbiomac.2025.148732,2025,Effect of purification methods on the physicochemical and biological properties of Nata de fique: A sustainable material for biomedical applications,True,cellulose,none,True,high,
https://openalex.org/W2796112399,https://doi.org/10.11144/javeriana.sc23-1.pbbo,2018,Polyhydroxyalkanoate biosynthesis by oxalotrophic bacteria from high Andean soil,True,pha,none,True,high,
https://openalex.org/W3022064415,https://doi.org/10.1007/978-981-15-1812-6_10,2020,Conventional and Nonconventional Biodegradation Technologies for Agro-Industrial Liquid Waste Management,,,,,low,
https://openalex.org/W3005774511,https://doi.org/10.25061/2595-3931/ijamb/2019.v2i1.31,2019,Intelligent copolymers based on poly (N-isopropilacrylamide). Part ii: Grafts polysaccharide to obtain new biomaterials for biomedical and pharmacological applications,True,other_polysaccharide,none,True,high,
https://openalex.org/W4402770751,https://doi.org/10.1007/s40858-024-00676-y,2024,Identification of the causal agent of Guar leaf blight and development of a semi-automated method to quantify disease severity,,,,,low,
https://openalex.org/W1746482928,https://doi.org/10.24050/reia.v6i12.221,2013,DEGRADABILIDAD DE UN POLÍMERO DE ALMIDÓN DE YUCA (DEGRADABILITY OF A TAPIOCA STARCH POLYMER),True,starch,none,True,high,
https://openalex.org/W4388178478,https://doi.org/10.24425/opelre.2023.148221,2023,Advances in hybridised and inorganic composite metal halide perovskites: A review,True,other,none,False,medium,
https://openalex.org/W7136909638,https://doi.org/10.15446/rcciquifa.v54n2.121162,2025,Bacterial immobilization matrices: a scientometric review,True,alginate,none,False,medium,
https://openalex.org/W4414951205,https://doi.org/10.20944/preprints202509.2501.v1,2025,Optimized Extraction of Passiflora ligularis Pectins: Characterization and Application in Moisturizing Cosmetic Products,True,pectin,none,True,high,
https://openalex.org/W2319696652,https://doi.org/10.12974/2309-6136.2013.01.01.6,2013,Are nanotechnology and robotics alternatives for therapeutic and theragnostic ophthalmic applications technologies for eye care services,False,none,none,False,low,
https://openalex.org/W4388999199,https://doi.org/10.1080/25740881.2023.2285828,2023,Effect of ultraviolet-irradiation on the physicochemical and disintegrability properties of nanocomposite tunta starch:tara gum films reinforced with starch nanocrystals,True,starch,none,True,high,
https://openalex.org/W4414019208,https://doi.org/10.4025/actascibiolsci.v47i1.71881,2025,Environmental distribution of polyhydroxyalkanoate (PHA) production in the domain Archaea,True,pha,informatics,False,medium,
https://openalex.org/W7161042390,https://doi.org/10.3390/polym18101191,2026,Mechanical and Microstructural Comparison of Improved Sand with Guar Gum and Cement,True,other_polysaccharide,none,True,high,
https://openalex.org/W4415615552,https://doi.org/10.24425/jwld.2025.156037,2025,Sugarcane Bagasse Fibre-Polyhydroxybutyrate Biocomposite – The Study of Adsorption Capacity,True,pha,none,True,high,
https://openalex.org/W7127199917,https://doi.org/10.3390/phycology6010021,2026,"Integrating C-Phycocyanin, and Polyhydroxybutyrate Recovery Using a Triphasic System: Experimental Design and Optimization in Thermotolerant Potamosiphon sp.",True,pha,statistical_doe,True,high,
https://openalex.org/W4413100130,https://doi.org/10.1016/j.xphs.2025.103902,2025,"Octenyl succinic anhydride-modified starches as emulsifier agents: A comparative study emphasizing stability, rheology, and emulsion´s microstructure",True,starch,none,True,high,
https://openalex.org/W2898052689,,2013,Identificación Molecular de Bacterias Productoras de Polihidroxialcanoatos en Subproductos de Lácteos y Caña de Azúcar / Molecular Identification of Polyhydroxyalkanoate-Producing Bacteria Isolated from Dairy and Sugarcane Residues,True,pha,none,True,high,
https://openalex.org/W7139033237,https://doi.org/10.1002/bip.70094,2026,"Structural, Rheological, and Physicochemical Properties of Yam Starch Modified by Moderate Electric Fields",True,starch,statistical_doe,True,high,
https://openalex.org/W7137062420,https://doi.org/10.1016/j.fpsl.2026.101735,2026,Bioactive alginate films with Amazonian extracts: physicochemical performance and real food application in avocado preservation,True,alginate,none,True,high,
https://openalex.org/W4415926938,https://doi.org/10.1007/s10853-025-11532-y,2025,Enhanced PLA/PEG filaments for sustainable high-performance 3D printing using PLA synthesized from commercial lactic acid,True,pla,none,True,high,
https://openalex.org/W4415791596,https://doi.org/10.1007/s43621-025-01823-4,2025,A critical review of plantain agricultural waste valorization for energy and sustainability applications,True,starch,none,True,medium,
https://openalex.org/W7123643254,https://doi.org/10.3390/pr14020276,2026,"Rheological, Thermal and Mechanical Properties of Blown Film Based on Starch and Clay Nanocomposites",True,starch,none,True,high,
https://openalex.org/W7125166965,https://doi.org/10.1002/app.70390,2026,Synthesis of PVDF ‐Chitosan‐Copper Oxide Composite Membranes for the Removal of Tetracycline From Wastewater,True,chitosan,none,True,high,
https://openalex.org/W4413147937,https://doi.org/10.1016/j.rineng.2025.106717,2025,Modified fique tow fibers as a reinforcing agent in the manufacture of biocomposite materials: Extraction and characterization,True,cellulose,none,True,high,
https://openalex.org/W4413293942,https://doi.org/10.1016/j.fbp.2025.08.006,2025,Boosting Sacha Inchi valorization through the biorefinery concept in Colombia: Techno-economic assessment,,,,,low,
https://openalex.org/W7160529049,https://doi.org/10.3390/jcs10050252,2026,"DFT Analysis of Frontier Orbitals (HOMO-LUMO) of Polylactic Acid Functionalized with N-Hydroxysuccinimide and N-Sulfosuccinimide for the Adsorption of the Heavy Metals Nickel, Arsenic, and Lead",True,pla,qc,False,high,
https://openalex.org/W1651456334,https://doi.org/10.15446/rev.colomb.biote.v15n2.35808,2013,"Obtención de microcapsulas de tamaño controlado conteniendo Lactococcus lactis, utilizando mezclas de gelanos de alto y bajo acilo",True,other_polysaccharide,none,True,high,
https://openalex.org/W4407278042,https://doi.org/10.51573/andes.pps39.ss.bbb.7,2024,"Characterization of oil palm biomass, derived materials, and applications",True,other,none,True,medium,
https://openalex.org/W4415330426,https://doi.org/10.1016/j.carbpol.2025.124569,2025,Incorporation of a pyrethroid-based insecticide system into regenerated cellulose: interfacial interactions and effect on fiber formation,True,cellulose,none,True,high,
https://openalex.org/W2338174089,,2011,ARCILLA BENTONÍTICA MODIFICADA CON QUITOSANO PARA MATERIALES COMPUESTOS BIODEGRADABLES CHITOSAN-MODIFIED BENTONITIC CLAY FOR BIODEGRADABLE COMPOSITE MATERIALS,True,chitosan,none,True,high,
https://openalex.org/W3212753809,https://doi.org/10.1016/b978-0-12-821842-6.00014-2,2021,"Market, economic impact, and perspectives of eco-friendly polymers",,,,,low,
https://openalex.org/W7128930480,https://doi.org/10.3390/applnano7010006,2026,Development of a Flexible Film Based on Purple Yam Flour and Nanoparticles Obtained by Aqueous Counter Collision,True,starch,none,True,high,
https://openalex.org/W3214248899,https://doi.org/10.1016/b978-0-12-821842-6.00009-9,2021,Surface for spectral sensors in microbiological analysis,,,,,low,
https://openalex.org/W4411341786,https://doi.org/10.18272/aci.v17i2.3424,2025,Biopolímeros y nanotecnología - alternativas ecoamigables circulares y sostenibles en la Recuperación Mejorada de Petróleo (RPM),True,other,none,False,medium,
https://openalex.org/W4404461879,https://doi.org/10.1080/08927014.2024.2426759,2024,Carvacrol incorporation into novel controlled-release mucoadhesive systems for oral polymicrobial biofilm control,True,other_polysaccharide,none,True,high,
https://openalex.org/W4411257159,https://doi.org/10.18272/yr6h9p75,2025,Biopolímeros: alternativa ecoamigable y sostenible en la recuperación mejorada de petróleo,True,other,none,False,medium,
https://openalex.org/W3011542307,https://doi.org/10.1007/978-3-030-42542-5_5,2020,Starch-Based Nanomateriales as Fillers in Composite Polymeric Films,,,,,low,
https://openalex.org/W7126669148,,2025,"Efecto de la glicerina y la urea en la síntesis de biopolímeros a base de almidón de papa y yuca: análisis de dureza, micrografía y termogravimetría",True,starch,none,True,high,
https://openalex.org/W7139270679,,2023,Валоризація побічного продукту переробки горіхів кеш'ю: розробка біополімерного композиту кардол/крохмаль з електрохімічними властивостями і технологічним потенціалом,True,starch,none,True,high,
https://openalex.org/W7204070190,https://doi.org/10.22490/25394088.9817,2025,Tendencias en biopolímeros como materiales de envase de productos farmacéuticos. Una revisión,True,other,none,False,high,
https://openalex.org/W7153870774,https://doi.org/10.1007/978-3-032-07515-4_74,2026,Disease Perception and Quality of Life in Patients with Illicit Cosmetic Injections,,,,,low,
https://openalex.org/W2033262288,https://doi.org/10.1109/pahce.2013.6568277,2013,PLLA scaffold fabrication using salt leaching/gas foaming method,True,pla,none,True,high,
https://openalex.org/W3192709592,https://doi.org/10.1016/b978-0-12-821842-6.00011-7,2021,Functional and eco-friendly polymers in food,,,,,low,
https://openalex.org/W7206164214,https://doi.org/10.1016/bs.afnr.2026.08.006,2026,Natural additives stabilized with nanoclays,,,,,low,
https://openalex.org/W7139477443,,2022,Biopolímeros y pectina:: Una revisión con Tree of Science,True,pectin,none,False,high,
https://openalex.org/W4408164864,https://doi.org/10.1007/978-3-031-81988-9_4,2025,Properties,,,,,low,
https://openalex.org/W4408196878,https://doi.org/10.1007/978-3-031-81988-9_6,2025,Characterization,,,,,low,
https://openalex.org/W1566539544,,2008,"Influencia de modificaciones tipo esterificación, sobre el comportamiento hidrofílico de reforzantes celulósicos",True,cellulose,none,True,high,
https://openalex.org/W4407248869,https://doi.org/10.51573/andes.pps39.ss.bbb.9,2024,Evaluation of the effect of cellulose nanofibers in thermoplastic starch films,True,starch,none,True,high,
https://openalex.org/W7153801914,https://doi.org/10.1007/978-3-032-07515-4_31,2026,Considerations on Anesthesia,,,,,low,
https://openalex.org/W1546563025,,2009,DEGRADABILITY OF A TAPIOCA STARCH POLYMER,True,starch,none,True,high,
https://openalex.org/W4286580829,https://doi.org/10.5772/intechopen.102152,2022,Cyanobacteria - Recent Advances and New Perspectives [Working Title],,,,,low,
https://openalex.org/W3210836155,https://doi.org/10.1007/978-3-030-35734-4_61-1,2021,3D Printing of Microbial Polysaccharides,,,,,low,
https://openalex.org/W7204246674,https://doi.org/10.1039/d6gc03755k,2026,"Advances in molecular-scale computational modeling of lignin (2020–2026): molecular dynamics, quantum chemistry, machine learning, and the technical lignin frontier",True,lignin,molecular_modelling,False,high,
https://openalex.org/W4396791048,https://doi.org/10.32388/o17621,2024,"Review of: ""A Study on Alternative Low-Emission Sustainable Soil Stabilization Techniques in General and Combat Military Operations""",,,,,low,
https://openalex.org/W7163677162,https://doi.org/10.1016/b978-0-443-27438-1.00009-8,2026,Eggshell membrane for tissue regeneration,,,,,low,
https://openalex.org/W1712106563,,2013,BIOFILM: A SURVIVAL MECHANISM OF Helicobacter pylori,False,other_polysaccharide,none,False,high,
https://openalex.org/W7203653411,https://doi.org/10.3390/jcs10080433,2026,Valorisation of Vegetal Biomass Residues in the Development of Sustainable Composites: An Alternative for Biodegradable Packaging,True,starch,none,True,high,
https://openalex.org/W7160994238,https://doi.org/10.21203/rs.3.rs-9546541/v1,2026,Ion Exchange Resin-Catalyzed Epoxidation of Sesame Oil: Effects of Temperature and Reaction Time,True,other,none,True,high,
https://openalex.org/W7134993909,,2022,Estudo de um sistema microparticulado contendo óleo de tomilho (Thymus vulgaris) e sua potencial aplicação como promotor de crescimento na produção de frangos de corte,True,other_polysaccharide,statistical_doe,True,medium,
https://openalex.org/W7119949198,https://doi.org/10.2139/ssrn.6052227,2026,Development of Sustainable Packaging Films from PLA-Cu Filament Waste of 3D Printers,,,,,low,
https://openalex.org/W4297929885,https://doi.org/10.17533/udea.vitae.10004,2012,MODIFIED ARRACACHA STARCH FILMS CHARACTERIZATION AND ITS POTENTIAL UTILIZATION AS FOOD PACKAGING,True,starch,none,True,high,
https://openalex.org/W3166200599,https://doi.org/10.24054/bistua.v17i2.253,2019,"Influencia del tipo de plastificante en la elaboración de bioplásticos, a partir de almidón de papa (Solamun tuberosum)",True,starch,none,True,high,
https://openalex.org/W7171849346,https://doi.org/10.1002/pen.70725,2026,Compatibilization of Thermoplastic Starch and Poly (Butylene Succinate‐Co‐Adipate) Blends Using a Dual‐Coupling Strategy,True,starch,none,True,high,
https://openalex.org/W4393982258,https://doi.org/10.1016/b978-0-443-13796-9.00009-5,2024,Contributions of calorimetry to biology and pharmacy,,,,,low,
https://openalex.org/W2162300250,https://doi.org/10.1109/picmet.2007.4349359,2007,Management of Sectorial Technology Chains and Integral Evaluation of Potential Projects on Innovation Technology,True,chitosan,none,False,medium,
https://openalex.org/W4400839747,https://doi.org/10.21203/rs.3.rs-4639072/v1,2024,Characterization of Enzymatically Modified Cellulose Obtained From the From the Cocoa Pod Husk (Cph) Theobroma Cacao L. Clone Ccn51,True,cellulose,none,True,medium,
https://openalex.org/W7125712174,https://doi.org/10.2139/ssrn.6075473,2026,Interfacial Self-Assembly Influence of the Aliphatic Region in Elastin-like Polypeptides-based Amphiphiles,,,,,low,
https://openalex.org/W7204596712,https://doi.org/10.1016/j.ceja.2026.101441,2026,D-optimal synthesis optimization of bone char–alginate and bone char–chitosan composites for fluoride and cadmium removal,True,other_polysaccharide,statistical_doe,True,high,
https://openalex.org/W2762030159,https://doi.org/10.23850/23899573.537,2017,Producción biotecnológica de ácido láctico mediante homofermentación probiótica a partir de subproductos de la agroindustria,True,pla,none,True,medium,
https://openalex.org/W4220729377,https://doi.org/10.1201/9781003169604-14,2022,Antibacterial Applications of Porous Polymers,True,other,none,False,medium,
https://openalex.org/W7162767416,https://doi.org/10.3390/molecules31111871,2026,Comparative Adsorption of Phenol and p-Chlorophenol on a Chitosan–Cellobiose Dimer in an Aqueous Medium: A DFT Study of Hydrogen Bonding and Noncovalent Interactions,True,chitosan,qc,False,high,
https://openalex.org/W7166838703,https://doi.org/10.22430/22565337.3610,2026,"Study of Physicochemical, Morphological, Functional, Rheological and Thermal Properties of Native Andean Potato Starch and its Application in Biobased Materials",True,starch,none,True,high,
https://openalex.org/W7162571853,https://doi.org/10.1016/j.heliyon.2026.e45055,2026,Development of biofilms using polylactic acid (PLA) and chitosan: Effect of incorporating cellulose microfibers,True,pla,none,True,high,
https://openalex.org/W4200303367,https://doi.org/10.1109/ci-ibbi54220.2021.9626110,2021,Chitosan/Glucantime Hydrogels as a Treatment for Cutaneous Leishmaniasis and its Preparation Method: Systematic Review,True,chitosan,none,False,high,
https://openalex.org/W1492712399,,2013,Identificación Molecular de Bacterias Productoras de Polihidroxialcanoatos en Subproductos de Lácteos y Caña de Azúcar Molecular,True,pha,none,True,high,
https://openalex.org/W2749269174,https://doi.org/10.4236/ampc.2017.78026,2017,Description of New Bioelectromechanical Properties in Alginate: An Insight with a Computer Simulation,True,alginate,qc,True,high,
https://openalex.org/W2323561611,,2012,Identificación de bacterias productoras de polihidroxialcanoatos,True,pha,none,True,high,
https://openalex.org/W4413081107,https://doi.org/10.4995/phdays2025.2025.19736,2025,"Biocomposites innovation system. Implications of advanced biomaterials in the implementation, development and projection of a circular bioeconomy model",True,other,none,False,low,
https://openalex.org/W4396884561,https://doi.org/10.1155/2024/7524714,2024,"The Autoimmune/Inflammatory Syndrome Induced by Adjuvants (ASIA), Associated with Renal Compromise and Cutaneous Calcinosis: A Case Report and Literature Review",False,none,none,True,high,
https://openalex.org/W7167705250,https://doi.org/10.1016/j.ijbiomac.2026.153406,2026,Multilayer films based on starch and nanocellulose extracted from taro: Evaluation of carvacrol incorporation in the inner layer and application as active separators for Paipa cheese,True,starch,none,True,high,
https://openalex.org/W7135374420,https://doi.org/10.1002/jctb.70160,2026,Integrating fed‐batch pulse feeding and flux balance analysis for PHB production by Cupriavidus necator from cassava‐based dextrose,True,pha,molecular_modelling,True,high,
https://openalex.org/W4380319939,https://doi.org/10.1097/01.mat.0000943416.83743.94,2023,BIO26: Engineering Anti-platelet polymers for regenerative cardiovascular applications,True,other,none,True,high,
https://openalex.org/W3213728819,https://doi.org/10.1016/b978-0-12-821842-6.00026-9,2021,Functional and eco-friendly polymers for environmental applications,,,,,low,
https://openalex.org/W7166533369,https://doi.org/10.1515/polyeng-2025-0160,2026,Comparative component biodegradation for a polylactic acid (PLA) and cellulose integrated packaging based on the cumulative evolved CO 2,True,pla,none,True,high,
https://openalex.org/W3157700860,https://doi.org/10.1504/ijewm.2021.10037398,2021,The lignocellulolytic effect from newly wild white rot fungi isolated from Colombia,True,lignin,none,True,high,
https://openalex.org/W7165470128,https://doi.org/10.1038/s41598-026-58173-y,2026,Ion exchange resin-catalyzed epoxidation of sesame oil: effects of temperature and reaction time,True,other,none,True,high,
https://openalex.org/W2190873540,,1991,Inmovilización de papaína por atrapamiento,True,other,none,True,medium,
https://openalex.org/W4411062928,https://doi.org/10.20868/ade.2024.5486,2024,Development of perovskite films with photoluminescent properties for building applications,True,other_polysaccharide,none,True,medium,
https://openalex.org/W4413236758,https://doi.org/10.1007/978-3-031-89138-0_9,2025,Chemical Analysis and Characterization of Biomass for Biorefineries,,,,,low,
https://openalex.org/W4414698230,https://doi.org/10.1021/acssuschemeng.5c05807,2025,Facile and Green Synthesis of Chitosan-Based Microcapsules: Bridging Organic and Polymer Chemistry for Sustainable Biocidal Applications,True,chitosan,none,True,high,
https://openalex.org/W4404203933,https://doi.org/10.61799/2216-0388.1591,2024,Análisis de películas biopoliméricas de almidón para potencial aplicación en optoelectrónica.,True,starch,none,True,high,
https://openalex.org/W3211725031,https://doi.org/10.1016/b978-0-12-821842-6.00008-7,2021,Polymeric supports for growth of probiotic microorganisms,,,,,low,
https://openalex.org/W3212452078,https://doi.org/10.1016/b978-0-12-821842-6.00021-x,2021,Polymeric supports for grown of beneficial microorganisms in agriculture,,,,,low,
https://openalex.org/W7151524678,https://doi.org/10.2139/ssrn.6533810,2026,High-Molecular-Weight Polylactic Acid via Lactide Ring-Opening Polymerization: Effect of Alcohol Co-Initiators and Reaction Medium,,,,,low,
https://openalex.org/W3190419158,https://doi.org/10.1016/b978-0-12-821842-6.00016-6,2021,Functional and eco-friendly polymers in agriculture,,,,,low,
https://openalex.org/W7166697865,https://doi.org/10.1016/j.fuel.2026.140268,2026,A review of the lignin conversion in thermochemical biorefining,,,,,low,
https://openalex.org/W7161462753,,2025,Morphological Characterization and Microstructural Evolution of Musaceae Rachis Fiber Bundles (Musa AAA and AAB) via Biological Retting: Inglés,True,cellulose,none,True,high,
https://openalex.org/W7153859868,https://doi.org/10.1007/978-3-032-07515-4_12,2026,The Historical Context of Permanent Filler Disease (PERFILD) for Body Contouring in Colombia and Latin America,,,,,low,
https://openalex.org/W2170774462,,2010,Influencia del tiempo de agitación en el proceso de modificación con quitosano de una arcilla colombiana tipo montmorillonita,True,chitosan,none,True,high,
https://openalex.org/W4410345108,https://doi.org/10.61586/kncmj,2025,DEVELOPMENT OF A TOPICAL FORMULATION FROM CHITOSAN EXTRACTED FROM PLEUROTUS OSTREATUS MYCELIUM: A SUSTAINABLE ALTERNATIVE TO CRUSTACEAN-DERIVED CHITOSAN,True,chitosan,none,True,high,
https://openalex.org/W4387790197,https://doi.org/10.2139/ssrn.4602464,2023,"Physicochemical Characterization of the Pod Husk of Theobroma Cacao L. Of Clones Ccn51, Fear5 and Fsv41 and its Agroindustrial Application",,,,,low,
https://openalex.org/W1794120838,https://doi.org/10.48550/arxiv.1410.1549,2014,The unknotted strands of life: knots are very rare in RNA structures,False,nucleic_acid,none,False,high,
https://openalex.org/W4299410447,https://doi.org/10.17533/udea.vitae.11167,2013,LACTIC ACID PRODUCTION VIA CASSAVA-FLOUR- HYDROLYSATE FERMENTATION,True,pla,none,True,high,
https://openalex.org/W7160733315,,2024,Evaluación exergética y de sensibilidad del proceso de producción de microperlas de quitosano modificadas con nanopartículas verdes de TiO2,True,chitosan,molecular_modelling,False,high,
https://openalex.org/W4387319611,https://doi.org/10.2139/ssrn.4588137,2023,"Development of Films Based on Chitosan, Gelatin and Collagen Extracted from Bocachico Scales (Prochilodus Magdalenae)",,,,,low,
https://openalex.org/W7117419661,https://doi.org/10.5109/7395529,2025,Trends in The Ongoing Research Regarding The Role of Xanthan Gum in Sustainable Geotechnical Engineering,True,other_polysaccharide,none,False,high,
https://openalex.org/W2742342839,https://doi.org/10.33304/revinv.v10n2-2017002,2017,Modelo de negocios para comercialización de películas y recubrimientos comestibles en Bucaramanga,True,other,none,False,medium,
https://openalex.org/W2994810679,https://doi.org/10.1088/1742-6596/1418/1/012018,2019,Manufacture of cellulose acetate membranes and chitosan nanoparticles for the retention of mercury in water,True,chitosan,none,True,high,
https://openalex.org/W3215355162,,2021,Active biofilms of mango (Mangifera indica) kernel starch containing hydroethanolic extract of mango peel,True,starch,none,True,high,
https://openalex.org/W7135080800,https://doi.org/10.3390/polym18060684,2026,Development of Intelligent Composite Materials from Polyvinyl Alcohol (PVA) and Clitoria ternatea L. Anthocyanin Extract for Shrimp Freshness Monitoring,True,other,none,True,high,
https://openalex.org/W7163172257,https://doi.org/10.3390/su18115455,2026,Green Chemistry and Computational Energy Analysis for Sustainable Chitosan Production: A Case Study of Green Solvent and Water Management,True,chitosan,none,False,high,
https://openalex.org/W7119528037,https://doi.org/10.1680/jnaen.25.00005,2026,"Biofilms from Hass avocado seed starch, its nanoparticles and xyloglucan",True,starch,none,True,high,
https://openalex.org/W2806662765,https://doi.org/10.19053/01211129.v27.n48.2018.8073,2018,"Morphology, mechanical strength and degradation of polyhydroxyalkanoate scaffolds",True,pha,none,True,high,
https://openalex.org/W4415892169,https://doi.org/10.1007/s10570-025-06812-4,2025,"Nanohybrids of nano-silica and cellulose linters: thermal stability, rheology, and gelation kinetics",,,,,low,
https://openalex.org/W4413116428,https://doi.org/10.3390/molecules30153307,2025,"Effects of Zinc-Layered Filler Incorporation Routes on the Antimicrobial, Mechanical, and Physical Properties of Calcium Caseinate Biopolymeric Films",True,protein,none,True,high,
https://openalex.org/W7138935496,https://doi.org/10.1590/0001-3765202620241388,2026,Reducing Water Adsorption in Bacterial Nanocellulose through via sol-gel method,True,cellulose,none,True,high,
https://openalex.org/W7171494330,https://doi.org/10.3390/jcs10080395,2026,Biocomposites Made from Cocos nucifera L. Fibres and Polyhydroxybutyrate (PHB) for Water Treatment Applications,True,pha,none,True,high,
https://openalex.org/W7115707403,https://doi.org/10.4067/s0717-97072025000306359,2025,DESIGN AND CHARACTERIZATION OF A BILAYER SODIUM ALGINATE/CARBOXYMETHYL CELLULOSE PATCH ENRICHED WITH CANNABIDIOL AND ACTIVATED CARBON FOR POTENTIAL USE IN ACNE TREATMENT,True,alginate,none,True,high,
https://openalex.org/W4415704036,https://doi.org/10.2139/ssrn.5682247,2025,Bioactive alginate films with Amazonian extracts: physicochemical performance and real food application in avocado preservation,,,,,low,
https://openalex.org/W7126714798,,2025,Matrizes de imobilização bacteriana: uma revisão cienciométrica,True,alginate,none,False,medium,
https://openalex.org/W7127355817,https://doi.org/10.3390/w18030394,2026,Closing the Nutrient Loop Through Multi-Cycle Phototrophic Reuse of Landfill Leachate in Cyanobacterial PHB Bioproduction,True,pha,statistical_doe,True,high,
https://openalex.org/W4403202497,https://doi.org/10.21203/rs.3.rs-4770110/v1,2024,Magnetization of Cacti Biomass for Application as Flocculants in Water Treatment,True,other_polysaccharide,none,True,high,
https://openalex.org/W2888112016,,2017,Métodos verdes para la obtención de nanopartículas de almidón,True,starch,none,False,high,
https://openalex.org/W1964975613,https://doi.org/10.1115/imece2009-13043,2009,"Modeling and Dynamic Control of a Bioreactor for Glycerin Conversion to 1,3 Propanediol",False,none,molecular_modelling,False,high,
https://openalex.org/W4400979719,https://doi.org/10.3389/ffgc.2024.1215051,2024,Soil amendment mitigates mortality from drought and heat waves in dryland tree juveniles,True,chitosan,none,True,high,
https://openalex.org/W4200108577,https://doi.org/10.1109/ci-ibbi54220.2021.9626057,2021,Evaluation of polymeric biomaterial as an option for tissue replacement in plantar calcaneonavicular ligament injuries,True,other,molecular_modelling,True,medium,
https://openalex.org/W7160502745,https://doi.org/10.3390/gels12050404,2026,Obtention and Characterisation of Gelatine-Based Hydrogels Reinforced with the Amino Acids Cysteine (Cy) and Glutamine (Gt),True,protein,none,True,high,
https://openalex.org/W7162800242,https://doi.org/10.1007/s13726-026-01657-5,2026,Effect of different triblock copolymers on physicochemical properties and biodegradability of corn starch/chitosan films,,,,,low,
https://openalex.org/W7127983036,https://doi.org/10.53010/nys14.05,2026,Estrategias de formulación de inoculantes microbianos como complemento para una agricultura más sostenible en el tiempo,False,none,none,False,high,
https://openalex.org/W7160306319,https://doi.org/10.1016/j.jece.2026.123009,2026,Efficient Cu2+ removal from water using hierarchically porous chitosan–alginate biocomposites: Role of “in situ” CaCO3 formation and counter-ion effect,,,,,low,
https://openalex.org/W7143810693,https://doi.org/10.14719/pst.10018,2026,Trends and applications of hot-melt extrusion in the encapsulation of bioactive compounds for nutraceutical products,True,other,none,False,medium,
https://openalex.org/W7211993173,https://doi.org/10.15446/ing.investig.118094,2026,Implementation of a new technique for whiteness index measurement as a performance indicator in the bleaching of Coffea arabica parchment (variety Castillo®),True,cellulose,none,True,high,
https://openalex.org/W7127730199,https://doi.org/10.3390/pr14030547,2026,EPS from Activated Sludge: Prospection of Bioflocculation and Catalytic Properties,True,other_polysaccharide,none,True,high,
https://openalex.org/W7203540146,https://doi.org/10.2139/ssrn.7288120,2026,Hazardous-solvent-free extraction of cocoa pod husk polyphenols: Synergy between brief mechanochemical pretreatment and support vector regression,,,,,low,
https://openalex.org/W7213234789,https://doi.org/10.1007/s00217-026-05283-6,2026,"Edible clay minerals and related layered materials for food bioactive delivery: structure–function relationships, interaction mechanisms and applications",,,,,low,
https://openalex.org/W4413020246,https://doi.org/10.17533/udea.vitae.v32n2a358913,2025,Emulsifying potential of Hypnea musciformis carrageenan: A natural alternative for oil-in-water emulsions,True,other_polysaccharide,none,True,high,
https://openalex.org/W7166025744,https://doi.org/10.3390/w18131565,2026,Chitosan Production from Fish Scales and Its Application as a Natural Coagulant for Surface Water Treatment: Experimental and Statistical Evaluation,True,chitosan,none,True,high,
https://openalex.org/W7161392089,https://doi.org/10.1016/j.fbp.2026.05.009,2026,"Design of freeze-dried microstructured powders from coffee husk: Linking wall material chemistry, molecular interactions, and functional performance",,,,,low,
https://openalex.org/W4391697964,https://doi.org/10.22490/25394088.7508,2023,"Diseño y evaluación de un recubrimiento comestible funcionalizado con compuestos activos, y pectina obtenida de la cáscara de cacao, para fines tecnológicos en la industria alimentaria",True,pectin,none,True,high,
https://openalex.org/W4414951173,https://doi.org/10.20944/preprints202509.2228.v1,2025,"Rheological, Thermal and Mechanical Properties of Blown Film Based on Starch and Clay Nanocomposites",True,starch,none,True,high,
https://openalex.org/W7140207118,https://doi.org/10.1016/j.molstruc.2026.146072,2026,Unlocking methotrexate-chitosan interactions through classical and statistical physics adsorption modeling,True,chitosan,statistical_doe,True,high,
https://openalex.org/W7135405070,https://doi.org/10.1016/j.rineng.2026.110085,2026,"Physicochemical, rheological, and functional evaluation of gelatins obtained from animal bones through acid-thermal hydrolysis for applications in biomaterials engineering",True,protein,none,True,high,
https://openalex.org/W4415873331,https://doi.org/10.14483/23448393.21972,2025,Physical and Mechanical Properties of Rattan and Polylactic Acid Biocomposites Printed Using Fused Filament Fabrication,True,pla,none,True,high,
https://openalex.org/W4285292294,https://doi.org/10.1016/b978-0-12-824117-2.00007-7,2022,Production of biofuels and biobased chemicals in biorefineries and potential use of intensified technologies,,,,,low,
https://openalex.org/W7164028497,https://doi.org/10.1016/j.carpta.2026.101182,2026,Prediction of stress overshoot in thixotropic xanthan gum 4 wt.%/hydroxyethyl cellulose 4 wt.% blends: Integrating rheological characterization and restart-flow modeling,True,other_polysaccharide,ml,True,high,
https://openalex.org/W2232538928,https://doi.org/10.15446/rev.colomb.biote.v17n2.54295,2015,Biopolímeros y su aplicación en medio ambiente,True,pha,none,False,low,
https://openalex.org/W7204212308,https://doi.org/10.1007/s00216-026-06715-8,2026,Montmorillonite–fungal biomass hybrid as sustainable sorbent in rotating-disk sorptive extraction coupled to GC–MS for trace-level monitoring of estrogens in hospital wastewater,True,other_polysaccharide,none,True,medium,
https://openalex.org/W3195640680,https://doi.org/10.2139/ssrn.3907248,2021,Chemical Composition and Bioactive Compounds of Cashew Apple Juice and Bagasse from Colombian Varieties,True,cellulose,none,True,high,
https://openalex.org/W7162392162,https://doi.org/10.21203/rs.3.rs-9801909/v1,2026,"Edible clay minerals and related layered materials for loading and delivery of food bioactives: interaction mechanisms, applications, and safety—A mixed systematic–narrative review",False,none,md,False,high,
https://openalex.org/W3157409872,https://doi.org/10.15568/am.2020.811.rev02,2020,Evaluation of the proliferation of adipose cells in fibrin and chitosan scaffolds: A systematic review,True,chitosan,none,True,high,
https://openalex.org/W7163659019,https://doi.org/10.1016/j.nxmate.2026.102423,2026,Assessing the potential of palm oil processing wastes to produce cellulose and activated carbon for water treatment,True,cellulose,statistical_doe,True,high,
https://openalex.org/W4390869463,https://doi.org/10.2139/ssrn.4672370,2024,Design and Synthesis of Conjugated Metallopeptides as an Alternative to Address Bacterial Resistance,,,,,low,
https://openalex.org/W2568996841,,2014,CELL GROWTH SCAFFOLDS OF CHITOSAN/GELATIN FOR USE IN TISSUE REGENERATION,True,chitosan,none,True,high,
https://openalex.org/W7164920243,https://doi.org/10.33571/rpolitec.v22n43a1,2026,"Papel ecológico obtenido a partir del aprovechamiento y procesamiento del exoesqueleto de camarón (Quitosano, Penaeus Van-namei)",True,chitosan,none,True,high,
https://openalex.org/W4415750351,https://doi.org/10.1007/978-981-96-9904-9_9,2025,Modified Cellulose-Supported Catalysts and Reagents in Three-Component Reactions for Sustainable Medicinal Chemistry,,,,,low,
https://openalex.org/W4408839293,https://doi.org/10.38053/acmj.1602419,2025,The effect of 0.24% hyaluronic acid gel used after diode laser-assisted labial frenectomy on postoperative pain level and periodontal parameters: a randomized clinical research,True,other_polysaccharide,none,True,high,
https://openalex.org/W2270522840,,2011,Resina epóxica en la creación de simuladores del campo arterial para prácticas de paso de catéter y guía,False,other,none,True,medium,
https://openalex.org/W3192189519,,2021,APROVECHAMIENTO SOSTENIBLE DE RESIDUOS POLIMÉRICOS COMO AGREGADOS DEL CONCRETO: UNA REVISIÓN,False,none,none,False,low,
https://openalex.org/W2792195629,https://doi.org/10.21817/ijet/2018/v10i1/181001126,2018,Elaboration of modified starch-based film from yam variety espino (dioscorearotundata) for use in food packaging,True,starch,none,True,high,
https://openalex.org/W2991154615,,2018,OBTENCIÓN DE COMPUESTOS AROMÁTICOS POR OXIDACIÓN DE LIGNINA CON LACASA INMOVILIZADA EN ALGINATO,True,lignin,none,True,high,
https://openalex.org/W4409733619,https://doi.org/10.3389/fbioe.2025.1607125,2025,Corrigendum: Redefining vascular repair: revealing cellular responses on PEUU—gelatin electrospun vascular grafts for endothelialization and immune responses on in vitro models,True,other,none,True,medium,
