id,doi,year,title,materials,polymer,method,experimental,confidence,error
https://openalex.org/W2029667189,https://doi.org/10.1016/0263-7855(96)00018-5,1996.0,VMD: Visual molecular dynamics,False,none,none,False,high,
https://openalex.org/W2117285383,https://doi.org/10.1002/1097-0282(2001)60:2<96::aid-bip1007>3.0.co;2-f,2001.0,Generalized-ensemble algorithms for molecular simulations of biopolymers,False,protein,md,False,high,
https://openalex.org/W2038758364,https://doi.org/10.1063/1.470648,1995.0,Constant pressure molecular dynamics simulation: The Langevin piston method,False,none,md,False,high,
https://openalex.org/W2119038213,https://doi.org/10.1007/bf02763592,1997.0,Water vapor permeability of biodegradable polymers,,,,,low,
https://openalex.org/W2149263899,https://doi.org/10.1002/jcc.540161106,1995.0,"Application of the multimolecule and multiconformational RESP methodology to biopolymers: Charge derivation for DNA, RNA, and proteins",False,nucleic_acid,qc,False,high,
https://openalex.org/W1510732345,,1991.0,"CRC Handbook of Solubility Parameters and Other Cohesion Parameters, Second Edition",,,,,low,
https://openalex.org/W2019857898,https://doi.org/10.1063/1.1897382,2005.0,An efficient approach for ab initio energy calculation of biopolymers,False,protein,qc,False,high,
https://openalex.org/W2086394617,https://doi.org/10.1080/07391102.1996.10508935,1996.0,Hydrogen Bonding and Stacking of DNA Bases: A Review of Quantum-chemical ab initio Studies,False,nucleic_acid,qc,False,high,
https://openalex.org/W3162048346,https://doi.org/10.1021/acs.jpcb.1c02081,2021.0,UMAP as a Dimensionality Reduction Tool for Molecular Dynamics Simulations of Biomacromolecules: A Comparison Study,False,protein,md,False,high,
https://openalex.org/W2768702618,https://doi.org/10.1080/17460441.2018.1403419,2017.0,Molecular dynamics simulations and novel drug discovery,False,protein,md,False,high,
https://openalex.org/W2098362016,https://doi.org/10.1021/jp982007x,1998.0,Solvation Free Energy of Biomacromolecules: Parameters for a Modified Generalized Born Model Consistent with the AMBER Force Field,False,nucleic_acid,md,False,high,
https://openalex.org/W3108639986,https://doi.org/10.1021/acsbiomaterials.0c00755,2020.0,Hierarchical Machine Learning for High-Fidelity 3D Printed Biopolymers,True,alginate,ml,True,high,
https://openalex.org/W4400477552,https://doi.org/10.1016/j.pmatsci.2024.101336,2024.0,"3D printing of biodegradable polymers and their composites – Current state-of-the-art, properties, applications, and machine learning for potential future applications",True,other,ml,False,medium,
https://openalex.org/W2413453256,https://doi.org/10.1016/j.jmst.2016.05.010,2016.0,"Warpage and Shrinkage Optimization of Injection-Molded Plastic Spoon Parts for Biodegradable Polymers Using Taguchi, ANOVA and Artificial Neural Network Methods",,,,,low,
https://openalex.org/W2005386550,https://doi.org/10.1080/08927029108022142,1991.0,Generalized Verlet Algorithm for Efficient Molecular Dynamics Simulations with Long-range Interactions,False,protein,md,False,medium,
https://openalex.org/W4310806566,https://doi.org/10.1038/s43246-022-00319-2,2022.0,Bioplastic design using multitask deep neural networks,True,pha,ml,False,high,
https://openalex.org/W2181503810,https://doi.org/10.1007/s10965-015-0892-2,2015.0,Ternary miscibility with specific interactions in novel blends comprising biodegradable polymers and a natural polyphenol,,,,,low,
https://openalex.org/W3005381160,https://doi.org/10.5772/intechopen.77849,2019.0,Alginates - Recent Uses of This Natural Polymer,True,alginate,none,False,medium,
https://openalex.org/W1988900301,https://doi.org/10.1021/ja010363e,2001.0,Hydrophobic Hydration Is an Important Source of Elasticity in Elastin-Based Biopolymers,True,protein,md,False,high,
https://openalex.org/W2989734754,https://doi.org/10.1016/j.matdes.2019.108387,2019.0,Prediction of plasticization in a real biopolymer system (starch) using molecular dynamics simulations,True,starch,md,True,high,
https://openalex.org/W3082751750,https://doi.org/10.3390/polym12091949,2020.0,"Layer-By-Layer Assemblies of Biopolymers: Build-Up, Mechanical Stability and Molecular Dynamics",True,other,md,False,medium,
https://openalex.org/W2003196055,https://doi.org/10.1016/0097-8485(92)80010-w,1992.0,Presto(protein engineering simulator): A vectorized molecular mechanics program for biopolymers,,,,,low,
https://openalex.org/W2906980993,https://doi.org/10.1007/s40090-018-0165-0,2018.0,PEG cross-linked Chitosan: a biomacromolecule as corrosion inhibitor for sugar industry,True,chitosan,qc,True,high,
https://openalex.org/W1968321705,https://doi.org/10.1063/1.1150069,1999.0,Fast imaging and fast force spectroscopy of single biopolymers with a new atomic force microscope designed for small cantilevers,False,nucleic_acid,none,True,high,
https://openalex.org/W2946384500,https://doi.org/10.1039/c9ra00986h,2019.0,Triazole-modified chitosan: a biomacromolecule as a new environmentally benign corrosion inhibitor for carbon steel in a hydrochloric acid solution,True,chitosan,qc,True,high,
https://openalex.org/W2801405255,https://doi.org/10.3389/fchem.2018.00188,2018.0,Quantum Chemical Approaches in Structure-Based Virtual Screening and Lead Optimization,False,none,qc,False,high,
https://openalex.org/W4388421046,https://doi.org/10.1002/cben.202300028,2023.0,Towards a Sustainable Circular Economy: Algae‐Based Bioplastics and the Role of Internet‐of‐Things and Machine Learning,True,pha,ml,False,medium,
https://openalex.org/W2891679365,https://doi.org/10.1002/wcms.1392,2018.0,Electronic energy transfer in biomacromolecules,False,none,qc,False,high,
https://openalex.org/W4404914708,https://doi.org/10.3390/polym16233368,2024.0,Machine Learning-Based Process Optimization in Biopolymer Manufacturing: A Review,True,other,ml,False,high,
https://openalex.org/W1570904471,,2006.0,"Biomacromolecules: Introduction to Structure, Function and Informatics",,,,,low,
https://openalex.org/W3140820820,,2016.0,"Warpage and Shrinkage Optimization of Injection-Molded Plastic Spoon Parts for Biodegradable Polymers Using Taguchi, ANOVA and Artificial Neural Network Methods",True,pla,ml,False,high,
https://openalex.org/W4206991725,https://doi.org/10.1021/acs.jpcb.1c08354,2022.0,Machine Learning for Melting Temperature Predictions and Design in Polyhydroxyalkanoate-Based Biopolymers,True,pha,ml,False,high,
https://openalex.org/W2591382253,https://doi.org/10.1016/j.molliq.2017.02.083,2017.0,Investigation of ionic liquids as a pretreatment solvent for extraction of collagen biopolymer from waste fish scales using COSMO-RS and experiment,True,protein,solubility,True,high,
https://openalex.org/W2802751822,https://doi.org/10.1002/adma.201706924,2018.0,A Biopolymer Heparin Sodium Interlayer Anchoring TiO2 and MAPbI3 Enhances Trap Passivation and Device Stability in Perovskite Solar Cells,True,other_polysaccharide,qc,True,high,
https://openalex.org/W1993306480,https://doi.org/10.1016/j.polymer.2007.07.007,2007.0,Prediction of fibrinogen adsorption for biodegradable polymers: Integration of molecular dynamics and surrogate modeling,,,,,low,
https://openalex.org/W3043735243,https://doi.org/10.1039/d0cp03163a,2020.0,Molecular dynamics simulations for glass transition temperature predictions of polyhydroxyalkanoate biopolymers,True,pha,md,False,high,
https://openalex.org/W2806867887,https://doi.org/10.1021/acsnano.8b03074,2018.0,Reducing Intestinal Digestion and Absorption of Fat Using a Nature-Derived Biopolymer: Interference of Triglyceride Hydrolysis by Nanocellulose,True,cellulose,md,True,high,
https://openalex.org/W4401694629,https://doi.org/10.1038/s41578-024-00708-8,2024.0,Design of functional and sustainable polymers assisted by artificial intelligence,,,,,low,
https://openalex.org/W4400082456,https://doi.org/10.1016/j.scitotenv.2024.174349,2024.0,Bioplastic derived from corn stover: Life cycle assessment and artificial intelligence-based analysis of uncertainty and variability,,,,,low,
https://openalex.org/W2085312881,https://doi.org/10.1016/s0079-6107(98)00026-1,1998.0,Artificial neural networks for computer-based molecular design,,,,,low,
https://openalex.org/W2080717224,https://doi.org/10.1021/jp9117437,2010.0,Understanding the Interactions of Cellulose with Ionic Liquids: A Molecular Dynamics Study,True,cellulose,md,False,high,
https://openalex.org/W2911499426,https://doi.org/10.1021/acsomega.8b03255,2019.0,MoDoop: An Automated Computational Approach for COSMO-RS Prediction of Biopolymer Solubilities in Ionic Liquids,True,lignin,solubility,False,high,
https://openalex.org/W2113501779,https://doi.org/10.1146/annurev.pc.37.100186.001415,1986.0,"Dynamic Light Scattering Studies of Biopolymers: Effects of Charge, Shape, and Flexibility",True,other,ml,False,low,
https://openalex.org/W4394716898,https://doi.org/10.1021/acsapm.3c03040,2024.0,Predicting the Glass Transition Temperature of Biopolymers via High-Throughput Molecular Dynamics Simulations and Machine Learning,True,other,md,False,high,
https://openalex.org/W3091822454,https://doi.org/10.1007/978-981-15-6815-2_7,2020.0,Molecular Dynamics Simulation of Protein and Protein–Ligand Complexes,,,,,low,
https://openalex.org/W2327725342,https://doi.org/10.1021/acs.macromol.5b00248,2015.0,Impact of Moisture Adsorption on Structure and Physical Properties of Amorphous Biopolymers,True,cellulose,md,False,high,
https://openalex.org/W2079119713,https://doi.org/10.1002/qua.20875,2005.0,Treating hydrogen bonding in ab initio calculation of biopolymers,False,protein,qc,False,high,
https://openalex.org/W2395002905,,2002.0,[Dynamic attractor for the Berendsen thermostat an the slow dynamics of biomacromolecules].,False,protein,md,False,medium,
https://openalex.org/W4392711235,https://doi.org/10.1016/j.watres.2024.121458,2024.0,Experimental and density functional theory investigation of surface-modified biopolymer for improved adsorption of mixtures of per- and polyfluoroalkyl substances in water,True,other_polysaccharide,qc,True,low,
https://openalex.org/W2122782494,https://doi.org/10.1016/j.bej.2008.05.009,2008.0,Comparison of artificial neural network (ANN) and response surface methodology (RSM) in fermentation media optimization: Case study of fermentative production of scleroglucan,,,,,low,
https://openalex.org/W4390910437,https://doi.org/10.1021/acs.energyfuels.3c03842,2024.0,"Advances, Synergy, and Perspectives of Machine Learning and Biobased Polymers for Energy, Fuels, and Biochemicals for a Sustainable Future",True,other,ml,False,medium,
https://openalex.org/W2754727409,https://doi.org/10.1016/j.carbpol.2017.09.049,2017.0,Sodium alginate: A promising biopolymer for corrosion protection of API X60 high strength carbon steel in saline medium,,,,,low,
https://openalex.org/W2069515913,https://doi.org/10.1016/j.snb.2011.10.077,2011.0,Poly(lactic acid)–multi-wall carbon nanotube conductive biopolymer nanocomposite vapour sensors,,,,,low,
https://openalex.org/W2100833559,https://doi.org/10.1002/(sici)1097-0134(19990601)35:4<453::aid-prot9>3.0.co;2-m,1999.0,Steered molecular dynamics simulations of force-induced protein domain unfolding,False,protein,md,False,high,
https://openalex.org/W4396733676,https://doi.org/10.3390/polym16101322,2024.0,Green Synthesis of Bioplastics from Microalgae: A State-of-the-Art Review,True,other,none,False,medium,
https://openalex.org/W4200328354,https://doi.org/10.1016/j.lwt.2021.112977,2021.0,Molecular docking simulation combining with multi-spectroscopy techniques clarify how small molecule ligands bind to biomacromolecule: Myosin and aldehydes as a case study,False,protein,docking,True,high,
https://openalex.org/W2779637161,https://doi.org/10.1016/j.molstruc.2017.12.060,2017.0,Alginate biopolymer as green corrosion inhibitor for copper in 1 M hydrochloric acid: Experimental and theoretical approaches,True,alginate,qc,True,medium,
https://openalex.org/W4206325856,https://doi.org/10.3390/polym14020278,2022.0,Characterization and Parametric Study on Mechanical Properties Enhancement in Biodegradable Chitosan-Reinforced Starch-Based Bioplastic Film,True,starch,ml,True,high,
https://openalex.org/W1980581696,https://doi.org/10.1016/j.bpc.2014.05.001,2014.0,Calculation of the volumetric characteristics of biomacromolecules in solution by the Voronoi–Delaunay technique,,,,,low,
https://openalex.org/W4317666112,https://doi.org/10.21105/joss.04693,2023.0,oxDNA: coarse-grained simulations of nucleic acids made simple,False,nucleic_acid,md,False,high,
https://openalex.org/W2100847043,https://doi.org/10.1073/pnas.1214051110,2013.0,From mechanical folding trajectories to intrinsic energy landscapes of biopolymers,False,protein,md,True,high,
https://openalex.org/W3126569504,https://doi.org/10.1002/adfm.202009661,2021.0,Spatiotemporal Magnetocaloric Microenvironment for Guiding the Fate of Biodegradable Polymer Implants,True,pla,md,True,medium,
https://openalex.org/W2334830643,https://doi.org/10.1295/koron.62.438,2005.0,Solubility Parameters of Biodegradable Polymers from Turbidimetric Titrations,True,pha,solubility,True,high,
https://openalex.org/W4403847352,https://doi.org/10.1016/j.foodhyd.2024.110786,2024.0,Predicting rheological parameters of food biopolymer mixtures using machine learning,True,protein,ml,True,high,
https://openalex.org/W2999049937,https://doi.org/10.1021/acs.energyfuels.9b03703,2020.0,Preaggregation of Asphaltenes in the Presence of Natural Polymers by Molecular Dynamics Simulation,True,other,md,False,medium,
https://openalex.org/W3029196983,https://doi.org/10.1016/j.molliq.2020.113479,2020.0,"In silico investigations of alginate biopolymer on the Fe (110), Cu (111), Al (111) and Sn (001) surfaces in acidic media: Quantum chemical and molecular mechanic calculations",True,alginate,qc,False,high,
https://openalex.org/W2168885089,https://doi.org/10.1002/bip.360291415,1990.0,Conformational sampling using high‐temperature molecular dynamics,False,protein,md,False,high,
https://openalex.org/W1971075690,https://doi.org/10.1016/j.polymer.2004.03.071,2004.0,Stochastic molecular descriptors for polymers. 1. Modelling the properties of icosahedral viruses with 3D-Markovian negentropies,,,,,low,
https://openalex.org/W2018633024,https://doi.org/10.1063/1.3442466,2010.0,Communications: Is quantum chemical treatment of biopolymers accurate? Intramolecular basis set superposition error (BSSE),False,protein,qc,False,high,
https://openalex.org/W2060705457,https://doi.org/10.1021/bm070006h,2007.0,Effects of Backbone and Side Chain on the Molecular Environments of Chiral Cavities in Polysaccharide-Based Biopolymers,True,cellulose,qc,True,high,
https://openalex.org/W4391476444,https://doi.org/10.1002/cben.202300054,2024.0,Advancing 3D Printing through Integration of Machine Learning with Algae‐Based Biopolymers,True,other_polysaccharide,ml,False,high,
https://openalex.org/W2399240700,https://doi.org/10.1103/physreve.92.022605,2015.0,Poroelastic model for adsorption-induced deformation of biopolymers obtained from molecular simulations,True,cellulose,md,False,high,
https://openalex.org/W2019172574,https://doi.org/10.1007/s10570-007-9189-x,2007.0,Cellulose swelling by protic solvents: which properties of the biopolymer and the solvent matter?,,,,,low,
https://openalex.org/W3195831165,https://doi.org/10.1155/2021/9283246,2021.0,Molecular Descriptor Analysis of Certain Isomeric Natural Polymers,True,other_polysaccharide,qsar,False,high,
https://openalex.org/W2049606607,https://doi.org/10.1039/c4ra09115a,2014.0,Hansen solubility parameters as a useful tool in searching for solvents for soy proteins,True,protein,solubility,False,medium,
https://openalex.org/W3194035015,https://doi.org/10.1016/j.cma.2021.114160,2021.0,Predicting the mechanical properties of biopolymer gels using neural networks trained on discrete fiber network data,,,,,low,
https://openalex.org/W4313897968,https://doi.org/10.1016/j.renene.2023.01.017,2023.0,Prediction of thermal degradation of biopolymers in biomass under pyrolysis atmosphere by means of machine learning,,,,,low,
https://openalex.org/W2739073345,https://doi.org/10.1021/acsomega.7b00436,2017.0,Biopolymer from Tragacanth Gum as a Green Corrosion Inhibitor for Carbon Steel in 1 M HCl Solution,True,other_polysaccharide,qc,True,high,
https://openalex.org/W1695488337,https://doi.org/10.1016/0076-6879(86)27031-7,1986.0,[28] Theoretical approaches to solvation of biopolymers,,,,,low,
https://openalex.org/W2535109600,https://doi.org/10.1021/acs.biomac.6b00846,2016.0,Rheological Study and Molecular Dynamics Simulation of Biopolymer Blend Thermogels of Tunable Strength,True,chitosan,md,True,high,
https://openalex.org/W2755914657,https://doi.org/10.1039/c7tb01964e,2017.0,Interaction of curcumin in a drug delivery system including a composite with poly(lactic-co-glycolic acid) and montmorillonite: a density functional theory and molecular dynamics study,True,pla,md,False,high,
https://openalex.org/W4416815594,https://doi.org/10.1093/bib/bbaf616,2025.0,A comprehensive benchmarking of the AlphaFold3 for predicting biomacromolecules and their interactions,False,protein,ml,False,high,
https://openalex.org/W4283118653,https://doi.org/10.1016/j.memsci.2022.120743,2022.0,Fabrication of sustainable organic solvent nanofiltration membranes using cellulose–chitosan biopolymer blends,,,,,low,
https://openalex.org/W1963844331,https://doi.org/10.1002/(sici)1521-3803(20000301)44:2<76::aid-food76>3.0.co;2-d,2000.0,The importance of glassy biopolymer components in food,True,other_polysaccharide,none,False,medium,
https://openalex.org/W1971769921,https://doi.org/10.1002/bip.20296,2005.0,A new set of amino acid descriptors and its application in peptide QSARs,False,protein,qsar,False,high,
https://openalex.org/W3133711088,https://doi.org/10.1021/acssuschemeng.0c08976,2021.0,Chitin Deacetylation Using Deep Eutectic Solvents: Ab Initio -Supported Process Optimization,True,chitosan,qc,True,high,
https://openalex.org/W4408301065,https://doi.org/10.1002/adma.202416901,2025.0,Artificial Intelligence and Multiscale Modeling for Sustainable Biopolymers and Bioinspired Materials,True,other,ml,False,medium,
https://openalex.org/W2414912995,https://doi.org/10.2174/1568026615666150506144814,2015.0,Multi-Target QSAR Approaches for Modeling Protein Inhibitors. Simultaneous Prediction of Activities Against Biomacromolecules Present in Gram-Negative Bacteria,False,none,qsar,False,high,
https://openalex.org/W2331344151,https://doi.org/10.15376/biores.11.2.4353-4368,2016.0,Determination of Alkali Lignin Solubility Parameters by Inverse Gas Chromatography and Hansen Solubility Parameters,True,lignin,solubility,True,high,
https://openalex.org/W2507599921,https://doi.org/10.1021/acs.chemrestox.6b00245,2016.0,Rational Selection of the 3D Structure of Biomacromolecules for Molecular Docking Studies on the Mechanism of Endocrine Disruptor Action,False,none,docking,False,high,
https://openalex.org/W2004068981,https://doi.org/10.1080/00319104.2012.713552,2012.0,Solubility parameters of biopolymers,True,other_polysaccharide,solubility,True,high,
https://openalex.org/W2067236651,https://doi.org/10.1080/10408390701347769,2008.0,Phase Separation in Biopolymer Gels: A Low- to High-Solid Exploration of Structural Morphology and Functionality,True,other_polysaccharide,none,False,medium,
https://openalex.org/W4385609598,https://doi.org/10.1007/s11003-023-00700-7,2023.0,Eco-Friendly Metal Corrosion Inhibitors Based on Natural Polymers (A Review),,,,,low,
https://openalex.org/W3088841304,https://doi.org/10.1021/acs.macromol.0c01576,2020.0,Low-Cost and Environmentally Friendly Biopolymer Binders for Li–S Batteries,True,other_polysaccharide,qc,True,high,
https://openalex.org/W1982593886,https://doi.org/10.1089/ten.tea.2009.0134,2009.0,Neural Network Analysis Identifies Scaffold Properties Necessary for In Vitro Chondrogenesis in Elastin-like Polypeptide Biopolymer Scaffolds,True,protein,ml,True,high,
https://openalex.org/W2965478636,https://doi.org/10.1016/j.ejmech.2019.111592,2019.0,"Novel 4-quinoline-thiosemicarbazone derivatives: Synthesis, antiproliferative activity, in vitro and in silico biomacromolecule interaction studies and topoisomerase inhibition",False,none,docking,True,high,
https://openalex.org/W2562989075,https://doi.org/10.1080/19386362.2016.1264692,2016.0,Laboratory study of using biopolymer to reduce wind erosion,True,other_polysaccharide,ml,True,high,
https://openalex.org/W4220950715,https://doi.org/10.1155/2022/5219139,2022.0,On Computation of Entropy Measures and Molecular Descriptors for Isomeric Natural Polymers,True,other_polysaccharide,qsar,False,high,
https://openalex.org/W2169715360,https://doi.org/10.1134/s0026893310040217,2010.0,GUI-BioPASED: A program for molecular dynamics simulations of biopolymers with a graphical user interface,False,none,md,False,medium,
https://openalex.org/W2982360219,https://doi.org/10.1021/acscatal.9b04042,2019.0,Reactive Metal–Biopolymer Interactions for Semihydrogenation of Acetylene,True,chitosan,qc,True,high,
https://openalex.org/W1984793577,https://doi.org/10.1002/bip.20620,2006.0,Molecular dynamics simulations of RNA: An in silico single molecule approach,False,nucleic_acid,md,False,high,
https://openalex.org/W2080250665,https://doi.org/10.1016/j.polymer.2008.03.032,2008.0,Prediction of biological response for large combinatorial libraries of biodegradable polymers: Polymethacrylates as a test case,,,,,low,
https://openalex.org/W3186880210,https://doi.org/10.1021/acsaem.1c01111,2021.0,Alginate Biopolymer Effect on the Electrodeposition of Manganese Dioxide on Electrodes for Supercapacitors,True,alginate,md,True,high,
https://openalex.org/W3020337514,https://doi.org/10.1038/s41598-020-63769-z,2020.0,Graphene Quantum Dot Oxidation Governs Noncovalent Biopolymer Adsorption,False,nucleic_acid,md,True,high,
https://openalex.org/W4410921798,https://doi.org/10.1016/j.ijbiomac.2025.144822,2025.0,"Lignin (G/S type) as a sustainable biopolymer corrosion inhibitor for Cu-Zn alloy in sodium chloride: Extraction, characterization, electrochemical analysis, ab initio calculations, and molecular dynamics simulations",True,lignin,qc,True,high,
https://openalex.org/W2135357420,https://doi.org/10.1016/s1387-3806(99)00256-0,2000.0,Conformations of biopolymers in the gas phase: a new mass spectrometric method,,,,,low,
https://openalex.org/W2109982997,https://doi.org/10.1016/j.polymer.2005.04.104,2005.0,Stochastic molecular descriptors for polymers. 3. Markov electrostatic moments as polymer 2D-folding descriptors: RNA–QSAR for mycobacterial promoters,,,,,low,
https://openalex.org/W4206823071,https://doi.org/10.3390/polym14020345,2022.0,Predicting the Mechanical Response of Polyhydroxyalkanoate Biopolymers Using Molecular Dynamics Simulations,True,pha,md,False,high,
https://openalex.org/W4200588800,https://doi.org/10.1016/j.polymertesting.2021.107456,2021.0,Architecture of covalent bonds between filament layers to enhance performance of 3D printing biodegradable polymer blends,True,pla,md,True,high,
https://openalex.org/W3169321341,https://doi.org/10.1063/5.0059965,2021.0,A deep autoencoder framework for discovery of metastable ensembles in biomacromolecules,False,protein,ml,False,high,
https://openalex.org/W4210742636,https://doi.org/10.1021/acsami.1c21650,2022.0,Synergistic Behavior of Plant Proteins and Biobased Latexes in Bioplastic Food Packaging Materials: Experimental and Machine Learning Study,True,protein,ml,True,high,
https://openalex.org/W2016850638,https://doi.org/10.1021/ma9008143,2009.0,Scale-Dependent Electrostatic Stiffening in Biopolymers,True,other_polysaccharide,md,False,medium,
https://openalex.org/W2148066904,https://doi.org/10.1039/c2sm26279g,2012.0,Complex effects of molecular topology on diffusion in entangled biopolymer blends,True,nucleic_acid,md,True,high,
https://openalex.org/W1588852872,https://doi.org/10.1016/b978-0-12-381270-4.00003-2,2010.0,Strategies for Articulated Multibody-Based Adaptive Coarse Grain Simulation of RNA,,,,,low,
https://openalex.org/W4389547106,https://doi.org/10.3390/molecules28248031,2023.0,Mechanochemical Degradation of Biopolymers,True,other,none,False,medium,
https://openalex.org/W3132343771,https://doi.org/10.1016/j.ijbiomac.2021.02.166,2021.0,Corrosion mitigation performance of disodium EDTA functionalized chitosan biomacromolecule - Experimental and theoretical approach,True,chitosan,qc,True,medium,
https://openalex.org/W4402419895,https://doi.org/10.1016/j.progpolymsci.2024.101874,2024.0,"A review of computational approaches used in the modelling, design, and manufacturing of biodegradable and biobased polymers",True,other,molecular_modelling,False,high,
https://openalex.org/W1534668118,https://doi.org/10.1007/pl00010280,1999.0,Hydrogen Bonding: From Small Clusters to Biopolymers,,,,,low,
https://openalex.org/W1550339162,https://doi.org/10.1007/bf00578344,1979.0,Non-empirical SCF MO studies on the protonation of biopolymer constituents,,,,,low,
https://openalex.org/W2057566308,https://doi.org/10.1021/ja974277j,1998.0,Biopolymer Conformational Distributions from Solid-State NMR: α-Helix and 310-Helix Contents of a Helical Peptide,False,protein,md,True,high,
https://openalex.org/W3133951953,https://doi.org/10.1016/j.saa.2021.119673,2021.0,Interaction of two peptide drugs with biomacromolecules analyzed by molecular docking and multi-spectroscopic methods,,,,,low,
https://openalex.org/W4399712313,https://doi.org/10.1016/j.scitotenv.2024.173893,2024.0,Bioplastic packaging in circular economy: A systems-based policy approach for multi-sectoral challenges,,,,,low,
https://openalex.org/W2041198130,https://doi.org/10.1021/jp402998s,2013.0,Sum-Frequency-Generation Vibration Spectroscopy and Density Functional Theory Calculations with Dispersion Corrections (DFT-D2) for Cellulose Iα and Iβ,True,cellulose,qc,True,high,
https://openalex.org/W2025385439,https://doi.org/10.1103/physreve.70.031109,2004.0,Density-functional theory for the structures and thermodynamic properties of highly asymmetric electrolyte and neutral component mixtures,False,none,qc,False,high,
https://openalex.org/W2051977718,https://doi.org/10.1021/jp027336a,2003.0,Binary Phases of Aliphatic N -Oxides and Water: Force Field Development and Molecular Dynamics Simulation,True,cellulose,md,False,medium,
https://openalex.org/W4396587676,https://doi.org/10.1016/j.trgeo.2024.101266,2024.0,Experimental investigation of sandy soil stabilization using chitosan biopolymer,True,chitosan,md,True,high,
https://openalex.org/W2994157719,https://doi.org/10.1007/s11082-019-2134-z,2019.0,Functionalization of graphene quantum dots (GQDs) with chitosan biopolymer for biophysical applications,,,,,low,
https://openalex.org/W2117827316,https://doi.org/10.1002/jcc.21421,2009.0,Computational screening of biomolecular adsorption and self‐assembly on nanoscale surfaces,False,protein,md,False,medium,
https://openalex.org/W3081557796,https://doi.org/10.1016/j.jechem.2020.05.040,2020.0,Biopolymer passivation for high-performance perovskite solar cells by blade coating,,,,,low,
https://openalex.org/W2013381928,https://doi.org/10.1021/nl071948v,2007.0,Manipulating Biopolymer Dynamics by Anisotropic Nanoconfinement,False,protein,md,False,high,
https://openalex.org/W2612617312,https://doi.org/10.1016/j.jbiotec.2017.05.007,2017.0,Biosurfactant-biopolymer driven microbial enhanced oil recovery (MEOR) and its optimization by an ANN-GA hybrid technique,,,,,low,
https://openalex.org/W4400211078,https://doi.org/10.3390/polym16131864,2024.0,Molecular Dynamic Simulations for Biopolymers with Biomedical Applications,True,other,md,False,high,
https://openalex.org/W1964872135,https://doi.org/10.1016/s1089-3156(01)00025-3,2001.0,Strategies for multiscale modeling and simulation of organic materials: polymers and biopolymers,,,,,low,
https://openalex.org/W2021162631,https://doi.org/10.1021/nl802645d,2009.0,Free Energy Landscape of a DNA−Carbon Nanotube Hybrid Using Replica Exchange Molecular Dynamics,True,nucleic_acid,md,False,high,
https://openalex.org/W4220911705,https://doi.org/10.1140/epjp/s13360-022-02629-3,2022.0,On physical analysis of topological indices via curve fitting for natural polymer of cellulose network,,,,,low,
https://openalex.org/W2101348514,https://doi.org/10.1260/026361708786035378,2008.0,Determination of Hansen Solubility Parameters by Means of Gas-Solid Inverse Gas Chromatography,True,none,solubility,True,medium,
https://openalex.org/W4388093830,https://doi.org/10.3390/app132111841,2023.0,Predicting the Composition and Mechanical Properties of Seaweed Bioplastics from the Scientific Literature: A Machine Learning Approach for Modeling Sparse Data,True,other_polysaccharide,ml,False,high,
https://openalex.org/W1736180279,https://doi.org/10.1007/s11947-015-1592-y,2015.0,Efficiency Assessment of Natural Biopolymers as Encapsulants of Green Tea (Camellia sinensis L.) Bioactive Compounds by Spray Drying,,,,,low,
https://openalex.org/W4388022226,https://doi.org/10.4028/p-ppefx7,2023.0,A Density Functional Theory Study on the Interaction of Cellulose Biopolymer and Atomic Arsenic,True,cellulose,qc,False,high,
https://openalex.org/W4401057088,https://doi.org/10.1016/j.seppur.2024.128986,2024.0,Molecular simulation-based assessing of a novel metal-organic framework modified with alginate and chitosan biopolymers for anionic reactive black 5 and cationic crystal violet pollutants capture,True,alginate,md,False,low,
https://openalex.org/W4387771514,https://doi.org/10.1021/acs.macromol.3c00994,2023.0,PolyID: Artificial Intelligence for Discovering Performance-Advantaged and Sustainable Polymers,True,other,ml,True,high,
https://openalex.org/W4360600405,https://doi.org/10.1080/10408398.2023.2191281,2023.0,Biological and thermodynamic stabilization of lipid-based delivery systems through natural biopolymers; controlled release and molecular dynamics simulations,True,other_polysaccharide,md,False,medium,
https://openalex.org/W3103126445,https://doi.org/10.3390/agriculture10110538,2020.0,Machine Learning Model for Nutrient Release from Biopolymers Coated Controlled-Release Fertilizer,True,other,ml,False,high,
https://openalex.org/W1973279447,https://doi.org/10.1021/bm800269h,2008.0,Biopolymer and Water Dynamics in Microbial Biofilm Extracellular Polymeric Substance,False,other_polysaccharide,none,True,medium,
https://openalex.org/W3023367847,https://doi.org/10.1021/acs.molpharmaceut.0c00312,2020.0,Rational Design Principles of Attenuated Cationic Lytic Peptides for Intracellular Delivery of Biomacromolecules,False,none,md,True,high,
https://openalex.org/W4361217479,https://doi.org/10.3390/ijms24076368,2023.0,Recent Theoretical Insights into the Oxidative Degradation of Biopolymers and Plastics by Metalloenzymes,True,other_polysaccharide,qc,False,medium,
https://openalex.org/W4205884413,https://doi.org/10.1016/j.biortech.2021.126661,2022.0,Towards monitoring biodegradation of starch-based bioplastic in anaerobic condition: Finding a proper kinetic model,,,,,low,
https://openalex.org/W4205708998,https://doi.org/10.1002/advs.202102804,2022.0,Ultrasensitive DNA‐Biomacromolecule Sensor for the Detection Application of Clinical Cancer Samples,False,nucleic_acid,md,True,high,
https://openalex.org/W4399715162,https://doi.org/10.1007/s41939-024-00505-4,2024.0,Prediction and optimization of tensile strength of additively manufactured PEEK biopolymer using machine learning techniques,,,,,low,
https://openalex.org/W2001112476,https://doi.org/10.1016/j.polymer.2008.09.070,2008.0,Stochastic molecular descriptors for polymers. 4. Study of complex mixtures with topological indices of mass spectra spiral and star networks: The blood proteome case,,,,,low,
https://openalex.org/W2088223339,https://doi.org/10.1021/ci400541d,2013.0,Dihedral-Based Segment Identification and Classification of Biopolymers I: Proteins,False,protein,molecular_modelling,False,high,
https://openalex.org/W4313646086,https://doi.org/10.1038/s41598-022-25372-2,2023.0,Multiscale molecular simulations for the solvation of lignin in ionic liquids,True,lignin,solubility,False,high,
https://openalex.org/W2802450287,https://doi.org/10.1016/j.molliq.2018.04.089,2018.0,"Study of dual encapsulation possibility of hydrophobic and hydrophilic drugs into a nanocarrier based on bio-polymer coated graphene oxide using density functional theory, molecular dynamics simulation and experimental methods",,,,,low,
https://openalex.org/W2971975433,https://doi.org/10.1016/j.eurpolymj.2019.109232,2019.0,Survey on transport properties of vapours and liquids on biodegradable polymers,,,,,low,
https://openalex.org/W1632101925,https://doi.org/10.1007/3-540-35284-8_18,2007.0,Redox Free Energies from Vertical Energy Gaps: Ab Initio Molecular Dynamics Implementation,,,,,low,
https://openalex.org/W4413372915,https://doi.org/10.3390/macromol5030038,2025.0,Machine Learning for the Optimization of the Bioplastics Design,True,pla,ml,False,high,
https://openalex.org/W4281938444,https://doi.org/10.3390/ma15113954,2022.0,Agar Biopolymer Films for Biodegradable Packaging: A Reference Dataset for Exploring the Limits of Mechanical Performance,True,other_polysaccharide,ml,True,high,
https://openalex.org/W2051914015,https://doi.org/10.1021/jp003693e,2001.0,Ab Initio Studies on the Mechanism of Tyrosine Coupling,False,protein,qc,False,high,
https://openalex.org/W2124911500,https://doi.org/10.1186/1471-2105-12-101,2011.0,Implementation of force distribution analysis for molecular dynamics simulations,False,protein,md,False,high,
https://openalex.org/W2602552313,https://doi.org/10.1016/j.ijbiomac.2017.03.057,2017.0,"Homology modeling, molecular docking and molecular dynamics studies of the catalytic domain of chitin deacetylase from Cryptococcus laurentii strain RY1",,,,,low,
https://openalex.org/W2978416222,https://doi.org/10.1016/j.jtbi.2019.110039,2019.0,LEGO-based generalized set of two linear algebraic 3D bio-macro-molecular descriptors: Theory and validation by QSARs,False,protein,qsar,False,high,
https://openalex.org/W2145581949,https://doi.org/10.1002/qua.560180207,1980.0,The solvophobic theory for the prediction of molecular conformations and biopolymer bindings in solutions with recent direct experimental tests,False,none,molecular_modelling,False,medium,
https://openalex.org/W2278091594,https://doi.org/10.1002/app.43466,2016.0,A magnetic mesoporous chitosan based core‐shells biopolymer for anionic dye adsorption: Kinetic and isothermal study and application of ANN,True,chitosan,ml,True,high,
https://openalex.org/W4394928457,https://doi.org/10.3389/fmolb.2024.1404885,2024.0,Machine learning approaches to cryoEM density modification differentially affect biomacromolecule and ligand density quality,False,none,ml,False,high,
https://openalex.org/W4399044732,https://doi.org/10.3390/molecules29112512,2024.0,Improving Water-Based Drilling Mud Performance Using Biopolymer Gum: Integrating Experimental and Machine Learning Techniques,True,other_polysaccharide,ml,True,high,
https://openalex.org/W2892312845,https://doi.org/10.1016/j.foodhyd.2018.09.007,2018.0,Molecular dynamics of the diffusion of natural bioactive compounds from high-solid biopolymer matrices for the design of functional foods,,,,,low,
https://openalex.org/W3038795570,https://doi.org/10.1021/acsomega.0c02031,2020.0,Probing the Interaction between Human Serum Albumin and 9-Hydroxyphenanthrene: A Spectroscopic and Molecular Docking Study,False,protein,docking,True,high,
https://openalex.org/W4401834655,https://doi.org/10.1007/s44174-024-00218-9,2024.0,Enhancing Drug Delivery With Electrospun Biopolymer Nanofibers,,,,,low,
https://openalex.org/W3092713080,https://doi.org/10.1002/adsu.202000193,2020.0,Ultrahigh Thermoresistant Lightweight Bioplastics Developed from Fermentation Products of Cellulosic Feedstock,True,other,qc,True,high,
https://openalex.org/W2091874660,https://doi.org/10.1016/j.actbio.2008.11.014,2008.0,Molecular dynamics simulations on the interaction between polymers and hydroxyapatite with and without coupling agents,,,,,low,
https://openalex.org/W4307343491,https://doi.org/10.1021/acs.est.2c04948,2022.0,"Selectivity in Enzymatic Phosphorus Recycling from Biopolymers: Isotope Effect, Reactivity Kinetics, and Molecular Docking with Fungal and Plant Phosphatases",False,nucleic_acid,docking,True,medium,
https://openalex.org/W1979449941,https://doi.org/10.1016/j.gca.2006.05.016,2006.0,Interactions of biopolymers with silica surfaces: Force measurements and electronic structure calculation studies,,,,,low,
https://openalex.org/W2019649874,https://doi.org/10.1021/ct200251x,2011.0,Development of Force Field Parameters for Molecular Simulation of Polylactide,True,pla,md,True,high,
https://openalex.org/W4283070732,https://doi.org/10.1016/j.cbpa.2022.102175,2022.0,Molecular simulations of complex carbohydrates and glycoconjugates,True,other_polysaccharide,md,False,high,
https://openalex.org/W3097005383,https://doi.org/10.1016/j.chom.2020.10.004,2020.0,Deep-Learning Resources for Studying Glycan-Mediated Host-Microbe Interactions,False,other_polysaccharide,ml,False,high,
https://openalex.org/W2494879503,https://doi.org/10.1595/003214003x47398107,2003.0,Nucleation and Growth of Platinum Clusters in Solution and on Biopolymers,True,nucleic_acid,md,True,high,
https://openalex.org/W4372232670,https://doi.org/10.1016/j.carbpol.2023.120974,2023.0,Molecular insight into toughening induced by core-shell structure formation in starch-blended bioplastic composites,,,,,low,
https://openalex.org/W2037773996,https://doi.org/10.1073/pnas.0600022103,2006.0,X-ray diffraction “fingerprinting” of DNA structure in solution for quantitative evaluation of molecular dynamics simulation,False,nucleic_acid,md,True,high,
https://openalex.org/W4417056778,https://doi.org/10.3390/biomimetics10120802,2025.0,Advances in Computational Modeling and Machine Learning of Cellulosic Biopolymers: A Comprehensive Review,True,cellulose,md,False,high,
https://openalex.org/W2038049222,https://doi.org/10.1002/bip.21314,2009.0,Exploration of human serum albumin binding sites by docking and molecular dynamics flexible ligand–protein interactions,False,protein,md,False,high,
https://openalex.org/W2944555669,https://doi.org/10.1016/j.jclepro.2019.05.104,2019.0,Holistic valorization of rapeseed meal utilizing green solvents extraction and biopolymer production with Pseudomonas putida,,,,,low,
https://openalex.org/W3167052452,https://doi.org/10.1016/j.molstruc.2021.130775,2021.0,"Anticorrosion performance of biopolymer pectin on 6061 aluminium alloy: Electrochemical, spectral and theoretical approach",True,pectin,qc,True,medium,
https://openalex.org/W4289444097,https://doi.org/10.1016/j.molliq.2022.119985,2022.0,Effect of natural polymer additives on crystal form and morphology of clozapine anhydrate and monohydrate,,,,,low,
https://openalex.org/W4288715233,https://doi.org/10.1021/acs.chemrev.2c00213,2022.0,Biomacromolecule-Assisted Screening for Reaction Discovery and Catalyst Optimization,False,none,none,True,high,
https://openalex.org/W1989175214,https://doi.org/10.1080/0144235x.2015.1022946,2015.0,Nature and strength of sulfur-centred hydrogen bonds: laser spectroscopic investigations in the gas phase and quantum-chemical calculations,False,none,qc,True,high,
https://openalex.org/W2919112692,https://doi.org/10.1016/j.jngse.2019.03.002,2019.0,Unraveling the effect of sub-cooling temperatures on the kinetic performance of biopolymers for methane hydrate,,,,,low,
https://openalex.org/W1983668268,https://doi.org/10.1016/0079-6700(93)90006-x,1993.0,Molecular dynamics in biopolymers as studied by magnetic resonance,,,,,low,
https://openalex.org/W3127928855,https://doi.org/10.1016/j.xphs.2021.01.032,2021.0,Efficient Prediction of In Vitro Piroxicam Release and Diffusion From Topical Films Based on Biopolymers Using Deep Learning Models and Generative Adversarial Networks,True,other,ml,True,medium,
https://openalex.org/W2084239137,https://doi.org/10.1016/j.abb.2006.03.007,2006.0,Luminescent metal-ligand complexes as probes of macromolecular interactions and biopolymer dynamics,,,,,low,
https://openalex.org/W3194396138,https://doi.org/10.1080/10426914.2021.1945090,2021.0,Advanced processing of 3D printed biocomposite materials using artificial intelligence,True,other,ml,False,medium,
https://openalex.org/W4386026957,https://doi.org/10.3390/ma16165720,2023.0,Artificial Neural Networks for Predicting the Diameter of Electrospun Nanofibers Synthesized from Solutions/Emulsions of Biopolymers and Oils,True,other_polysaccharide,ml,True,high,
https://openalex.org/W2838955424,https://doi.org/10.1016/j.matdes.2018.07.005,2018.0,ANN prediction of corrosion behaviour of uncoated and biopolymers coated cp-Titanium substrates,,,,,low,
https://openalex.org/W2562886235,https://doi.org/10.1021/acs.jpca.6b11414,2016.0,Depolymerization Pathways for Branching Lignin Spirodienone Units Revealed with ab Initio Steered Molecular Dynamics,True,lignin,md,False,high,
https://openalex.org/W4318219092,https://doi.org/10.1007/s10311-023-01569-3,2023.0,"Biotechnology to convert carbon dioxide into biogas, bioethanol, bioplastic and succinic acid using algae, bacteria and yeast: a review",,,,,low,
https://openalex.org/W4411410027,https://doi.org/10.1038/s41529-025-00613-7,2025.0,Bayesian optimization of biodegradable polymers via machine learning driven features from low-field NMR data,True,pla,ml,True,high,
https://openalex.org/W3012769759,https://doi.org/10.1063/5.0008312,2020.0,Optimal estimates of self-diffusion coefficients from molecular dynamics simulations,False,none,md,False,high,
https://openalex.org/W1512650928,https://doi.org/10.15376/biores.4.3.1044-1057,2009.0,Study of the structure of wood-related biopolymers by sorption methods,True,cellulose,solubility,True,medium,
https://openalex.org/W1976602895,https://doi.org/10.1021/bm7013872,2008.0,Wetting the (110) and (100) Surfaces of Iβ Cellulose Studied by Molecular Dynamics,True,cellulose,md,False,high,
https://openalex.org/W4389341175,https://doi.org/10.3390/w15244200,2023.0,Machine Learning Techniques in Dosing Coagulants and Biopolymers for Treating Leachate Generated in Landfills,True,other,ml,True,medium,
https://openalex.org/W2969340540,https://doi.org/10.1016/j.matpr.2019.08.057,2019.0,The effect of the two biopolymers “sodium alginate and chitosan” on the inhibition of copper corrosion in 1 M hydrochloric acid,True,alginate,none,True,medium,
https://openalex.org/W4309604086,https://doi.org/10.3389/fnut.2022.1039762,2022.0,Recent advances in structural characterization of biomacromolecules in foods via small-angle X-ray scattering,False,none,none,True,medium,
https://openalex.org/W2015558782,https://doi.org/10.1080/08927029008022127,1990.0,Molecular Dynamics Simulation on a Parallel Computer,False,protein,md,False,high,
https://openalex.org/W2189423943,https://doi.org/10.1016/j.jmbbm.2015.10.005,2015.0,Nanomechanical characterization and molecular mechanism study of nanoparticle reinforced and cross-linked chitosan biopolymer,,,,,low,
https://openalex.org/W4407848172,https://doi.org/10.1016/j.fuel.2025.134724,2025.0,"On the thermal degradation of palm frond and PLA 3251D biopolymer: TGA/FTIR experimentation, thermo-kinetics, and machine learning CDNN analysis",,,,,low,
https://openalex.org/W2146554742,https://doi.org/10.1016/j.polymer.2004.09.002,2004.0,Accurate predictions of cellular response using QSPR: a feasibility test of rational design of polymeric biomaterials,True,other,qsar,True,high,
https://openalex.org/W3016712229,https://doi.org/10.1016/j.snb.2020.128025,2020.0,Biopolymer based ionogels as active layers in low-cost gas sensors for electronic noses,True,other_polysaccharide,ml,True,high,
https://openalex.org/W3115666271,https://doi.org/10.1080/20909977.2020.1846246,2020.0,Development of natural polymer/metal oxide nanocomposite reinforced with graphene oxide for optoelectronic applications,True,other_polysaccharide,qc,False,high,
https://openalex.org/W2011408531,https://doi.org/10.1080/08927022.2014.898118,2014.0,Computer simulation of polymer and biopolymer self-assembly for drug delivery,True,other,md,False,high,
https://openalex.org/W3035815479,https://doi.org/10.1063/5.0019088,2020.0,A workflow for exploring ligand dissociation from a macromolecule: Efficient random acceleration molecular dynamics simulation and interaction fingerprint analysis of ligand trajectories,False,none,md,False,high,
https://openalex.org/W630728292,https://doi.org/10.1007/s00894-015-2705-2,2015.0,Molecular dynamics simulation study of chitosan and gemcitabine as a drug delivery system,,,,,low,
https://openalex.org/W2021963371,https://doi.org/10.1088/0957-4484/14/8/302,2003.0,Nucleation of platinum clusters on biopolymers: a first principles study of the molecular mechanisms,False,nucleic_acid,md,False,medium,
https://openalex.org/W2064386474,https://doi.org/10.1016/j.polymer.2013.05.038,2013.0,Investigating the release of a hydrophobic peptide from matrices of biodegradable polymers: An integrated method approach,True,other,ml,True,high,
https://openalex.org/W4296143539,https://doi.org/10.1016/j.mtcomm.2022.104488,2022.0,Elucidating the adsorption mechanisms of anionic dyes on chitosan (110) surface in aqueous medium by quantum chemical and molecular dynamics,,,,,low,
https://openalex.org/W2171397794,https://doi.org/10.1016/j.orggeochem.2008.08.012,2008.0,Thermal decomposition process in algaenan of Botryococcus braunii race L. Part 2: Molecular dynamics simulations using the ReaxFF reactive force field,,,,,low,
https://openalex.org/W2048004343,https://doi.org/10.1063/1.1942487,2005.0,Relating kinetic rates and local energetic roughness by accelerated molecular-dynamics simulations,False,protein,md,False,high,
https://openalex.org/W4388225398,https://doi.org/10.1016/j.fpsl.2023.101206,2023.0,Fabrication of bioplastic material based on ethyl-cellulose using hot-melt extrusion,,,,,low,
https://openalex.org/W3007400364,https://doi.org/10.1002/aoc.5609,2020.0,Conjugation of pectin biopolymer with Au‐nanoparticles as a drug delivery system: Experimental and DFT studies,True,pectin,qc,True,high,
https://openalex.org/W2120697992,https://doi.org/10.1002/bip.360310304,1991.0,Molecular dynamics simulations of small peptides: Dependence on dielectric model and pH,False,protein,md,False,high,
https://openalex.org/W2487421160,https://doi.org/10.1039/c6ra10932b,2016.0,QSAR aided design and development of biopolymer-based SPE phase for liquid chromatographic analysis of polycyclic aromatic hydrocarbons in environmental water samples,True,starch,qsar,True,high,
https://openalex.org/W3133924680,https://doi.org/10.1016/j.cep.2021.108366,2021.0,Experimental and theoretical studies of biopolymers on the efficient CO2/CH4 separation of thin-film Pebax®1657 membrane,,,,,low,
https://openalex.org/W3094310650,https://doi.org/10.1080/20909977.2020.1821573,2020.0,Application of natural polymers enhanced with ZnO and CuO as humidity sensor,True,other_polysaccharide,qc,False,medium,
https://openalex.org/W4404887755,https://doi.org/10.18331/brj2024.11.4.5,2024.0,Third-generation biomass for bioplastics: a comprehensive review of microalgae-driven polyhydroxyalkanoate production,True,pha,ml,False,medium,
https://openalex.org/W4394768738,https://doi.org/10.1021/acssuschemeng.3c07597,2024.0,Curcuma Longa-Based Green and Sustainable Antioxidants for Biopolymers,True,other,md,True,high,
https://openalex.org/W4386764235,https://doi.org/10.1021/acs.jpcb.3c03887,2023.0,Asymmetric Periodic Boundary Conditions for All-Atom Molecular Dynamics and Coarse-Grained Simulations of Nucleic Acids,False,nucleic_acid,md,False,high,
https://openalex.org/W2605517795,https://doi.org/10.1021/acs.jcim.6b00672,2017.0,Discovery of Novel Ligands for TNF-α and TNF Receptor-1 through Structure-Based Virtual Screening and Biological Assay,False,none,docking,True,high,
https://openalex.org/W2167368911,https://doi.org/10.1007/s00231-012-0982-1,2012.0,Prediction of carbon dioxide diffusivity in biodegradable polymers using diffusion neural network,,,,,low,
https://openalex.org/W70707614,https://doi.org/10.1007/978-94-009-9812-4_13,1978.0,Electronic Structure of Biopolymers,,,,,low,
https://openalex.org/W4410152474,https://doi.org/10.1007/s11947-025-03868-9,2025.0,"Revolutionizing Food Packaging with Biobased Polymers, Active and Intelligent Materials for Enhanced Food Safety and Sustainability: Review",,,,,low,
https://openalex.org/W3099540429,https://doi.org/10.1002/jcc.26450,2020.0,New parallel computing algorithm of molecular dynamics for extremely huge scale biological systems,False,none,md,False,high,
https://openalex.org/W4383426854,https://doi.org/10.1039/d3ra02845c,2023.0,Computational formulation study of insulin on biodegradable polymers,True,chitosan,md,False,high,
https://openalex.org/W2982376233,https://doi.org/10.1007/s10570-019-02808-z,2019.0,Moisture-induced crossover in the thermodynamic and mechanical response of hydrophilic biopolymer,True,other_polysaccharide,md,False,high,
https://openalex.org/W4284891696,https://doi.org/10.1016/j.ijhydene.2022.06.125,2022.0,"Density functional theory (DFT) calculations, synthesis and electronic properties of alkoxylated-chalcone additive in enhancing the performance of CMC-based solid biopolymer electrolyte",,,,,low,
https://openalex.org/W4391143176,https://doi.org/10.31635/ccschem.024.202303697,2024.0,"7-Oxa-2,3-Diazanorbornene: A One-Step Accessible Monomer for Living Ring-Opening Metathesis Polymerization to Produce Backbone-Biodegradable Polymers",True,other,none,True,high,
https://openalex.org/W4392234443,https://doi.org/10.1021/acs.jctc.3c00874,2024.0,"When Data Are Lacking: Physics-Based Inverse Design of Biopolymers Interacting with Complex, Fluid Phases",False,protein,md,False,high,
https://openalex.org/W4412746162,https://doi.org/10.1016/j.matdes.2025.114475,2025.0,Predicting the mechanical behavior in FDM printing of biopolymers through boosting artificial neural networks,True,pla,ml,True,high,
https://openalex.org/W2932573009,https://doi.org/10.1039/c8sm02277a,2019.0,Cohesive and adhesive properties of crosslinked semiflexible biopolymer networks,True,other,md,False,high,
https://openalex.org/W1981079050,https://doi.org/10.1016/s0022-5193(89)80097-9,1989.0,Dielectric constant in calculations of the electrostatics of biopolymers,,,,,low,
https://openalex.org/W3041493850,,2020.0,Optimal estimates of self-diffusion coefficients from molecular dynamics simulations,False,none,md,False,high,
https://openalex.org/W1968761092,https://doi.org/10.1002/bip.20234,2005.0,Biopolymer stochastic moments. I. Modeling human rhinovirus cellular recognition with protein surface electrostatic moments,False,protein,qsar,False,high,
https://openalex.org/W2795014643,https://doi.org/10.1016/j.molstruc.2018.03.113,2018.0,Understanding of the interactions of ctDNA with an antioxidant flavone analog: Exploring the utility of the small molecule as fluorescent probe for biomacromolecule,False,nucleic_acid,docking,True,high,
https://openalex.org/W4402664762,https://doi.org/10.1038/s41598-024-71655-1,2024.0,Investigating the electronic properties of edge glycine/biopolymer/graphene quantum dots,True,other_polysaccharide,qc,False,high,
https://openalex.org/W2766697122,https://doi.org/10.4018/ijqspr.2018010104,2017.0,QSPR Prediction of Retention Times of Methylxanthines and Cotinine by Bioplastic Evolution,False,none,qsar,False,medium,
https://openalex.org/W7131243061,https://doi.org/10.1007/s10924-025-03761-8,2026.0,Review on Aging of Biodegradable Polymers: Experimental Approaches and Emerging Role of Machine and Deep Learning,True,other,ml,True,high,
https://openalex.org/W4407947128,https://doi.org/10.1016/j.ijbiomac.2025.141565,2025.0,Using network analysis and large-language models to obtain a landscape of the literature on dressing materials for wound healing: The predominance of chitosan and other biomacromolecules: A review,True,chitosan,ml,False,high,
https://openalex.org/W2155935586,https://doi.org/10.1002/qua.560290404,1986.0,Quantum mechanical treatment of biopolymers as solids: Possible implications for carcinogenesis,True,nucleic_acid,qc,False,medium,
https://openalex.org/W3124014614,https://doi.org/10.1063/5.0037938,2021.0,Deep learning for nanopore ionic current blockades,False,nucleic_acid,ml,True,high,
https://openalex.org/W2480193202,https://doi.org/10.1533/9781845698331.1,1991.0,Aggregation Mechanisms in Food Colloids and the Role of Biopolymers,,,,,low,
https://openalex.org/W4293770196,https://doi.org/10.3390/polym14173518,2022.0,Antioxidant Potential of Santowhite as Synthetic and Ascorbic Acid as Natural Polymer Additives,True,other,qc,False,high,
https://openalex.org/W4220821803,https://doi.org/10.3390/physchem2010005,2022.0,A Comparison between the Lower Critical Solution Temperature Behavior of Polymers and Biomacromolecules,True,protein,md,False,high,
https://openalex.org/W2090281497,https://doi.org/10.1007/s10043-004-0385-8,2004.0,Second Harmonic Generation Measurements for Biomacromolecules: Celluloses,,,,,low,
https://openalex.org/W3130373112,https://doi.org/10.1016/j.molliq.2021.115706,2021.0,"Adsorption of Eriochrome Black T on the chitin surface: Experimental study, DFT calculations and molecular dynamics simulation",True,chitin,md,True,high,
https://openalex.org/W2336588883,https://doi.org/10.1155/2016/6273414,2016.0,Developing a Suitable Model for Water Uptake for Biodegradable Polymers Using Small Training Sets,True,other,ml,False,high,
https://openalex.org/W4385420470,https://doi.org/10.3390/photonics10080883,2023.0,Review of Bioplastics Characterisation by Terahertz Techniques in the View of Ensuring a Circular Economy,True,other,ml,False,medium,
https://openalex.org/W4404207234,https://doi.org/10.1007/s40515-024-00456-w,2024.0,Unconfined Compressive Strength Prediction of Soils Improved with Biopolymers: Machine Learning Approach,,,,,low,
https://openalex.org/W2045682284,https://doi.org/10.1088/1748-6041/3/4/044110,2008.0,Atomic-scale interactions at the interface of biopolymer/hydroxyapatite,True,chitosan,md,False,high,
https://openalex.org/W2002305696,https://doi.org/10.1007/s00396-013-3038-2,2013.0,Organic vapor sensing behaviors of carbon black/poly (lactic acid) conductive biopolymer composite,,,,,low,
https://openalex.org/W1999917169,https://doi.org/10.1007/s0089460020373,1996.0,Ab initio Calculation of the Conformations and Vibrational Spectra of 2-Phenylbutane,,,,,low,
https://openalex.org/W2011889027,https://doi.org/10.3390/sym2020934,2010.0,Chiroptical Properties of Amino Acids: A Density Functional Theory Study,False,protein,qc,False,high,
https://openalex.org/W4410020609,https://doi.org/10.1016/j.commatsci.2025.113930,2025.0,Enhancing mechanical properties of PCL Biopolymers with APTES-Functionalized Bioactive Glass Nanoparticles: A molecular dynamics study,,,,,low,
https://openalex.org/W4285092587,https://doi.org/10.1021/acssuschemeng.2c01895,2022.0,Machine Learning Optimization of Lignin Properties in Green Biorefineries,True,lignin,ml,True,high,
https://openalex.org/W1976825191,https://doi.org/10.1002/bip.360350205,1995.0,Dominant solvation effects from the primary shell of hydration: Approximation for molecular dynamics simulations,False,protein,md,False,high,
https://openalex.org/W1951518860,https://doi.org/10.1039/c5cp04889c,2015.0,Ionogel based on biopolymer–silica interpenetrated networks: dynamics of confined ionic liquid with lithium salt,True,other_polysaccharide,none,True,medium,
https://openalex.org/W1987142174,https://doi.org/10.1209/0295-5075/24/5/006,1993.0,Water Dynamics in Biopolymer Gels by Quasi-Elastic Neutron Scattering,True,other_polysaccharide,none,True,high,
https://openalex.org/W4411114357,https://doi.org/10.1016/j.ijbiomac.2025.145048,2025.0,"Biopolymer hydrogels in biomedicine: Bridging chemistry, biology, and clinical translation",True,other_polysaccharide,none,False,high,
https://openalex.org/W4400722755,https://doi.org/10.1016/j.cej.2024.153946,2024.0,"Mechanism of action of plasma-activated water on biomacromolecules in Salmonella Enteritidis: Biological effect, computer simulation, and transcriptomics-based analysis",False,none,docking,True,high,
https://openalex.org/W1025267414,https://doi.org/10.1016/j.jmbbm.2015.07.008,2015.0,An atomic finite element model for biodegradable polymers. Part 1. Formulation of the finite elements,True,pla,md,False,high,
https://openalex.org/W4321792787,https://doi.org/10.1016/j.jiec.2023.02.031,2023.0,Biopolymer sodium alginate based titania and magnetite nanocomposites as natural corrosion inhibitors for mild steel in acidic medium,,,,,low,
https://openalex.org/W4383754665,https://doi.org/10.1080/17452759.2023.2225039,2023.0,Shrinkage prediction and correction in material extrusion of cellulose-chitin biopolymers using neural network regression,True,other_polysaccharide,ml,True,high,
https://openalex.org/W2533805287,https://doi.org/10.1080/15257770.2016.1218021,2016.0,DNA-binding study of anticancer drug cytarabine by spectroscopic and molecular docking techniques,False,nucleic_acid,docking,True,high,
https://openalex.org/W4412511694,https://doi.org/10.1002/advs.202508075,2025.0,Cellulosic Functional Bioplastic with Tunable Strength and Toughness Through Heat‐Treatment of Dynamic Covalent Networks,True,cellulose,md,True,high,
https://openalex.org/W4399388437,https://doi.org/10.1016/j.seppur.2024.128311,2024.0,Investigation of regeneratable biopolymer-based aerogels for heavy metal decontamination from water: Quantum chemical analysis and experimental investigation,True,cellulose,qc,True,high,
https://openalex.org/W2313398666,https://doi.org/10.1016/0022-0981(93)90214-9,1993.0,"Structure, cellular synthesis and assembly of biopolymers",,,,,low,
https://openalex.org/W2063349321,https://doi.org/10.1016/j.mechmat.2009.12.001,2009.0,Identification of mechanical properties of biopolymer composites sensitive to interface effect using hybrid approach,,,,,low,
https://openalex.org/W4308958779,https://doi.org/10.1002/adma.202204272,2022.0,Predictive Molecular Models for Charged Materials Systems: From Energy Materials to Biomacromolecules,False,none,md,False,medium,
https://openalex.org/W3008700575,https://doi.org/10.1021/acs.macromol.9b01988,2020.0,Disentangling Heat and Moisture Effects on Biopolymer Mechanics,True,lignin,md,False,high,
https://openalex.org/W4231333421,https://doi.org/10.17675/2305-6894-2020-9-1-11,2020.0,Chitosan biopolymer effect on copper corrosion in 3.5 wt.% NaCl solution: Electrochemical and quantum chemical studies,True,chitosan,qc,True,high,
https://openalex.org/W4404693674,https://doi.org/10.1021/acsapm.4c01914,2024.0,Improving the Optical Sorting of Polyester Bioplastics via Reflectance Spectroscopy and Machine Learning Classification Techniques,True,other,ml,True,high,
https://openalex.org/W4412710887,https://doi.org/10.1016/j.ijbiomac.2025.146408,2025.0,A review of recent trends in sustainable biopolymer-integrated concrete and its impact on mechanical performance and structural reliability,True,other,ml,False,medium,
https://openalex.org/W4289874531,https://doi.org/10.1360/tb-2022-0613,2022.0,Computational toxicology studies on the interactions between environmental contaminants and biomacromolecules,False,none,molecular_modelling,False,high,
https://openalex.org/W4402535938,https://doi.org/10.1016/j.ijoes.2024.100791,2024.0,"Effect of adsorption of two green biopolymers on the corrosion of aluminum in 1.0 M NaCl solution: Physicochemical, spectroscopic, surface and quantum chemical exploration",True,other_polysaccharide,qc,True,low,
https://openalex.org/W2088262314,https://doi.org/10.1007/bf03162097,2000.0,Molecular dynamics in poly[(R)-3-hydroxybutyric acid] biopolymer as studied by NMR,,,,,low,
https://openalex.org/W2530120717,https://doi.org/10.1080/10942912.2016.1225762,2016.0,Chemometric evaluation of binary mixtures of alginate and polysaccharide biopolymers as carriers for microencapsulation of green tea polyphenols,True,alginate,ml,True,high,
https://openalex.org/W2293393117,https://doi.org/10.1021/acsami.6b00463,2016.0,Molecular Dynamics Simulation of DNA Capture and Transport in Heated Nanopores,False,nucleic_acid,md,False,high,
https://openalex.org/W2902539249,https://doi.org/10.1016/j.jenvman.2018.11.083,2018.0,"Isolation and identification of Pseudomonas from wastewater, its immobilization in cellulose biopolymer and performance in degrading Triclosan",True,cellulose,ml,True,high,
https://openalex.org/W3001635210,https://doi.org/10.1016/j.foodhyd.2020.105689,2020.0,Re-assembled oleic acid-protein complexes as nano-vehicles for astaxanthin: Multispectral analysis and molecular docking,True,protein,docking,True,high,
https://openalex.org/W2965679472,https://doi.org/10.2118/198861-ms,2019.0,Improved Water Based Mud Using Solanum Tuberosum Formulated Biopolymer and Application of Artificial Neural Network in Predicting Mud Rheological Properties,True,starch,ml,True,high,
https://openalex.org/W3081455314,https://doi.org/10.1021/acs.jpcb.0c05273,2020.0,What Does Ectoine Do to DNA? A Molecular-Scale Picture of Compatible Solute–Biopolymer Interactions,False,nucleic_acid,qc,True,high,
https://openalex.org/W4221142372,https://doi.org/10.48550/arxiv.2203.12033,2022.0,Bioplastic Design using Multitask Deep Neural Networks,True,pha,ml,False,high,
https://openalex.org/W4401316432,https://doi.org/10.54796/njb.v12i1.312,2024.0,A New Era of Discovery: How Artificial Intelligence has Revolutionized the Biotechnology,False,none,none,False,low,
https://openalex.org/W4404001727,https://doi.org/10.1016/j.ijpharm.2024.124905,2024.0,Optimising the production of PLGA nanoparticles by combining design of experiment and machine learning,True,pla,ml,True,high,
https://openalex.org/W4200480604,https://doi.org/10.1038/s41598-021-03793-9,2021.0,Integrative measurement analysis via machine learning descriptor selection for investigating physical properties of biopolymers in hairs,True,protein,ml,True,high,
https://openalex.org/W3201543509,https://doi.org/10.3389/fmolb.2021.677547,2021.0,Microfluidic Synthesis of Indomethacin-Loaded PLGA Microparticles Optimized by Machine Learning,True,pla,ml,True,high,
https://openalex.org/W2986787770,https://doi.org/10.1016/j.molliq.2019.112140,2019.0,Dissolution behavior of microcrystalline cellulose in DBU-based deep eutectic solvents: Insights from spectroscopic investigation and quantum chemical calculations,True,cellulose,qc,True,high,
https://openalex.org/W3159679573,https://doi.org/10.1007/bf00548940,1979.0,Non-empirical SCF MO studies on the protonation of biopolymer constituents,,,,,low,
https://openalex.org/W4404170669,https://doi.org/10.1016/j.ijbiomac.2024.137462,2024.0,"A comprehensive review of intelligent packaging materials based on biopolymers: Role of anthocyanins, type and properties of materials, and their application in monitoring meat freshness",True,other_polysaccharide,none,False,medium,
https://openalex.org/W2092449862,https://doi.org/10.1002/bip.21392,2010.0,An integrated molecular dynamics (MD) and experimental study of higher order human telomeric quadruplexes,False,nucleic_acid,md,True,high,
https://openalex.org/W4406613010,https://doi.org/10.1007/s11665-024-10629-w,2025.0,Application of Machine Learning-Based Approach to Predict and Optimize Mechanical Properties of Additively Manufactured Polyether Ether Ketone Biopolymer Using Fused Deposition Modeling,True,other,ml,True,medium,
https://openalex.org/W2062559917,https://doi.org/10.1002/(sici)1097-0282(199805)45:6<405::aid-bip1>3.0.co;2-t,1998.0,"Conformational properties of a model alanyl dipeptide and of alanine-derived oligopeptides: Effects of solvation in water and in organic solvents—A combined SIBFA/continuum reaction field, ab initio self-consistent field, and density functional theory investigation",False,protein,qc,False,high,
https://openalex.org/W1999820535,https://doi.org/10.1002/bip.20473,2006.0,Principal component analysis and artificial neural network analysis of oral tissue fluorescence spectra: Classification of normal premalignant and malignant pathological conditions,False,none,ml,True,high,
https://openalex.org/W3213550268,https://doi.org/10.1002/biot.202100298,2021.0,Antimicrobial and antiviral activities with molecular docking study of chitosan/carrageenan@clove oil beads,True,chitosan,docking,True,high,
https://openalex.org/W2081250943,https://doi.org/10.1021/jp801448s,2008.0,Polyionic Charge Density Plays a Key Role in Differential Recognition of Mobile Ions by Biopolymers,False,nucleic_acid,md,False,high,
https://openalex.org/W4312656631,https://doi.org/10.21203/rs.3.rs-1481815/v1,2022.0,Bioplastic Design using Multitask Deep Neural Networks,True,pha,ml,False,high,
https://openalex.org/W4244180233,https://doi.org/10.1007/978-3-7091-6419-8_1,1999.0,Hydrogen Bonding: From Small Clusters to Biopolymers,,,,,low,
https://openalex.org/W4298007725,https://doi.org/10.1016/j.tsep.2022.101490,2022.0,Multilayer perceptron neural network applied to TG dynamic data of biopolymer chitosan – A robust tool to study the kinetics of solid thermal decomposition,,,,,low,
https://openalex.org/W4396733928,https://doi.org/10.1021/acs.jpca.4c01287,2024.0,EspalomaCharge: Machine Learning-Enabled Ultrafast Partial Charge Assignment,False,none,ml,False,high,
https://openalex.org/W4382646093,https://doi.org/10.1007/s12274-023-5784-x,2023.0,Biopolymers-based skin-interfaced triboelectric sensors,True,other,none,False,high,
https://openalex.org/W3160842228,https://doi.org/10.1016/j.chemosphere.2021.130920,2021.0,"Synergy of production of value-added bioplastic, astaxanthin and phycobilin co-products and Direct Green 6 textile dye remediation in Spirulina platensis",True,pha,ml,True,high,
https://openalex.org/W1974886244,https://doi.org/10.1016/j.ijbiomac.2015.01.006,2015.0,Density functional theory studies of Pb (II) interaction with chitosan and its derivatives,True,chitosan,qc,False,high,
https://openalex.org/W4233666809,https://doi.org/10.33263/briac111.78477859,2020.0,Molecular Modeling Analyses for Modified Biopolymers,True,other_polysaccharide,qc,False,medium,
https://openalex.org/W4226379353,https://doi.org/10.1109/tem.2022.3146199,2022.0,Assessing Interdisciplinary Research Within an Emerging Technology Network: A Novel Approach Based on Patents in the Field of Bioplastics,False,none,none,False,high,
https://openalex.org/W4307944318,https://doi.org/10.3390/md20110675,2022.0,A Review of the Chemical Extraction of Chitosan from Shrimp Wastes and Prediction of Factors Affecting Chitosan Yield by Using an Artificial Neural Network,True,chitosan,ml,False,high,
https://openalex.org/W2061139820,https://doi.org/10.1016/j.chemosphere.2005.04.040,2005.0,QSARs for the aquatic toxicity of aromatic aldehydes from Tetrahymena data,,,,,low,
https://openalex.org/W3047387521,https://doi.org/10.1021/acs.jcim.0c00197,2020.0,Analytical Model of Electron Density and Its Machine Learning Inference,False,none,ml,False,high,
https://openalex.org/W2322163709,https://doi.org/10.1021/jp311005y,2013.0,Adsorption of Biopolymers on SWCNT: Ordered Poly(rC) and Disordered Poly(rI),True,nucleic_acid,md,True,high,
https://openalex.org/W2945780022,https://doi.org/10.1007/s10570-019-02522-w,2019.0,Application of lignin in controlled release: development of predictive model based on artificial neural network for API release,,,,,low,
https://openalex.org/W4413093750,https://doi.org/10.1016/j.ijbiomac.2025.146592,2025.0,A review on upcycling waste cooking oil into polyhydroxyalkanoates (bioplastic): A pathway for sustainable material,True,pha,none,False,high,
https://openalex.org/W3166152888,https://doi.org/10.1021/acs.macromol.1c00135,2021.0,Composition and Configuration Dependence of Glass-Transition Temperature in Binary Copolymers and Blends of Polyhydroxyalkanoate Biopolymers,True,pha,md,False,high,
https://openalex.org/W7117245138,https://doi.org/10.1186/s12951-025-03970-2,2025.0,Spatiotemporally controlled delivery of biomacromolecules via injectable hydrogels for precision modulation of the tumor immune microenvironment,True,other,none,False,medium,
https://openalex.org/W4415387215,https://doi.org/10.1016/j.ijbiomac.2025.148310,2025.0,Sustainable biopolymer-based materials for oil spill remediation: artificial intelligence integration and technoeconomic insights - A review,True,other,ml,False,high,
https://openalex.org/W7117977639,https://doi.org/10.1007/978-981-95-2258-3_11,2026.0,Artificial Intelligence in the Development of Sustainable Biopolymers,,,,,low,
https://openalex.org/W3092307978,https://doi.org/10.1016/j.molliq.2020.114511,2020.0,Physicochemical analysis of multilayer adsorption mechanism of anionic dyes on lignocellulosic biomasses via statistical physics and density functional theory,True,cellulose,qc,True,high,
https://openalex.org/W2309389858,https://doi.org/10.1021/acs.jpcb.6b01793,2016.0,"Onset of the Electronic Absorption Spectra of Isolated and π-Stacked Oligomers of 5,6-Dihydroxyindole: An Ab Initio Study of the Building Blocks of Eumelanin",True,other,qc,False,high,
https://openalex.org/W3147539705,https://doi.org/10.1016/j.saa.2021.119750,2021.0,Mechanistic insight into the binding of graphene oxide with human serum albumin: Multispectroscopic and molecular docking approach,False,none,docking,True,high,
https://openalex.org/W3023768408,https://doi.org/10.1016/j.carres.2020.108026,2020.0,"Conformation, flexibility and hydration of hyaluronic acid by molecular dynamics simulations",True,other_polysaccharide,md,False,high,
https://openalex.org/W2077501220,https://doi.org/10.1021/jp027815+,2003.0,Polarizable Atomic Multipole Water Model for Molecular Mechanics Simulation,False,none,md,False,high,
https://openalex.org/W4403636753,https://doi.org/10.1007/s43615-024-00453-8,2024.0,"Review on Application of Sustainability, Circular and Digital Economy on Bioplastics Production",True,pha,ml,False,medium,
https://openalex.org/W2053727290,https://doi.org/10.1039/b926562g,2010.0,Modelling and confocal microscopy of biopolymer mixtures in confined geometries,True,other_polysaccharide,md,True,high,
https://openalex.org/W2030687053,https://doi.org/10.1021/ci0504925,2006.0,Root Mean Square Deviation Probability Analysis of Molecular Dynamics Trajectories on DNA,False,nucleic_acid,md,False,high,
https://openalex.org/W4400363524,https://doi.org/10.1021/acsomega.4c03170,2024.0,"Solubility of 2,5-Furandicarboxylic Acid in Pure and Mixed Organic Solvent Systems at 293 K Predicted Using Hansen Solubility Parameters",True,other,solubility,True,high,
https://openalex.org/W4387807165,https://doi.org/10.1016/j.biortech.2023.129908,2023.0,Enzymatic hydrolysis of single-use bioplastic items by improved recombinant yeast strains,True,pla,docking,True,high,
https://openalex.org/W1981147244,https://doi.org/10.1016/j.ssnmr.2005.09.001,2005.0,Molecular dynamics of poly(l-lactide) biopolymer studied by wide-line solid-state 1H and 2H NMR spectroscopy,True,pla,md,True,high,
https://openalex.org/W2001922165,https://doi.org/10.1002/bip.20459,2006.0,"In vivo localization and identification of the antiplasmodial alkaloid dioncophylline A in the tropical liana Triphyophyllum peltatum by a combination of fluorescence, near infrared Fourier transform Raman microscopy, and density functional theory calculations",False,none,qc,True,high,
https://openalex.org/W3214585637,https://doi.org/10.1016/j.molliq.2021.118084,2021.0,"Photoactive homomolecular bis(n)-Lophine dyads: Multicomponent synthesis, photophysical properties, theoretical investigation, docking and interaction studies with biomacromolecules",,,,,low,
https://openalex.org/W4410453934,https://doi.org/10.3390/books978-3-7258-3859-2,2025.0,"Biopolymers and Biodegradable Polymers: Synthesis, Properties, Application and Degradation Behavior",True,other,none,False,low,
https://openalex.org/W4300981007,https://doi.org/10.1016/j.actbio.2022.09.072,2022.0,Machine learning guided structure function predictions enable in silico nanoparticle screening for polymeric gene delivery,True,other,ml,True,high,
https://openalex.org/W2025296083,https://doi.org/10.1186/1471-2105-12-445,2011.0,Validating clustering of molecular dynamics simulations using polymer models,False,protein,md,False,high,
https://openalex.org/W4385620415,https://doi.org/10.1021/acsabm.3c00297,2023.0,Small Molecule Interactions with Biomacromolecules: DNA Binding Interactions of a Manganese(III) Schiff Base Complex with Potential Anticancer Activities,False,nucleic_acid,docking,True,high,
https://openalex.org/W4309715918,https://doi.org/10.1016/j.chemosphere.2022.137350,2022.0,Process intensification of biopolymer polyhydroxybutyrate production by pseudomonas putida SS9: A statistical approach,True,pha,ml,True,high,
https://openalex.org/W2016825630,https://doi.org/10.1039/c3ob41309h,2013.0,Error estimates for (semi-)empirical dispersion terms and large biomacromolecules,False,protein,qc,False,medium,
https://openalex.org/W341912779,https://doi.org/10.1021/acs.jpca.5b03503,2015.0,Ab Initio Screening Approach for the Discovery of Lignin Polymer Breaking Pathways,True,lignin,md,False,high,
https://openalex.org/W2072432775,https://doi.org/10.1007/s00894-010-0885-3,2010.0,Theoretical study on modeling and prediction of optical rotation for biodegradable polymers containing α-amino acids using QSAR approaches,True,protein,qsar,False,high,
https://openalex.org/W1978798085,https://doi.org/10.1016/j.cpc.2012.10.029,2012.0,Canonical ensemble simulation of biopolymers using a coarse-grained articulated generalized divide-and-conquer scheme,,,,,low,
https://openalex.org/W3133629087,https://doi.org/10.1073/pnas.2022806118,2021.0,Synthetic heparan sulfate standards and machine learning facilitate the development of solid-state nanopore analysis,True,other_polysaccharide,ml,True,high,
https://openalex.org/W2048530922,https://doi.org/10.1109/ieom.2015.7093885,2015.0,Modeling the mechanical properties of biopolymers for automotive applications,True,other_polysaccharide,ml,True,high,
https://openalex.org/W2986422192,https://doi.org/10.1016/j.msec.2019.110414,2019.0,Phenomenological models of Bombyx mori silk fibroin and their mechanical behavior using molecular dynamics simulations,True,protein,md,False,high,
https://openalex.org/W4380792523,https://doi.org/10.1016/j.ica.2023.121639,2023.0,Study on the photophysical property of meso-tetra(2-fluorenyl)porphyrin derivatives and their interactions with DNA/HSA biomacromolecules,,,,,low,
https://openalex.org/W4405860587,https://doi.org/10.1021/acssuschemeng.4c08334,2024.0,Fundamentals of Toughening Core–Shell Bioplastic Materials from a Molecular Perspective,True,pla,md,True,high,
https://openalex.org/W2052354368,https://doi.org/10.1002/qua.560140708,2009.0,Electronic structure of biopolymers and possible mechanisms of chemical carcinogenesis,False,protein,qc,False,medium,
https://openalex.org/W4408389563,https://doi.org/10.1038/s41467-025-57460-y,2025.0,Discovery of mammalian collagens I and III within ancient poriferan biopolymer spongin,True,protein,md,True,high,
https://openalex.org/W2165296941,https://doi.org/10.1039/a902663k,1999.0,Density functional theory (DFT) study on the interaction of ammonium (NH4+) and aromatic nitrogen heterocyclics,False,none,qc,False,high,
https://openalex.org/W2595284985,https://doi.org/10.1016/j.ijbiomac.2017.03.086,2017.0,New insights into non-enzymatic glycation of human serum albumin biopolymer: A study to unveil its impaired structure and function,False,protein,docking,True,high,
https://openalex.org/W2670724583,https://doi.org/10.1016/j.jphotobiol.2017.06.022,2017.0,Interaction of a bioactive pyrazole derivative with calf thymus DNA: Deciphering the mode of binding by multi-spectroscopic and molecular docking investigations,False,nucleic_acid,docking,True,high,
https://openalex.org/W4408718080,https://doi.org/10.1134/s001250162460030x,2024.0,"FTIR, UV-VIS, and DFT Approach to Study the Structural, Optical and Thermal Properties of Chitosan Biopolymer",True,chitosan,qc,True,high,
https://openalex.org/W1975364506,https://doi.org/10.1142/s1758825109000034,2009.0,COARSE GRAINED MODELING OF BIOPOLYMERS AND PROTEINS: METHODS AND APPLICATIONS,False,protein,md,False,high,
https://openalex.org/W4386122819,https://doi.org/10.1016/j.heliyon.2023.e19454,2023.0,Natural polymers as potential P-glycoprotein inhibitors: Pre-ADMET profile and computational analysis as a proof of concept to fight multidrug resistance in cancer,False,other_polysaccharide,docking,False,medium,
https://openalex.org/W4323351188,https://doi.org/10.1016/j.dyepig.2023.111212,2023.0,"Imidazo[1,2-a]pyridine-based hybrids. Copper-catalyzed cycloaddition synthesis, photophysics, docking, and interaction studies with biomacromolecules",,,,,low,
https://openalex.org/W4408896592,https://doi.org/10.71150/jm.2501022,2025.0,Synthetic biology strategies for sustainable bioplastic production by yeasts,True,pha,ml,False,medium,
https://openalex.org/W2969788679,https://doi.org/10.1021/acs.macromol.9b01320,2019.0,"Chain Conformation, Molecular Dynamics, and Thermal Properties of Poly(n-methylene 2,5-furanoates) as a Function of Methylene Unit Sequence Length",True,other,qc,True,high,
https://openalex.org/W2989387483,https://doi.org/10.1007/s10822-019-00248-2,2019.0,Nonparametric chemical descriptors for the calculation of ligand-biopolymer affinities with machine-learning scoring functions,False,none,ml,False,high,
https://openalex.org/W2942062180,https://doi.org/10.1002/iub.2053,2019.0,"Agathisflavone: Botanical sources, therapeutic promises, and molecular docking study",False,none,docking,False,high,
https://openalex.org/W2066939121,https://doi.org/10.1186/2046-1682-7-4,2014.0,Long range Debye-Hückel correction for computation of grid-based electrostatic forces between biomacromolecules,False,protein,md,False,high,
https://openalex.org/W2714220773,https://doi.org/10.15171/bi.2017.12,2017.0,Surface plasmon resonance and molecular docking studies of bovine serum albumin interaction with neomycin: kinetic and thermodynamic analysis,False,protein,docking,True,high,
https://openalex.org/W2159432928,https://doi.org/10.1016/j.cplett.2006.08.125,2006.0,Molecular dynamics studies of protein-fragment models encapsulated into carbon nanotubes,,,,,low,
https://openalex.org/W4213222436,https://doi.org/10.3390/polym14030527,2022.0,Estimating the Relative Crystallinity of Biodegradable Polylactic Acid and Polyglycolide Polymer Composites by Machine Learning Methodologies,True,pla,ml,True,high,
https://openalex.org/W4293685739,https://doi.org/10.1039/d2nr01996e,2022.0,Biopolymer based artificial synapses enable linear conductance tuning and low-power for neuromorphic computing,True,other_polysaccharide,ml,True,medium,
https://openalex.org/W3128633116,https://doi.org/10.1016/j.eurpolymj.2021.110292,2021.0,Prediction of drug-carrier interactions of PLA and PLGA drug-loaded nanoparticles by molecular dynamics simulations,True,pla,md,False,high,
https://openalex.org/W2156147005,https://doi.org/10.1080/08927029208022491,1992.0,Molecular Dynamics Simulations in Heterogeneous Dielectrica and Debye-Hückel Media - Application to the Protein Bovine Pancreatic Trypsin Inhibitor,False,protein,md,False,high,
https://openalex.org/W4417065689,https://doi.org/10.1016/b978-0-323-95464-8.00011-6,2025.0,Artificial intelligence in biopolymer design and engineering,,,,,low,
https://openalex.org/W2071267807,https://doi.org/10.1021/jp066883j,2007.0,Dynamics of Water in Solvation Shells and Intersolute Regions of C60: A Molecular Dynamics Simulation Study,False,none,md,False,high,
https://openalex.org/W4365129172,https://doi.org/10.1039/d3bm00212h,2023.0,Does non-thermal plasma modify biopolymers in solution? A chemical and mechanistic study for alginate,True,alginate,md,True,high,
https://openalex.org/W2098943363,https://doi.org/10.1002/jcc.20820,2007.0,GLYCAM06: A generalizable biomolecular force field. Carbohydrates,True,other_polysaccharide,md,False,high,
https://openalex.org/W3122783032,https://doi.org/10.1002/pamm.202000188,2021.0,Biopolymer segmentation from CLSM microscopy images using a convolutional neural network,True,protein,ml,True,high,
https://openalex.org/W4414012447,https://doi.org/10.1016/j.bpj.2025.09.006,2025.0,Molecular simulation and artificial intelligence for the circular economy of bioenergy and bioproducts,True,other_polysaccharide,md,False,medium,
https://openalex.org/W2030777398,https://doi.org/10.1002/prot.20485,2005.0,Structure and energy landscape of a photoswitchable peptide: A replica exchange molecular dynamics study,False,protein,md,False,high,
https://openalex.org/W2010947880,https://doi.org/10.1002/bip.21149,2009.0,Molecular dynamics simulation of antimicrobial peptide arenicin‐2: β‐Hairpin stabilization by noncovalent interactions,False,protein,md,False,high,
https://openalex.org/W4376609004,https://doi.org/10.1007/s11082-023-04827-4,2023.0,Interaction of biopolymers with graphene for bio-electronic applications,True,other_polysaccharide,qc,True,high,
https://openalex.org/W2509983367,https://doi.org/10.1103/physreve.94.052406,2016.0,Properties of low-dimensional collective variables in the molecular dynamics of biopolymers,False,protein,md,False,high,
https://openalex.org/W2000623788,https://doi.org/10.1016/j.cocis.2013.03.005,2013.0,Recent NMR investigations on molecular dynamics of polymer melts in bulk and in confinement,,,,,low,
https://openalex.org/W2996293718,https://doi.org/10.1021/acs.chemmater.9b04040,2019.0,General Approach for Machine Learning-Aided Design of DNA-Stabilized Silver Clusters,False,nucleic_acid,ml,True,high,
https://openalex.org/W2789366878,https://doi.org/10.1038/s41557-018-0021-z,2018.0,Organic synthesis provides opportunities to transform drug discovery,False,none,none,False,high,
https://openalex.org/W4387959468,https://doi.org/10.1002/cjce.25123,2023.0,Exploiting the prediction of mass transfer performance in aerated coaxial mixers containing biopolymer solutions using empirical correlations and neural networks,True,other_polysaccharide,ml,True,high,
https://openalex.org/W4388595239,https://doi.org/10.1016/j.molliq.2023.123552,2023.0,Dielectric characterization of polymer dispersed liquid crystal film with chitosan biopolymer,,,,,low,
https://openalex.org/W2771489286,https://doi.org/10.1016/j.ijbiomac.2017.12.045,2017.0,Synthesis of novel benzodioxane midst piperazine moiety decorated chitosan silver nanoparticle against biohazard pathogens and as potential anti-inflammatory candidate: A molecular docking studies,True,chitosan,docking,True,high,
https://openalex.org/W4413927136,https://doi.org/10.1016/j.foodres.2025.117441,2025.0,Molecular docking-confirmed star anise essential oil -chitosan biopolymer films for insecticidal and anti-microbial food packaging,True,chitosan,docking,True,high,
https://openalex.org/W2018034822,https://doi.org/10.1021/jp805313p,2008.0,Molecular Dynamics Study of a Nanotube-Binding Amphiphilic Helical Peptide at Different Water/Hydrophobic Interfaces,True,protein,md,False,high,
https://openalex.org/W4391944198,https://doi.org/10.3390/biomimetics9020121,2024.0,The Conformational Contribution to Molecular Complexity and Its Implications for Information Processing in Living Beings and Chemical Artificial Intelligence,False,none,none,False,high,
https://openalex.org/W2742902724,https://doi.org/10.1080/07391102.2017.1365012,2017.0,Probing the behavior of calf thymus DNA upon binding to a carboxamide fungicide boscalid: insights from spectroscopic and molecular docking approaches,False,nucleic_acid,docking,True,high,
https://openalex.org/W2062826887,https://doi.org/10.1016/j.biomaterials.2012.08.037,2012.0,Polycationic peptide guided spherical ordered self-assembly of biomacromolecules,False,protein,md,True,medium,
https://openalex.org/W2990074700,https://doi.org/10.1016/j.mtcomm.2019.100789,2019.0,Heat deflection temperatures of bio-nano-composites using experiments and machine learning predictions,True,other,ml,True,high,
https://openalex.org/W2009674641,https://doi.org/10.1002/bip.20566,2006.0,Conformational changes of the p53‐binding cleft of MDM2 revealed by molecular dynamics simulations,False,protein,md,False,high,
https://openalex.org/W3129498646,https://doi.org/10.1016/j.molliq.2021.115730,2021.0,Theoretical insights about the possibility of removing Pb2+ and Hg2+ metal ions using adsorptive processes and matrices of carboxymethyl diethylaminoethyl cellulose and cellulose nitrate biopolymers,True,cellulose,qc,False,high,
https://openalex.org/W4388214943,https://doi.org/10.1016/j.ijbiomac.2023.127715,2023.0,Polysaccharides from exudate gums of plants and interactions with the intestinal microbiota: A review of vegetal biopolymers and prediction of their prebiotic potential,True,other_polysaccharide,docking,False,high,
https://openalex.org/W4320491297,https://doi.org/10.3390/polym15040896,2023.0,Synaptic Transistors Based on PVA: Chitosan Biopolymer Blended Electric-Double-Layer with High Ionic Conductivity,True,chitosan,ml,True,high,
https://openalex.org/W4285013647,https://doi.org/10.3389/fbinf.2022.835422,2022.0,Caveats to Deep Learning Approaches to RNA Secondary Structure Prediction,False,nucleic_acid,ml,False,high,
https://openalex.org/W3080120346,https://doi.org/10.1021/acscombsci.0c00083,2020.0,"Diversity-Oriented Synthesis of Thiazolidine-2-imines via Microwave-Assisted One-Pot, Telescopic Approach and Its Interaction with Biomacromolecules",False,none,docking,True,high,
https://openalex.org/W4385988867,https://doi.org/10.1016/j.foodres.2023.113384,2023.0,Image-based assessment and machine learning-enabled prediction of printability of polysaccharides-based food ink for 3D printing,True,pectin,ml,True,high,
https://openalex.org/W2584082596,https://doi.org/10.1021/acsomega.6b00419,2017.0,Coarse-Grained Simulation of Rodlike Higher-Order Quadruplex Structures at Different Salt Concentrations,False,nucleic_acid,md,False,high,
https://openalex.org/W4383618269,https://doi.org/10.1016/j.foodchem.2023.136848,2023.0,Deciphering the interaction mechanism and binding mode between chickpea protein isolate and flavonoids based on experimental studies and molecular simulation,False,protein,md,True,high,
https://openalex.org/W1983817726,https://doi.org/10.1021/ci2001988,2011.0,Self-Contained Sequence Representation: Bridging the Gap between Bioinformatics and Cheminformatics,False,none,informatics,False,medium,
https://openalex.org/W4409886136,https://doi.org/10.1016/j.bioadv.2025.214323,2025.0,Artificial Intelligence tool for prediction of ECM mimics hydrogel formulations via click chemistry,True,other,ml,True,high,
https://openalex.org/W2291664493,https://doi.org/10.1002/jmr.2540,2016.0,Probing the binding of two 19‐nortestosterone derivatives to human serum albumin: insights into the interactions of steroid hormone drugs with functional biomacromolecule,False,protein,docking,True,high,
https://openalex.org/W1993236607,https://doi.org/10.1002/qsar.200420062,2005.0,QSAR Models for the Analysis of Bioresponse Data from Combinatorial Libraries of Biomaterials,True,other,qsar,False,high,
https://openalex.org/W3096201240,https://doi.org/10.1016/j.jhazmat.2020.124340,2020.0,"Biodegradation of malachite green by a novel laccase-mimicking multicopper BSA-Cu complex: Performance optimization, intermediates identification and artificial neural network modeling",True,protein,ml,True,high,
https://openalex.org/W4402446780,https://doi.org/10.53964/id.2024026,2024.0,Structural Analysis of Polylactic Acid in Composite Starch Biopolymers – A Stochastic Dynamics Mass Spectrometric Approach,True,pla,md,True,medium,
https://openalex.org/W2899455293,https://doi.org/10.5937/jpea1803125s,2018.0,Effect of process parameters on biopolymer films based on sunflower oil cake,True,other,none,True,high,
https://openalex.org/W1976904430,https://doi.org/10.1016/j.bbagen.2014.08.013,2014.0,A molecular simulation protocol to avoid sampling redundancy and discover new states,False,protein,md,False,high,
https://openalex.org/W3190563084,https://doi.org/10.1016/j.abb.2021.109001,2021.0,Coarse-grained simulations of phase separation driven by DNA and its sensor protein cGAS,False,nucleic_acid,md,False,high,
https://openalex.org/W1994873287,https://doi.org/10.1073/pnas.1202952109,2012.0,Weak temporal signals can synchronize and accelerate the transition dynamics of biopolymers under tension,False,nucleic_acid,md,False,high,
https://openalex.org/W4414106754,https://doi.org/10.1016/j.cpan.2025.09.001,2025.0,"Network pharmacology, molecular docking, and molecular dynamics simulation in drug development: A comprehensive perspective",False,none,md,False,high,
https://openalex.org/W4404473423,https://doi.org/10.1617/s11527-024-02508-6,2024.0,Optimised biopolymer-based capsules for enhancing the mechanical and self-healing properties of asphalt mixtures,True,alginate,ml,True,high,
https://openalex.org/W2793006862,https://doi.org/10.1016/j.molliq.2018.03.069,2018.0,Influence of salt and temperature on the interaction of bovine serum albumin with cetylpyridinium chloride: Insights from experimental and molecular dynamics simulation,False,protein,md,True,high,
https://openalex.org/W3009604064,https://doi.org/10.3390/molecules25051227,2020.0,Effect of Initial Conformation on the Starch Biopolymer Film Formation Studied by NMR,True,starch,none,True,high,
https://openalex.org/W2084312340,https://doi.org/10.1002/bip.20875,2007.0,Formation and temperature stability of G‐quadruplex structures studied by electronic and vibrational circular dichroism spectroscopy combined with ab initio calculations,False,nucleic_acid,qc,True,high,
https://openalex.org/W4387091574,https://doi.org/10.1007/s12033-023-00886-w,2023.0,"In Silico Study of Enzymatic Degradation of Bioplastic by Microalgae: An Outlook on Microplastic Environmental Impact Assessment, Challenges, and Opportunities",True,pha,docking,False,medium,
https://openalex.org/W2897462139,https://doi.org/10.1016/j.jphotobiol.2018.10.003,2018.0,"Synthesis, characterization and unravelling the molecular interaction of new bioactive 4-hydroxycoumarin derivative with biopolymer: Insights from spectroscopic and theoretical aspect",False,nucleic_acid,docking,True,high,
https://openalex.org/W2135739482,https://doi.org/10.1002/bip.21137,2009.0,Molecular dynamics simulations of xDNA,False,nucleic_acid,md,False,high,
https://openalex.org/W4288722225,https://doi.org/10.3390/ph15080938,2022.0,A Density Functional Theory and Information-Theoretic Approach Study of Interaction Energy and Polarizability for Base Pairs and Peptides,False,nucleic_acid,qc,False,high,
https://openalex.org/W7131781486,https://doi.org/10.3390/polym18050581,2026.0,"Extraction, Characterization and Applications of Biopolymers from Sustainable Sources",True,other,none,False,high,
https://openalex.org/W2807978748,https://doi.org/10.1016/j.comptc.2018.06.010,2018.0,Insight into interaction properties between mercury and lead cations with chitosan and chitin: Density functional theory studies,True,chitosan,qc,False,high,
https://openalex.org/W2268664485,https://doi.org/10.1007/978-1-4020-6330-5_18,2007.0,Theoretical Study of Nanostructured Biopolymers Using Molecular Dynamics Simulations: A Practical Introduction,,,,,low,
https://openalex.org/W2345895517,https://doi.org/10.1002/bip.22868,2016.0,Improved model of hydrated calcium ion for molecular dynamics simulations using classical biomolecular force fields,False,nucleic_acid,md,False,high,
https://openalex.org/W4315620461,https://doi.org/10.1177/08853282231151822,2023.0,Perspectives on development of biomedical polymer materials in artificial intelligence age,True,other,ml,False,high,
https://openalex.org/W2087137877,https://doi.org/10.1016/j.jtbi.2009.07.031,2009.0,A network-QSAR model for prediction of genetic-component biomarkers in human colorectal cancer,False,protein,qsar,False,high,
https://openalex.org/W187159140,https://doi.org/10.1007/978-3-642-03882-2_535,2009.0,Estimation of Betamethasone Release Profiles from an in Situ Forming System Based on the Biodegradable Polymer Using Artificial Neural Networks,,,,,low,
https://openalex.org/W4403979415,https://doi.org/10.1021/jacs.4c11551,2024.0,The Reaction Mechanism and Rates at Ru Single-Atom Catalysts for Hydrogenation of Biomass BHMF to Produce BHMTHF for Renewable Polymers,True,other,qc,False,medium,
https://openalex.org/W4392770643,https://doi.org/10.20944/preprints202402.1682.v1,2024.0,Molecular Dynamic Simulations for Biopolymers with Biomedical Applications,True,other,md,False,medium,
https://openalex.org/W2792802992,https://doi.org/10.1007/s12551-018-0406-7,2018.0,Relaxation mode analysis for molecular dynamics simulations of proteins,False,protein,md,False,high,
https://openalex.org/W7133122622,https://doi.org/10.3390/app16052405,2026.0,AI-Driven Design of Sustainable Flame-Retardant Biodegradable Polymer Composites,True,other,ml,False,high,
https://openalex.org/W2609246443,https://doi.org/10.1016/j.cpc.2017.04.009,2017.0,METAGUI 3: A graphical user interface for choosing the collective variables in molecular dynamics simulations,False,none,md,False,high,
https://openalex.org/W3034210882,https://doi.org/10.1039/d0na00138d,2020.0,Mechanistic insight into biopolymer induced iron oxide mineralization through quantification of molecular bonding,True,other_polysaccharide,qc,True,high,
https://openalex.org/W3216116903,https://doi.org/10.1021/acssuschemeng.1c04838,2021.0,5–5 Lignin Linkage Cleavage over Ru: A Density Functional Theory Study,True,lignin,qc,False,high,
https://openalex.org/W2969212317,https://doi.org/10.1002/pc.25369,2019.0,Functionalized graphenes as nanofillers for polylactide: Molecular dynamics simulation study,True,pla,md,False,high,
https://openalex.org/W3213795199,https://doi.org/10.1088/1742-6596/2080/1/012028,2021.0,Compatible organic and natural solvent mixture of synthesising biodegradable polymeric nanoparticles,True,pla,solubility,True,high,
https://openalex.org/W2080909162,https://doi.org/10.1111/j.1365-2621.2003.tb07054.x,2003.0,Molecular Dynamics of Soy‐Protein Isolate Films Plasticized by Water and Glycerol,True,protein,none,True,high,
https://openalex.org/W4408389479,https://doi.org/10.1016/j.jconrel.2025.113611,2025.0,Blood-brain barrier crossing biopolymer targeting c-Myc and anti-PD-1 activate primary brain lymphoma immunity: Artificial intelligence analysis,True,other,ml,True,high,
https://openalex.org/W3206335778,https://doi.org/10.4028/www.scientific.net/nhc.33.35,2021.0,"Electronic, Vibrational, and Structural Study of Polysaccharide Agar-Agar Biopolymer",True,other_polysaccharide,qc,True,high,
https://openalex.org/W2963666538,https://doi.org/10.1615/intjmultcompeng.v6.i1.30,2008.0,Parallel Multiscale Modeling of Biopolymer Dynamics with Hydrodynamic Correlations,True,nucleic_acid,md,False,medium,
https://openalex.org/W3090701675,https://doi.org/10.3390/bios10100140,2020.0,Machine Learning to Improve the Sensing of Biomolecules by Conical Track-Etched Nanopore,False,nucleic_acid,ml,True,high,
https://openalex.org/W2163912571,https://doi.org/10.1080/10601325.2012.696994,2012.0,Suberic Acid Acts as a Dissolving Agent as Well as a Crosslinker for Natural Polymers (Carbohydrate and Protein): A Detailed Discussion on the Chemistry Behind the Interaction,True,chitosan,docking,True,high,
https://openalex.org/W7117586490,https://doi.org/10.12974/2311-8717.2025.13.17,2025.0,Explainable AI for Structure–Property Analysis of FDM-Printed Biodegradable Polymer Nanocomposites,True,other,ml,True,high,
https://openalex.org/W4200215071,https://doi.org/10.1134/s0965545x2106002x,2021.0,Atomic Force Microscopy of Biopolymers on Graphite Surfaces,True,nucleic_acid,md,True,medium,
https://openalex.org/W4411697092,https://doi.org/10.3390/molecules30132752,2025.0,Bioplastic Production Using Natural Extracts with Cellulose Assisted by Experimental and Computational Screening,True,cellulose,informatics,True,high,
https://openalex.org/W2070934365,https://doi.org/10.1016/j.jmr.2010.09.012,2010.0,Hydration water dynamics in biopolymers from NMR relaxation in the rotating frame,True,other_polysaccharide,molecular_modelling,True,medium,
https://openalex.org/W4390685126,https://doi.org/10.1021/acs.analchem.3c04368,2024.0,Explainable Deep Learning-Assisted Self-Calibrating Colorimetric Patches for In Situ Sweat Analysis,False,none,ml,True,high,
https://openalex.org/W1976514533,https://doi.org/10.1002/jcc.21285,2009.0,Using multistate free energy techniques to improve the efficiency of replica exchange accelerated molecular dynamics,False,none,md,False,high,
https://openalex.org/W7125416979,https://doi.org/10.1016/j.colsurfa.2026.139688,2026.0,Interfacial characteristics and mechanical behavior of xanthan gum biopolymer with clay mineral: A steered molecular dynamics study,,,,,low,
https://openalex.org/W4405406760,https://doi.org/10.1007/s00366-024-02091-y,2024.0,Integrating analytical and machine learning methods for investigating nonlinear bending and post-buckling behavior of 3D-printed auxetic tubes,,,,,low,
https://openalex.org/W4253195378,https://doi.org/10.1007/bf02394728,1981.0,Non-empirical SCF MO studies on the protonation of biopolymer constituents,,,,,low,
https://openalex.org/W3006751574,https://doi.org/10.15761/gii.1000193,2020.0,Time–resolved resonance FT–IR and raman spectroscopy and density functional theory investigation of vibronic–mode coupling structure in vibrational spectra of nano-polypeptide macromolecule beyond the multi–dimensional franck–condon integrals approximation and density matrix method,True,protein,qc,True,medium,
https://openalex.org/W4407625785,https://doi.org/10.3390/pr13020566,2025.0,Green Materials for Water and Wastewater Treatment: Mechanisms and Artificial Intelligence,True,other_polysaccharide,ml,False,medium,
https://openalex.org/W2044429461,https://doi.org/10.1016/j.jmbbm.2011.09.002,2011.0,A molecular dynamics study of Young’s modulus change of semi-crystalline polymers during degradation by chain scissions,True,other,md,False,high,
https://openalex.org/W2128280130,https://doi.org/10.1002/bip.20202,2005.0,Stochastic‐based descriptors studying biopolymers biological properties: Extended MARCH‐INSIDE methodology describing antibacterial activity of lactoferricin derivatives,False,protein,qsar,False,high,
https://openalex.org/W2012780614,https://doi.org/10.1080/07391102.2000.10506594,2000.0,Cation—π and Amino-Acceptor Interactions Between Hydrated Metal Cations and DNA Bases. A Quantum-Chemical View,False,nucleic_acid,qc,False,high,
https://openalex.org/W2789003750,https://doi.org/10.1021/acs.biomac.7b01813,2018.0,Peptoid Backbone Flexibilility Dictates Its Interaction with Water and Surfaces: A Molecular Dynamics Investigation,True,protein,md,False,high,
https://openalex.org/W7126082237,https://doi.org/10.1208/s12249-026-03326-5,2026.0,"AI-enabled, QbD-aligned Predictive, and Sustainable Design of Natural Polymer-based Drug Delivery Systems",True,other_polysaccharide,ml,False,high,
https://openalex.org/W2032100652,https://doi.org/10.1021/jp912209z,2010.0,Toward Modeling Thermoresponsive Polymer Networks: A Molecular Dynamics Simulation Study of N-Isopropyl Acrylamide Co-oligomers,True,other,md,False,high,
https://openalex.org/W1972382582,https://doi.org/10.1177/0962280208099492,2009.0,Probabilistic models and machine learning in structural bioinformatics,False,protein,ml,False,high,
https://openalex.org/W4224141025,https://doi.org/10.1021/acs.macromol.1c01925,2022.0,Atomistic and Coarse-Grained Simulations of Bulk Amorphous Amylose Above and Below the Glass Transition,True,starch,md,False,high,
https://openalex.org/W2036705525,https://doi.org/10.1002/bip.20397,2005.0,How can a β‐sheet peptide be both a potent antimicrobial and harmfully toxic? Molecular dynamics simulations of protegrin‐1 in micelles,False,protein,md,False,high,
https://openalex.org/W2103491935,https://doi.org/10.1557/proc-804-jj5.7,2003.0,Using Non-linear Regression to Predict Bioresponse in a Combinatorial Library of Biodegradable Polymers,,,,,low,
https://openalex.org/W4396948110,https://doi.org/10.1038/s41467-024-48453-4,2024.0,Accelerating reliable multiscale quantum refinement of protein–drug systems enabled by machine learning,False,protein,ml,False,high,
https://openalex.org/W4256369741,https://doi.org/10.1002/(sici)1097-0134(19990601)35:4<453::aid-prot9>3.3.co;2-d,1999.0,Steered molecular dynamics simulations of force‐induced protein domain unfolding,False,protein,md,False,high,
https://openalex.org/W3179675248,https://doi.org/10.1016/j.lwt.2021.112084,2021.0,"Complex coacervation behavior and the mechanism between rice glutelin and gum arabic at pH 3.0 studied by turbidity, light scattering, fluorescence spectra and molecular docking",,,,,low,
https://openalex.org/W4295008000,https://doi.org/10.3390/polym14173690,2022.0,Assessing Molecular Docking Tools to Guide the Design of Polymeric Materials Formulations: A Case Study of Canola and Soybean Protein,True,protein,docking,False,high,
https://openalex.org/W2046768652,https://doi.org/10.1039/c1ee02743c,2011.0,Revealing pyrolysis chemistry for biofuels production: Conversion of cellulose to furans and small oxygenates,True,cellulose,md,True,high,
https://openalex.org/W4410539770,https://doi.org/10.1016/j.foodhyd.2025.111557,2025.0,"Interaction mechanism between soy protein microgels and chitosan and the resulting physical properties: effect of biopolymer ratio, pH and ionic strength",,,,,low,
https://openalex.org/W4410381207,https://doi.org/10.59717/j.xinn-mater.2025.100133,2025.0,A sustainable cellulose bioplastic film with extraordinary mechanical performance regenerated by vapor-induced phase separation,True,cellulose,md,True,high,
https://openalex.org/W4411957761,https://doi.org/10.1016/j.matt.2025.102167,2025.0,Boosting bioplastics’ discovery for curbing plastic pollution,,,,,low,
https://openalex.org/W4406143316,https://doi.org/10.1021/acs.est.4c11282,2025.0,Polymer Biodegradation in Aquatic Environments: A Machine Learning Model Informed by Meta-Analysis of Structure-Biodegradation Relationships,True,other,ml,True,high,
https://openalex.org/W4403409328,https://doi.org/10.1139/er-2024-0058,2024.0,Microbial enzymes for the biodegradation of polylactic acid (PLA): molecular docking simulation and biodegradation pathway proposal,True,pla,docking,False,high,
https://openalex.org/W4362665273,https://doi.org/10.3390/polym15071805,2023.0,Modelling across Multiple Scales to Design Biopolymer Membranes for Sustainable Gas Separations: 1—Atomistic Approach,True,pha,md,True,high,
https://openalex.org/W2919805498,https://doi.org/10.3389/fpls.2019.00210,2019.0,"Distributions of Silica and Biopolymer Structural Components in the Spore Elater of Equisetum arvense, an Ancient Silicifying Plant",True,cellulose,qc,True,high,
https://openalex.org/W1974165716,https://doi.org/10.1021/jp410612k,2014.0,Molecular Simulation of Protein Encapsulation in Vesicle Formation,False,protein,md,False,high,
https://openalex.org/W3213312951,https://doi.org/10.1134/s1811238221020089,2021.0,Combined Use of Atomic Force Microscopy and Molecular Dynamics in the Study of Biopolymer Systems,True,other,md,True,medium,
https://openalex.org/W2486578392,https://doi.org/10.1201/9781420078497-8,2009.0,Application of the FMO Method to Specific Molecular Recognition of Biomacromolecules,False,none,qc,False,medium,
https://openalex.org/W2782882167,https://doi.org/10.1021/acsomega.7b01933,2018.0,Fluorescent Small Molecules Are BIG Enough To Sense Biomacromolecule: Synthesis of Aromatic Thioesters and Understanding Their Interactions with ctDNA,False,nucleic_acid,docking,True,high,
https://openalex.org/W4406806194,https://doi.org/10.1016/j.procbio.2025.01.019,2025.0,Toward sustainable bioplastics: The potential of algal biomass in PHA production and biocomposites fabrication,,,,,low,
https://openalex.org/W4386864528,https://doi.org/10.1038/s41598-023-40713-5,2023.0,Mechanistic investigation into the binding property of Yohimbe towards natural polymeric DNAs,False,nucleic_acid,docking,True,high,
https://openalex.org/W4400744925,https://doi.org/10.3389/fchem.2024.1383620,2024.0,Exploring essential oil-based bio-composites: molecular docking and in vitro analysis for oral bacterial biofilm inhibition,False,other,docking,True,medium,
https://openalex.org/W3209369578,https://doi.org/10.7517/issn.1674-0475.201204,2021.0,Recent Progress of the Interaction Mechanism between Biomacromolecules with Ligands Based on Combining Spectroscopy Analysis with Molecular Docking,,,,,low,
https://openalex.org/W3107609048,https://doi.org/10.1016/j.jinorgbio.2020.111307,2020.0,Helical water-soluble NiII complexes with pyridoxal ligand derivatives: Structural evaluation and interaction with biomacromolecules,False,none,docking,True,high,
https://openalex.org/W383174586,https://doi.org/10.1007/3-540-45141-2,2002.0,Molecular Simulation Fracture Gel Theory,,,,,low,
https://openalex.org/W2987586387,https://doi.org/10.1021/acs.jpcb.9b06681,2019.0,Exploring with Molecular Dynamics the Structural Fate of PLGA Oligomers in Various Solvents,True,pla,md,False,high,
https://openalex.org/W4388569485,https://doi.org/10.3390/ma16227111,2023.0,Microwaved-Assisted Synthesis of Starch-Based Biopolymer Membranes for Novel Green Electrochemical Energy Storage Devices,True,starch,none,True,high,
https://openalex.org/W3213016574,https://doi.org/10.1080/07391102.2021.2001372,2021.0,Investigating the structure of the product of graphene oxide reaction with folic acid and chitosan: density functional theory calculations,True,chitosan,qc,False,high,
https://openalex.org/W2083662145,https://doi.org/10.1016/j.jmgm.2012.11.004,2012.0,Replica exchange molecular dynamics simulation of chitosan for drug delivery system based on carbon nanotube,True,chitosan,md,False,high,
https://openalex.org/W7160258463,https://doi.org/10.1016/j.nxmate.2026.102175,2026.0,Machine learning approaches for real-time disease diagnostics using biopolymer-based sensors: A comprehensive review,True,other_polysaccharide,ml,False,medium,
https://openalex.org/W7130399124,https://doi.org/10.1016/j.cej.2026.174323,2026.0,Design of three-dimensional SERS-active biopolymer platform: Towards highly sensitive molecular detection and artificial intelligence-enhanced multi-biomarker diagnosis,,,,,low,
https://openalex.org/W3073844172,https://doi.org/10.1007/s40735-020-00412-4,2020.0,Electrochemical Approaches for Material Conservation: Experimental and Theoretical Insights Using a Biopolymer,True,other_polysaccharide,qc,True,high,
https://openalex.org/W4409979749,https://doi.org/10.1007/s12613-024-2964-y,2025.0,Flotation separation of scheelite and calcite using the biopolymer konjac glucomannan: A novel and eco-friendly depressant,,,,,low,
https://openalex.org/W4396866417,https://doi.org/10.1007/978-981-97-1451-3_12,2024.0,Role of Nanotechnology and Artificial Intelligence (AI) in Waste Management,,,,,low,
https://openalex.org/W2071673033,https://doi.org/10.1039/b909119j,2009.0,Determining materials properties of natural composites using molecular simulation,True,alginate,md,False,high,
https://openalex.org/W1967673562,https://doi.org/10.1016/j.ijbiomac.2014.04.053,2014.0,Control and prediction of degradation of biopolymer based hydrogels with poly(ɛ-caprolactone) subunits,True,other,ml,True,high,
https://openalex.org/W1985076019,https://doi.org/10.1016/0223-5234(91)90063-s,1991.0,Modelling the interaction of small organic molecules with biomacromolecules IV. The in vivo interaction of substituted purines with murine tumor adenocarcinoma CA 755,,,,,low,
https://openalex.org/W4400299004,https://doi.org/10.1080/23746149.2024.2358196,2024.0,Multiscale modelling of biopolymers,True,other,md,False,high,
https://openalex.org/W2992701488,https://doi.org/10.1016/j.ijheatmasstransfer.2019.119155,2019.0,Ballistic-diffusive phonon transport in cellulose nanocrystals by ReaxFF molecular dynamics simulations,True,cellulose,md,False,high,
https://openalex.org/W3209384552,https://doi.org/10.1016/j.bpj.2021.10.026,2021.0,IgG1 conformational behavior: elucidation of the N-glycosylation role via molecular dynamics,False,protein,md,False,high,
https://openalex.org/W4387400561,https://doi.org/10.1007/s00289-023-05009-8,2023.0,Preparation and characterization of stable biopolymer-based nanogel for studying its application in immobilization of Candida rugosa lipase,,,,,low,
https://openalex.org/W2153452281,https://doi.org/10.1021/jp502178d,2014.0,Arrangement of Fibril Side Chains Studied by Molecular Dynamics and Simulated Infrared and Vibrational Circular Dichroism Spectra,True,protein,md,False,high,
https://openalex.org/W1985416492,https://doi.org/10.1016/s0032-3861(00)00339-6,2001.0,Molecular dynamics of the spin probes in dry and wet poly(3-hydroxybutyrate) films with different morphology,,,,,low,
https://openalex.org/W4223467411,https://doi.org/10.3390/ijms23084252,2022.0,Tracing the Primordial Chemical Life of Glycine: A Review from Quantum Chemical Simulations,False,protein,qc,False,high,
https://openalex.org/W4211138347,https://doi.org/10.1016/j.scp.2022.100599,2022.0,Probing inhibition effect of novel biopolymer based composite for the inhibition of P110 steel corrosion in 15% HCl under dynamic condition,,,,,low,
https://openalex.org/W2081463986,https://doi.org/10.1021/jp801931d,2008.0,Accurate Simulation of Surfaces and Interfaces of Face-Centered Cubic Metals Using 12−6 and 9−6 Lennard-Jones Potentials,False,none,md,False,high,
https://openalex.org/W4385391746,https://doi.org/10.1134/s1990793123030132,2023.0,Mechanisms of Interaction of Escherichia coli Biopolymers with 4-Hexylresorcinol,False,nucleic_acid,md,False,medium,
https://openalex.org/W4386423290,https://doi.org/10.3390/chemengineering7050080,2023.0,Modeling the Mechanical Properties of a Polymer-Based Mixed-Matrix Membrane Using Deep Learning Neural Networks,True,pla,ml,True,high,
https://openalex.org/W2145656804,https://doi.org/10.1002/bip.21159,2009.0,Role of peptide–peptide interactions in stabilizing peptide‐wrapped single‐walled carbon nanotubes: A molecular dynamics study,False,protein,md,False,high,
https://openalex.org/W2980257167,,2019.0,Biopolymer-Stabilized Earth Materials for Resilient and Adaptable Infrastructures,True,other_polysaccharide,md,True,high,
https://openalex.org/W4402738761,https://doi.org/10.1016/j.ijbiomac.2024.135988,2024.0,"A review of biopolymer-based hydrogels and IoT integration for enhanced diabetes diagnosis, management, and treatment",True,other_polysaccharide,ml,False,medium,
https://openalex.org/W4361196068,https://doi.org/10.1016/j.pacs.2023.100483,2023.0,Molecular breast cancer subtype identification using photoacoustic spectral analysis and machine learning at the biomacromolecular level,False,protein,ml,True,medium,
https://openalex.org/W4312155213,https://doi.org/10.1021/acssuschemeng.2c05225,2022.0,Multitask Neural Network for Mapping the Glass Transition and Melting Temperature Space of Homo- and Co-Polyhydroxyalkanoates Using σProfiles Molecular Inputs,True,pha,ml,False,high,
https://openalex.org/W7129219163,https://doi.org/10.1039/d5nr05039a,2026.0,"MXene/biomacromolecule composites: structures, properties, fabrication and applications",True,other,none,False,high,
https://openalex.org/W7117318158,https://doi.org/10.12974/2311-8717.2025.13.12,2025.0,Machine Learning-Driven Optimization of Biodegradable Polymer Nanocomposites for Improved FDM Printability and Strength,True,pla,ml,True,high,
https://openalex.org/W2100241209,https://doi.org/10.1109/rsete.2011.5966261,2011.0,Study of expanded application of molecular docking on virtual screening,False,none,docking,False,high,
https://openalex.org/W2032649851,https://doi.org/10.1007/s10570-014-0184-8,2014.0,"Mixed solvents for cellulose derivatization under homogeneous conditions: kinetic, spectroscopic, and theoretical studies on the acetylation of the biopolymer in binary mixtures of an ionic liquid and molecular solvents",,,,,low,
https://openalex.org/W4298138360,https://doi.org/10.1021/acs.macromol.2c01507,2022.0,"Molecular Dynamics and Viscoelastic Properties of the Biobased 1,4-Polymyrcene",True,other,md,True,high,
https://openalex.org/W1992138349,https://doi.org/10.1016/j.saa.2009.06.013,2009.0,Molecular simulation of the interaction between novel type rhodanine derivative probe and bovine serum albumin,False,protein,none,True,high,
https://openalex.org/W1993520148,https://doi.org/10.1002/bip.20698,2007.0,"Peptide insertion, positioning, and stabilization in a membrane: Insight from an all‐atom molecular dynamics simulation",False,protein,md,False,high,
https://openalex.org/W7104634745,https://doi.org/10.1557/s43577-025-01001-x,2025.0,"From biomatter to bioplastics: A perspective on modeling, structure, and data-driven design",True,other_polysaccharide,ml,True,medium,
https://openalex.org/W4406121319,https://doi.org/10.1016/j.jclepro.2025.144672,2025.0,Predicting the UCS of polyhydroxyalkanoate and xanthan gum treated sandy soil using gradient boosting algorithms,,,,,low,
https://openalex.org/W2016235555,https://doi.org/10.1021/jp9066718,2009.0,Amyloid-Like Self-Assembly of Peptide Sequences from the Adenovirus Fiber Shaft: Insights from Molecular Dynamics Simulations,True,protein,md,False,high,
https://openalex.org/W4397031737,https://doi.org/10.1016/j.scitotenv.2024.173234,2024.0,Modeling lignin extraction with ionic liquids using machine learning approach,True,lignin,qsar,False,high,
https://openalex.org/W1501974651,https://doi.org/10.1201/9781420078497,2009.0,The Fragment Molecular Orbital Method,False,none,qc,False,high,
https://openalex.org/W4417210918,https://doi.org/10.1016/j.progpolymsci.2025.102064,2025.0,"Progress in bioplastics blends, compatibilization, modifications, and AI-driven innovations for material applications",True,other,ml,False,high,
https://openalex.org/W3185527353,https://doi.org/10.1016/j.molliq.2021.116655,2021.0,Interactions of Bevacizumab with chitosan biopolymer nanoparticles: Molecular modeling and spectroscopic study,,,,,low,
https://openalex.org/W2145262692,,2004.0,Biomacromolecule-ligand interactions,False,nucleic_acid,md,True,high,
https://openalex.org/W2073942296,https://doi.org/10.1016/0022-2860(92)80164-d,1992.0,Normal mode analysis of glycine dipeptide in crystal conformation using a scaled ab initio force field,,,,,low,
https://openalex.org/W7142298512,https://doi.org/10.1021/prechem.5c00375,2026.0,Stimuli-Responsive Smart Polymer: A Precise Era with Artificial Intelligence and Machine Learning,True,other,ml,False,medium,
https://openalex.org/W1484535432,https://doi.org/10.1002/bip.22289,2013.0,Energy hyperspace for stacking interaction in AU/AU dinucleotide step: Dispersion‐corrected density functional theory study,False,nucleic_acid,qc,False,high,
https://openalex.org/W2952761796,https://doi.org/10.1021/jp962979+,1997.0,Model Dependence of the Anisotropic Structuring of Solvent Water around Sugars in Molecular Dynamics Simulations,False,other_polysaccharide,md,False,high,
https://openalex.org/W2045282754,https://doi.org/10.1016/j.talanta.2013.05.061,2013.0,A structure-differential binding method for elucidating the interactions between flavonoids and cytochrome-c by ESI-MS and molecular docking,False,none,docking,True,high,
https://openalex.org/W2917641657,https://doi.org/10.1002/bab.1740,2019.0,Ponicidin as a promising anticancer agent: Its biological and biopharmaceutical profile along with a molecular docking study,False,none,docking,False,high,
https://openalex.org/W2212862832,https://doi.org/10.1021/acs.jctc.5b01009,2015.0,Long-Range Conformational Response of a PDZ Domain to Ligand Binding and Release: A Molecular Dynamics Study,False,protein,md,False,high,
https://openalex.org/W3192314432,https://doi.org/10.1002/ajoc.202100389,2021.0,Microwave‐Assisted Diversity‐Oriented Synthesis of Thiazol‐2(3H)‐ones and Its Interaction with Biomacromolecules,False,none,docking,True,high,
https://openalex.org/W2038286021,https://doi.org/10.1002/bip.20577,2006.0,Toward understanding the inactivation mechanism of monooxygenase P450 BM‐3 by organic cosolvents: A molecular dynamics simulation study,False,protein,md,False,high,
https://openalex.org/W2594281642,https://doi.org/10.1007/s00723-017-0869-x,2017.0,T 1–T 2 Correlation and Biopolymer Diffusion Within Human Osteoarthritic Cartilage Measured with Nuclear Magnetic Resonance,,,,,low,
https://openalex.org/W2922335383,https://doi.org/10.1080/07391102.2019.1590239,2019.0,Molecular mechanism of acetoacetyl-CoA enhanced kinetics for increased bioplastic production from Cupriavidus necator 428,True,pha,md,False,high,
https://openalex.org/W4405249416,https://doi.org/10.1021/acs.jpcc.4c05821,2024.0,Molecular Dynamics Study of Chitosan Adsorption at a Silica Surface,True,chitosan,md,False,high,
https://openalex.org/W3186580503,https://doi.org/10.1103/physreve.104.014504,2021.0,"Flexible, charged biopolymers in monovalent and mixed-valence salt: Regimes of anomalous electrostatic stiffening and of salt insensitivity",False,other,md,True,high,
https://openalex.org/W4394720050,https://doi.org/10.1021/acsanm.4c00430,2024.0,Machine Learning Prediction of Antibacterial Activity of Block Copolymers,True,other,ml,False,high,
https://openalex.org/W2008974287,https://doi.org/10.1117/12.2003176,2013.0,Molecular dynamics study of phospholipid biomacromolecules using a coarse-grained model,False,none,md,False,high,
https://openalex.org/W2046170404,https://doi.org/10.1016/j.indcrop.2014.01.031,2014.0,Novel solvents for cellulose: Use of dibenzyldimethylammonium fluoride/dimethyl sulfoxide (DMSO) as solvent for the etherification of the biopolymer and comparison with tetra(1-butyl)ammonium fluoride/DMSO,True,cellulose,qc,True,high,
https://openalex.org/W2745559177,https://doi.org/10.1021/acs.jcim.6b00747,2017.0,Experimental Probing and Molecular Dynamics Simulation of the Molecular Recognition of DNA Duplexes by the Flavonoid Luteolin,False,nucleic_acid,md,True,high,
https://openalex.org/W4292635972,https://doi.org/10.1371/journal.pone.0273355,2022.0,Identification of technology frontiers of artificial intelligence-assisted pathology based on patent citation network,False,none,ml,False,high,
https://openalex.org/W4284679955,https://doi.org/10.1021/acsapm.2c00601,2022.0,Structural Regulation at Poly(ethylene glycol) Termini Facilitates the Formation of Injectable Hydrogels with Modulated Degradation and Release of Biomacromolecules,True,other,qc,True,high,
https://openalex.org/W4412363332,https://doi.org/10.1016/j.ijbiomac.2025.145843,2025.0,"Genetically engineered 3D printed functionally graded-lignin, starch, and cellulose-derived sustainable biopolymers and composites: A critical review",True,other_polysaccharide,ml,False,medium,
https://openalex.org/W2090388460,https://doi.org/10.1016/s0045-6535(97)10020-0,1998.0,QSAR for acute toxicity of saturated and unsaturated halogenated aliphatic compounds,,,,,low,
https://openalex.org/W4389056482,https://doi.org/10.1007/s12551-023-01167-1,2023.0,Computation of topographic and three-dimensional atomic force microscopy images of biopolymers by calculating forces,False,nucleic_acid,md,False,medium,
https://openalex.org/W4200061476,https://doi.org/10.1016/j.chemphys.2021.111425,2021.0,Energy-based fragmentation contribution approach for calculating the fluorescence spectrum of biomacromolecules,,,,,low,
https://openalex.org/W4411886888,https://doi.org/10.1038/s41524-025-01696-1,2025.0,"A machine learning approach to designing and understanding tough, degradable polyamides",True,other,ml,False,high,
https://openalex.org/W2361276968,https://doi.org/10.1021/acs.jpcb.6b02555,2016.0,Optimization of Analytical Potentials for Coarse-Grained Biopolymer Models,True,protein,md,False,high,
https://openalex.org/W4287093335,https://doi.org/10.3390/math10152549,2022.0,Application of InterCriteria Analysis to Assess the Performance of Scoring Functions in Molecular Docking Software Packages,False,none,docking,False,high,
https://openalex.org/W4308737043,https://doi.org/10.1016/j.scitotenv.2022.160107,2022.0,Biopolymer recovery from waste activated sludge toward self-healing mortar crack,True,alginate,md,True,high,
https://openalex.org/W4401463480,https://doi.org/10.1039/d4tb00712c,2024.0,Small molecule interactions with biomacromolecules: selective sensing of human serum albumin by a hexanuclear manganese complex – photophysical and biological studies,False,protein,docking,True,high,
https://openalex.org/W3040478951,https://doi.org/10.3389/fbioe.2020.00718,2020.0,Permeation of Biopolymers Across the Cell Membrane: A Computational Comparative Study on Polylactic Acid and Polyhydroxyalkanoate,True,pha,md,False,high,
https://openalex.org/W4409826630,https://doi.org/10.1038/s41597-025-04972-3,2025.0,"The QDπ dataset, training data for drug-like molecules and biopolymer fragments and their interactions",False,none,ml,False,medium,
https://openalex.org/W3106638720,https://doi.org/10.1016/j.aca.2020.11.018,2020.0,Deep learning for classification of time series spectral images using combined multi-temporal and spectral features,True,protein,ml,True,high,
https://openalex.org/W2807932215,,2018.0,Population Annealing for Molecular Dynamics Simulations of Biopolymers.,False,protein,md,False,high,
https://openalex.org/W4396626462,https://doi.org/10.1016/j.trechm.2024.04.004,2024.0,Imaging biomacromolecules in action with liquid-phase electron microscopy,,,,,low,
https://openalex.org/W2763517865,https://doi.org/10.1016/j.molliq.2017.10.044,2017.0,"Studies of DNA- and HSA-binding properties of new nano-scale green synthesized Ni (II) complex as anticancer agent using spectroscopic methods, viscosity measurement, molecular docking, MD simulation and QM/MM",False,nucleic_acid,docking,True,low,
https://openalex.org/W4392596879,https://doi.org/10.3390/polym16060740,2024.0,Modeling Xanthan Gum Foam’s Material Properties Using Machine Learning Methods,True,other_polysaccharide,ml,True,high,
https://openalex.org/W2249675297,https://doi.org/10.7282/t3xd1218,2008.0,Understanding molecular and thermodynamic miscibility of carbohydrate biopolymers,True,other_polysaccharide,solubility,True,high,
https://openalex.org/W4210940290,https://doi.org/10.1021/acs.biomac.1c01436,2022.0,Machine Learning at the Interface of Polymer Science and Biology: How Far Can We Go?,False,none,ml,False,medium,
https://openalex.org/W2091236746,https://doi.org/10.1002/pro.5560050404,1996.0,Simulated annealing with restrained molecular dynamics using a flexible restraint potential: Theory and evaluation with simulated NMR constraints,False,protein,md,False,high,
https://openalex.org/W4414127541,https://doi.org/10.1007/s40098-025-01386-1,2025.0,A Strategic Approach to Predict the Resilient Modulus of Biopolymer-Treated Soil Using Artificial Intelligence: Machine Learning Techniques,,,,,low,
https://openalex.org/W3196902505,https://doi.org/10.1007/s13198-021-01302-9,2021.0,A novel random forest approach to predict phase transition,,,,,low,
https://openalex.org/W4389683994,https://doi.org/10.26434/chemrxiv-2023-t1c4n,2023.0,Predicting the Glass Transition Temperature of Biopolymers via High-Throughput Molecular Dynamics Simulations and Machine Learning,True,other,md,False,high,
https://openalex.org/W4313215436,https://doi.org/10.1016/j.jcis.2022.12.115,2022.0,Spontaneous shrinkage drives macromolecule encapsulation into layer-by-layer assembled biopolymer microgels,True,other_polysaccharide,none,True,high,
https://openalex.org/W4405235501,https://doi.org/10.1016/j.molliq.2024.126674,2024.0,Adsorption of methylene blue on starch sulfate: Insights from density functional theory,,,,,low,
https://openalex.org/W4321011978,https://doi.org/10.48550/arxiv.2302.06758,2023.0,EspalomaCharge: Machine learning-enabled ultra-fast partial charge assignment,False,none,ml,False,high,
https://openalex.org/W7124974637,https://doi.org/10.1016/j.jmb.2026.169648,2026.0,Pioneers: Growing Together With Molecular Dynamics Simulation and NMR for Studying Biomacromolecules in China,False,protein,md,True,high,
https://openalex.org/W4393385773,https://doi.org/10.1016/j.ijbiomac.2024.131308,2024.0,Deciphering the interaction mechanism between soy protein isolate and fat-soluble anthocyanin on experiments and molecular simulations,True,protein,md,True,high,
https://openalex.org/W1973527408,https://doi.org/10.1002/bip.21405,2010.0,Insight into the stability of cross‐β amyloid fibril from molecular dynamics simulation,False,protein,md,False,high,
https://openalex.org/W3043139697,https://doi.org/10.1016/j.ijbiomac.2020.07.122,2020.0,Interactions of insulin with tragacanthic acid biopolymer: Experimental and computational study,False,other_polysaccharide,md,True,high,
https://openalex.org/W2914006093,https://doi.org/10.5772/intechopen.81735,2018.0,QSPR Prediction of Chromatographic Retention Times of Tea Compounds by Bioplastic Evolution,False,none,qsar,False,medium,
https://openalex.org/W1939924726,https://doi.org/10.1007/978-3-642-56853-4_22,2001.0,Tracking Molecular Dynamics of Flavoproteins with Time-Resolved Fluorescence Spectroscopy,,,,,low,
https://openalex.org/W1996177802,https://doi.org/10.1007/s10570-011-9618-8,2011.0,"Employing perichromism for probing the properties of carboxymethyl cellulose films: an expedient, accurate method for the determination of the degree of substitution of the biopolymer derivative",,,,,low,
https://openalex.org/W2115248971,https://doi.org/10.1002/bip.21299,2009.0,Viral structural transition mechanisms revealed by multiscale molecular dynamics/order parameter extrapolation simulation,False,protein,md,False,high,
https://openalex.org/W4400206642,https://doi.org/10.1002/pen.26838,2024.0,Facile synthesis of carboxymethyl cellulose from Indonesia's coconut fiber cellulose for bioplastics applications,True,cellulose,qc,True,high,
https://openalex.org/W1666419071,https://doi.org/10.1016/0013-9351(78)90124-x,1978.0,Quantum chemical study of properties and reactivity of quartz dust,,,,,low,
https://openalex.org/W2463010759,https://doi.org/10.1002/adfm.201601995,2016.0,"Large‐Area Compliant, Low‐Cost, and Versatile Pressure‐Sensing Platform Based on Microcrack‐Designed Carbon Black@Polyurethane Sponge for Human–Machine Interfacing",False,none,none,True,high,
https://openalex.org/W4416055725,https://doi.org/10.1016/j.cej.2025.170637,2025.0,Injectable natural polymer-based hydrogels: A promising minimally invasive therapy for future neural tissue repair,,,,,low,
https://openalex.org/W3131634228,https://doi.org/10.3390/polym13040668,2021.0,Molecular Dynamics Simulation of Nanocellulose-Stabilized Pickering Emulsions,True,cellulose,md,False,high,
https://openalex.org/W2896705183,https://doi.org/10.7282/t3ks6vwk,2018.0,Molecular dynamics simulations of biopolymers in materials science and medicine,True,cellulose,md,False,high,
https://openalex.org/W4409459447,https://doi.org/10.3390/md23040169,2025.0,Insights into the Mechanism Underpinning Composite Molecular Docking During the Self-Assembly of Fucoidan Biopolymers with Peptide Nanofibrils,True,other_polysaccharide,docking,True,high,
https://openalex.org/W2288929520,https://doi.org/10.1021/acs.jpcb.5b11230,2016.0,Molecular Dynamics of a Water-Absorbent Nanoscale Material Based on Chitosan,True,chitosan,md,False,high,
https://openalex.org/W4415266411,https://doi.org/10.1007/s42114-025-01478-9,2025.0,Biopolymer-based reduced graphene oxide/functionalized CNTs with high separation efficiency: experimental investigation through density functional theory,True,chitosan,qc,True,high,
https://openalex.org/W4387942540,https://doi.org/10.1007/978-3-031-44006-9_15,2023.0,Development of Artificial Intelligence Applied to the Production of Biopolymers with a Focus on Sustainability,,,,,low,
https://openalex.org/W4403688206,https://doi.org/10.1038/s41597-024-03999-2,2024.0,Quantum chemical calculation dataset for representative protein folds by the fragment molecular orbital method,False,protein,qc,False,high,
https://openalex.org/W1988880705,https://doi.org/10.1002/jcc.21016,2008.0,QSAR model for alignment‐free prediction of human breast cancer biomarkers based on electrostatic potentials of protein pseudofolding HP‐lattice networks,False,protein,qsar,False,high,
https://openalex.org/W2029268029,https://doi.org/10.1007/s10751-006-9281-x,2005.0,A 57Fe Mössbauer characterization of Fe-biopolymer complexes and their relevance to biological molecules,,,,,low,
https://openalex.org/W2060003952,https://doi.org/10.1002/bip.21004,2008.0,Structural insights for designed alanine‐rich helices: Comparing NMR helicity measures and conformational ensembles from molecular dynamics simulation,False,protein,md,True,high,
https://openalex.org/W4306834976,https://doi.org/10.1021/acs.macromol.2c01414,2022.0,Substantial Effect of Terminal Groups in cis-Polyisoprene: A Multiscale Molecular Dynamics Simulation Study,True,other,md,False,high,
https://openalex.org/W2020373314,https://doi.org/10.1002/bip.20408,2005.0,Molecular dynamics simulation studies of a protein–RNA complex with a selectively modified binding interface,False,nucleic_acid,md,True,high,
https://openalex.org/W4409709345,https://doi.org/10.1016/j.ijbiomac.2025.143388,2025.0,"Chitosan-based adsorbents for remediation of toxic dyes from wastewater: A review on adsorption mechanism, reusability, machine learning based modeling and future perspectives",True,chitosan,ml,False,high,
https://openalex.org/W2295554387,https://doi.org/10.1007/s00894-016-2942-z,2016.0,Predictive analysis of chitosan-based nanocomposite biopolymers elastic properties at nano- and microscale,True,chitosan,md,False,high,
https://openalex.org/W4406682093,https://doi.org/10.3389/fmats.2025.1551590,2025.0,Editorial: Biodegradable polymers for biomedical applications - volume III,True,pla,none,False,high,
https://openalex.org/W2586101801,https://doi.org/10.1371/journal.pone.0171619,2017.0,"A molecular dynamics-based algorithm for evaluating the glycosaminoglycan mimicking potential of synthetic, homogenous, sulfated small molecules",False,other_polysaccharide,md,False,high,
https://openalex.org/W4407413666,https://doi.org/10.1016/j.ecoenv.2025.117876,2025.0,The efficient prediction of inflammatory osteolysis caused by polylactic acid through network toxicology and molecular docking strategy,True,pla,docking,False,high,
https://openalex.org/W2130087627,https://doi.org/10.1002/bip.20391,2005.0,Helices and other secondary structures of β‐ and γ‐peptides,False,protein,md,True,medium,
https://openalex.org/W4412096208,https://doi.org/10.1039/d5cp01833a,2025.0,Molecular simulations of ssDNA/ssRNA in [BMIM][PF 6 ] ionic liquid: a novel biopolymer electrolyte for rechargeable battery applications,True,nucleic_acid,md,False,high,
https://openalex.org/W4317829655,https://doi.org/10.1007/s12010-023-04358-4,2023.0,"In Silico Molecular Docking Approach of Melanin Against Melanoma Causing MITF Proteins and Anticancer, Oxidation–Reduction, Photoprotection, and Drug-Binding Affinity Properties of Extracted Melanin from Streptomyces sp. strain MR28",True,other,docking,True,high,
https://openalex.org/W2028500312,https://doi.org/10.1002/pro.5560050403,1996.0,Simulated annealing with restrained molecular dynamics using CONGEN: Energy refinement of the NMR solution structures of epidermal and type‐α transforming growth factors,False,protein,md,True,high,
https://openalex.org/W4416194233,https://doi.org/10.4236/ojpchem.2025.151001,2025.0,Computational Screening of Thermoplastic Starch-Based Biopolymers Blends for Mixing Compatibility,True,starch,molecular_modelling,False,high,
https://openalex.org/W4414325623,https://doi.org/10.1007/s10965-025-04574-y,2025.0,An experimental application of machine learning-driven neuro-fuzzy system to predict the wear behaviour of 3D printed bioplastics,,,,,low,
https://openalex.org/W3202333850,https://doi.org/10.3390/molecules26195935,2021.0,Exploring Gunnera tinctoria: From Nutritional and Anti-Tumoral Properties to Phytosome Development Following Structural Arrangement Based on Molecular Docking,False,none,docking,True,medium,
https://openalex.org/W4382895034,https://doi.org/10.20944/preprints202306.2185.v1,2023.0,Machine Learning Techniques in the Dosage of Biopolymers and Coagulants for Leachate Treatment,True,other,ml,True,medium,
https://openalex.org/W2004045793,https://doi.org/10.1002/bip.20542,2006.0,Estimation of strength in different extra Watson–Crick hydrogen bonds in DNA double helices through quantum chemical studies,False,nucleic_acid,qc,False,high,
https://openalex.org/W4411002216,https://doi.org/10.1021/acs.jpca.5c01596,2025.0,Density Functional Theory Study of the Cellobiose Model System for Unveiling Cellulose–Water Interactions to Enhance Dewatering and Drying,True,cellulose,qc,False,high,
https://openalex.org/W4413243236,https://doi.org/10.3390/polym17162176,2025.0,Predictive Analysis of the Mechanical Properties of Biopolymer–Fiber-Reinforced Composite-Stabilized Soil Based on Genetic Algorithm-Optimized Back Propagation Neural Networks,True,other_polysaccharide,ml,True,high,
https://openalex.org/W4307252426,https://doi.org/10.1088/1742-6596/2307/1/012060,2022.0,On the theoretical study of the structure of a starch-based biopolymer,True,starch,qc,False,high,
https://openalex.org/W2061932028,https://doi.org/10.1137/090781619,2010.0,Global Energy Matching Method for Atomistic-to-Continuum Modeling of Self-Assembling Biopolymer Aggregates,True,protein,md,False,medium,
https://openalex.org/W1991138600,https://doi.org/10.1002/bip.21731,2011.0,Alternative packing modes leading to amyloid polymorphism in five fragments studied with molecular dynamics,False,protein,md,False,high,
https://openalex.org/W4402927520,https://doi.org/10.1021/acssuschemeng.4c03971,2024.0,Enhancing Plant Protein-Based Bioplastics with Natural Additives: A Comprehensive Study by Experimental and Computational Approaches,True,protein,docking,True,high,
https://openalex.org/W4384406190,https://doi.org/10.1007/s00775-023-02005-1,2023.0,"New platinum (II) complexes based on schiff bases: synthesis, specification, X-ray structure, ADMET, DFT, molecular docking, and anticancer activity against breast cancer",False,none,qc,True,high,
https://openalex.org/W4403887177,https://doi.org/10.1145/3671127.3698165,2024.0,BioSys: Efficient Quality Control System for Manufacturing of Sustainable Biopolymer Composites,True,other_polysaccharide,ml,True,high,
https://openalex.org/W4409430340,https://doi.org/10.1016/j.cej.2025.162604,2025.0,Leveraging machine learning for the optimization of reinforced rapeseed protein-gelatin edible coatings for enhanced food preservation,True,protein,ml,True,high,
https://openalex.org/W1491161132,https://doi.org/10.1063/1.451680,1986.0,Monte Carlo simulation on the solvent structure of biopolymers for the study of the effect of hydration on their energy band structure,True,protein,md,False,medium,
https://openalex.org/W3198049289,https://doi.org/10.1021/acs.energyfuels.1c02264,2021.0,Correlation Study on Biopolymer-Blended Cobalt and Iodine Gel Electrolytes to Enhance the Efficiency of Natural Dye-Based DSSCs,True,other_polysaccharide,qc,True,high,
https://openalex.org/W3046934068,https://doi.org/10.1016/j.saa.2020.118795,2020.0,"The study on the interactions of two 1,2,3-triazoles with several biological macromolecules by multiple spectroscopic methodologies and molecular docking",False,none,docking,True,high,
https://openalex.org/W7125949351,https://doi.org/10.1016/j.resconrec.2026.108814,2026.0,Sustainable innovation: Artificial Intelligence-assisted design of bio-based plastics,,,,,low,
https://openalex.org/W4409784112,https://doi.org/10.1016/j.jrmge.2025.03.022,2025.0,Compressive strength of biopolymer-stabilized residual granitic soil using polybutylene succinate and xanthan gum: A mechanical-microstructural study,True,other_polysaccharide,ml,True,high,
https://openalex.org/W7116785451,https://doi.org/10.1038/s41598-025-27897-8,2025.0,Data-driven regression analysis of amylose using Sombor molecular descriptors,True,starch,ml,False,high,
https://openalex.org/W4413254049,https://doi.org/10.1016/j.csite.2025.106799,2025.0,"Analysis of the thermal degradation of Recycled Saudi Coffee and PLA biopolymer blends: Experimentation, kinetics, thermodynamics, and convolutional deep neural networks",,,,,low,
https://openalex.org/W4413253853,https://doi.org/10.1088/1361-6439/adf650,2025.0,Optimisation of neural network hyperparameters for predictive modelling in laser micromachining of biopolymers,True,pla,ml,False,high,
https://openalex.org/W2973194811,https://doi.org/10.1021/acssuschemeng.9b02774,2019.0,Effect of Composition on the Molecular Dynamics of Biodegradable Isotactic Polypropylene/Thermoplastic Starch Blends,True,starch,none,True,high,
https://openalex.org/W4281764543,https://doi.org/10.4028/p-xygkon,2022.0,"Advanced Wastewater Treatment by Using Entrapped nZVI into Alginate (Ag) Biopolymer: Adsorption Isotherm, Kinetic Models, and Statistical Analysis",True,alginate,ml,True,high,
https://openalex.org/W4403117413,https://doi.org/10.1016/j.foodchem.2024.141503,2024.0,Cuprospinel decorated biopolymer functionalized CNFs based electrocatalytic platform integrated with grid search optimized neural network for detection of vital amino acid in beverages,True,chitosan,ml,True,high,
https://openalex.org/W4401560568,https://doi.org/10.1016/j.ijbiomac.2024.134708,2024.0,Hydrogen inhibition of wet AlLi alloy dust collector systems using a composite green biopolymer inhibitor based on chitosan/sodium alginate: Experimental and theoretical studies,True,chitosan,qc,True,high,
https://openalex.org/W1999011806,https://doi.org/10.1016/0301-4622(94)00063-8,1994.0,Canonical analysis of correlated atomic motions in DNA from molecular dynamics simulation,False,nucleic_acid,md,False,high,
https://openalex.org/W4406222122,https://doi.org/10.33263/briac136.571,2023.0,A First-Principles Study on the Chemisorption of Arsenic on the Cellulose Biopolymer,True,cellulose,qc,False,high,
https://openalex.org/W4246560058,https://doi.org/10.7551/mitpress/2018.003.0011,2001.0,Atomic-Level Simulation and Modeling of Biomacromolecules,False,none,md,False,high,
https://openalex.org/W2091494103,https://doi.org/10.1039/b006711n,2000.0,Relaxation dynamics of biopolymers seeded with unfolded lysozyme transients in vacuo. The role of primary sequence in protein folding,False,protein,md,False,high,
https://openalex.org/W2941239899,https://doi.org/10.1016/j.bioorg.2019.102954,2019.0,"Synthesis, characterization, anticancer evaluation and mechanisms of cytotoxic activity of novel 3-hydroxy-3-pyrrolin-2-ones bearing thenoyl fragment: DNA, BSA interactions and molecular docking study",False,none,docking,True,high,
https://openalex.org/W4408078623,https://doi.org/10.1007/s10924-025-03538-z,2025.0,Optimization and Modeling of Simultaneous Removal of Reactive Violet 5 and Acid Red 98 Using Bimetallic Copper-Zero-Valent Iron Nanoparticles Supported on Biopolymer Chitosan Based on a Central Composite Design and Artificial Neural Network,,,,,low,
https://openalex.org/W4401993094,https://doi.org/10.1007/s10570-024-06014-4,2024.0,Cellulose acetylation in ionic liquid-molecular solvent mixtures: influence of the biopolymer-induced preferential solvation on its dissolution and reactivity,,,,,low,
https://openalex.org/W7134033657,https://doi.org/10.1007/s11356-026-37565-7,2026.0,"Environmental fate, biodegradation pathways, and phytotoxicological risks of biopolymer-based packaging: a critical review",True,other,none,False,medium,
https://openalex.org/W4367835733,https://doi.org/10.1016/j.molliq.2023.122001,2023.0,The thermal performance and mechanical stability of methacrylic acid porous hydrogels in an aqueous medium at different initial temperatures and hydrogel volume fraction using the molecular dynamics simulation,,,,,low,
https://openalex.org/W2320565857,https://doi.org/10.1021/jp501925a,2014.0,Large-Scale Reactive Molecular Dynamics Simulation and Kinetic Modeling of High-Temperature Pyrolysis of the Gloeocapsomorphaprisca Microfossils,True,other,md,False,high,
https://openalex.org/W3018275952,https://doi.org/10.1007/978-3-030-38032-8_10,2020.0,Conversion of Lignocellulosic Biomass to Fuels and Value-Added Chemicals Using Emerging Technologies and State-of-the-Art Density Functional Theory Simulations Approach,,,,,low,
https://openalex.org/W4390168529,https://doi.org/10.1007/s00289-023-05099-4,2023.0,Exploring the potential use of natural polymers to enhance the performance of MXene/MOF-5 nanocarrier in loading and co-loading of doxorubicin and curcumin,True,chitosan,md,False,high,
https://openalex.org/W4295037445,https://doi.org/10.1002/smll.202203200,2022.0,Hierarchical Assembly of Flexible Biopolymer Polyphosphate‐Manganese into Nanosheets,True,other,md,True,high,
https://openalex.org/W4385421781,https://doi.org/10.4028/p-pnm7bg,2023.0,First-Principles Insights on the Bonding Mechanism and Electronic Structure of SWCNT and Oxygenated-SWCNT Functionalized by Cellulose Biopolymer,True,cellulose,qc,False,high,
https://openalex.org/W4412860063,https://doi.org/10.1155/adv/9685300,2025.0,Bridging Plant Biotechnology and Additive Manufacturing: A Multicriteria Decision Approach for Biopolymer Development,True,other,ml,False,medium,
https://openalex.org/W3093694997,https://doi.org/10.1007/bf00553749,1981.0,Non-empirical SCF MO studies on the protonation of biopolymer constituents,,,,,low,
https://openalex.org/W4407276405,https://doi.org/10.1016/j.medengphy.2025.104301,2025.0,Atomic-level insights into the adsorption of various biopolymers on Fe 3 O 4 nanoparticles: A molecular dynamics study,True,other_polysaccharide,md,False,high,
https://openalex.org/W3091817163,https://doi.org/10.1002/app.50014,2020.0,Using artificial neural networks to model and interpret electrospun polysaccharide (Hylon VII starch) nanofiber diameter,True,starch,ml,True,high,
https://openalex.org/W2972926349,https://doi.org/10.3390/life9030075,2019.0,Prebiotic Peptide Bond Formation Through Amino Acid Phosphorylation. Insights from Quantum Chemical Simulations,False,protein,qc,False,high,
https://openalex.org/W4403670513,https://doi.org/10.1016/j.ecoenv.2024.117237,2024.0,"Effects of the co-exposure of microplastic/nanoplastic and heavy metal on plants: Using CiteSpace, meta-analysis, and machine learning",False,none,ml,False,high,
https://openalex.org/W2952337374,https://doi.org/10.1088/1757-899x/536/1/012044,2019.0,Modeling Biopolymer and Glucose as Carbon Source Using Artificial Neural Network,True,other_polysaccharide,ml,True,high,
https://openalex.org/W7150091117,https://doi.org/10.3390/ma19071443,2026.0,"Biopolymer-Based Electrospun Nanofibers for Wound Healing, Regeneration, and Therapeutics",True,other_polysaccharide,none,False,medium,
https://openalex.org/W4318480686,https://doi.org/10.3390/coatings13020299,2023.0,The Influence of Biopolymer Coating Based on Pumpkin Oil Cake Activated with Mentha piperita Essential Oil on the Quality and Shelf-Life of Grape,True,protein,ml,True,high,
https://openalex.org/W4408882694,https://doi.org/10.1016/j.seppur.2025.132693,2025.0,Optimization of chitosan-based demulsifiers via interfacial displacement: A molecular dynamics and principal component analysis approach,,,,,low,
https://openalex.org/W4403613473,https://doi.org/10.1002/pol.20240576,2024.0,A Novel Approach to the Development of Natural Resin‐Based Biopolymer in the Presence of a Reusable Catalyst: Characterization and Modeling of Material Properties,True,other,ml,True,high,
https://openalex.org/W4416426731,https://doi.org/10.1016/j.susmat.2025.e01781,2025.0,Simultaneous multimodal and multitask strategies for diverse biodegradable polymers powered by NMR data science,,,,,low,
https://openalex.org/W2996086247,https://doi.org/10.1007/s00289-019-03080-8,2019.0,Density functional theory calculations on the grafting copolymerization of 2-substituted aniline onto chitosan,,,,,low,
https://openalex.org/W2018712723,https://doi.org/10.4236/ns.2014.62010,2014.0,The role of polysaccharides in the molecular evolution of biopolymers,False,other_polysaccharide,qc,True,medium,
https://openalex.org/W3094301872,https://doi.org/10.17632/nyz4y58jbt.1,2020.0,Dataset of Agar Biopolymer Films: mechanical properties,True,other_polysaccharide,ml,True,high,
https://openalex.org/W2034735979,https://doi.org/10.1103/physreve.58.r1241,1998.0,Dynamic shear modulus of a semiflexible polymer network,True,protein,md,False,medium,
https://openalex.org/W7129416819,https://doi.org/10.1039/d5tb02894a,2026.0,Smart natural polymer-based hydrogels for chronic wound management: advances in real-time monitoring and stimuli-responsive therapy,True,other_polysaccharide,none,False,medium,
https://openalex.org/W2048388914,https://doi.org/10.1016/j.eurpolymj.2010.09.041,2010.0,"Molecular simulation of structure, thermodynamic and transport properties of polyacrylonitrile, polystyrene and their alternating copolymers in high temperatures",,,,,low,
https://openalex.org/W3197715756,https://doi.org/10.1007/s00894-021-04894-y,2021.0,Interaction of glyphosate in matrices of cellulose and diethylaminoethyl cellulose biopolymers: theoretical viewpoint of the adsorption process,True,cellulose,qc,False,high,
https://openalex.org/W2987169097,https://doi.org/10.2174/1573406415666191024102520,2019.0,"Synthesis, Characterization, Antioxidant Activity of β-diketonates, and Effects of Coordination to Copper(II) Ion on their Activity: DNA, BSA Interactions and Molecular Docking Study",False,none,docking,True,high,
https://openalex.org/W4396805086,https://doi.org/10.1039/d4ra01257g,2024.0,Machine learning-guided morphological property prediction of 2D electrospun scaffolds: the effect of polymer chemical composition and processing parameters,True,other,ml,True,medium,
https://openalex.org/W4410876483,https://doi.org/10.1016/j.bpj.2025.05.026,2025.0,2Danalysis: A toolbox for analysis of lipid membranes and biopolymers in two-dimensional space,False,none,md,False,medium,
https://openalex.org/W7138894768,https://doi.org/10.1016/j.ccr.2026.217839,2026.0,Bioinspired chitosan magnetic nanocomposites for advanced oil–water separation: bridging experiments with machine learning and molecular dynamics,,,,,low,
https://openalex.org/W2151639191,https://doi.org/10.1002/pro.5560060502,1997.0,Homology modeling using simulated annealing of restrained molecular dynamics and conformational search calculations with CONGEN: Application in predicting the three‐dimensional structure of murine homeodomain Msx‐1,False,protein,md,False,high,
https://openalex.org/W2793084513,https://doi.org/10.1021/acs.biomac.8b00327,2018.0,Design of Polyphosphate Inhibitors: A Molecular Dynamics Investigation on Polyethylene Glycol-Linked Cationic Binding Groups,False,other,md,True,high,
https://openalex.org/W2081127284,https://doi.org/10.1002/jps.10533,2003.0,"Polymer–drug compatibility: A guide to the development of delivery systems for the anticancer agent, ellipticine",True,pla,solubility,True,high,
https://openalex.org/W4404818147,https://doi.org/10.1039/d4ma01033g,2024.0,Finding low-toxicity biopolymer solvents with high melting temperature and thermally induced phase separation of poly(ε-caprolactone),True,other,solubility,False,medium,
https://openalex.org/W2031734037,https://doi.org/10.1016/0008-6215(96)00032-8,1996.0,Binding properties of carbohydrate sulfamates based on ab initio 6–31 + G∗∗ calculations on N-methyl and N-ethyl sulfamate anions,,,,,low,
https://openalex.org/W4289783536,https://doi.org/10.1038/s41467-022-31955-4,2022.0,Generating experimentally unrelated target molecule-binding highly functionalized nucleic-acid polymers using machine learning,False,nucleic_acid,generative,True,high,
https://openalex.org/W4411830002,https://doi.org/10.3390/polym17131805,2025.0,Eco-Engineered Biopolymer–Clay Composite for Phosphate IonRemoval: Synergistic Insights from Statistical and AI Modeling,True,alginate,ml,True,high,
https://openalex.org/W2066765384,https://doi.org/10.1002/btpr.278,2009.0,Modeling and optimization of microbial hyaluronic acid production by Streptococcus zooepidemicus using radial basis function neural network coupling quantum‐behaved particle swarm optimization algorithm,True,other_polysaccharide,ml,True,high,
https://openalex.org/W4416399957,https://doi.org/10.1016/j.jreng.2025.06.003,2025.0,Cup lump rubber and natural rubber latex biopolymers as promising modifiers for asphalt binders and mixtures: A review,True,other,none,False,high,
https://openalex.org/W4399043041,https://doi.org/10.3390/polym16111515,2024.0,Machine Learning Analysis of Enhanced Biodegradable Phoenix dactylifera L./HDPE Composite Thermograms,True,other,ml,True,high,
https://openalex.org/W2731808879,https://doi.org/10.1061/9780784480779.100,2017.0,Coupled Hygro-Thermo-Mechanical Behavior of Amorphous Biopolymers: Molecular Dynamic Study of Softwood Lignin,True,lignin,md,False,high,
https://openalex.org/W4226264501,https://doi.org/10.21203/rs.3.rs-1518462/v1,2022.0,Molecular Dynamics Simulation Study on the Adsorption of Various Biopolymers on Iron Oxide Nanosurface,True,other_polysaccharide,md,False,high,
https://openalex.org/W3156718723,https://doi.org/10.3390/pr9040714,2021.0,Revealing of Supercritical Water Gasification Process of Lignin by Reactive Force Field Molecular Dynamics Simulations,True,lignin,md,False,high,
https://openalex.org/W4411244055,https://doi.org/10.69613/2q6qdy97,2025.0,A Review on Advanced Drug Delivery Systems Using 3D-Printed Biodegradable Polymers,True,pla,none,False,high,
https://openalex.org/W4385741000,https://doi.org/10.1016/j.envint.2023.108139,2023.0,"Enantioselective uptake, translocation, and biotransformation of pydiflumetofen in wheat (Triticum aestivum L.): Insights from chiral profiling and molecular simulation",False,none,docking,True,high,
https://openalex.org/W4415921108,https://doi.org/10.1038/s41598-025-22765-x,2025.0,A dispersion-corrected DFT calculation on the drug delivery of Bezafibrate using pectin biopolymer,True,pectin,qc,False,high,
https://openalex.org/W4382679325,https://doi.org/10.1557/s43580-023-00606-1,2023.0,Modeling of degradation ability for starch-based biodegradable polymer film using ANFIS,True,starch,ml,True,high,
https://openalex.org/W2024179757,https://doi.org/10.1016/j.theochem.2003.11.007,2003.0,A common intermediate for prebiotic synthesis of proteins and nucleosides: a density functional theory (DFT) study on the formation of penta-coordinate phosphorus carboxylic–phosphoric mixed anhydride from N-phosphoryl amino acids,,,,,low,
https://openalex.org/W2075875691,https://doi.org/10.1002/bip.21147,2009.0,Molecular dynamics (MD) simulations of VIP and PACAP27,False,protein,md,False,high,
https://openalex.org/W4409247202,https://doi.org/10.1007/s10965-025-04368-2,2025.0,Biopolymer composite matrix structure nano architectonics and its key role in regulating mechanical tunability for biomedical applications,,,,,low,
https://openalex.org/W4400000825,https://doi.org/10.1016/j.carres.2024.109192,2024.0,In vitro and in silico approach towards antimicrobial and antioxidant behaviour of water-soluble chitosan dialdehyde biopolymers,True,chitosan,docking,True,high,
https://openalex.org/W4411341217,https://doi.org/10.1016/j.colsurfa.2025.137504,2025.0,Sustainable enhancement of fine specularite recovery via selective flocculation with biopolymer-based carboxymethyl chitosan,,,,,low,
https://openalex.org/W4296301768,https://doi.org/10.1016/j.jmgm.2022.108336,2022.0,Cellulose Iβ microfibril interaction with pristine graphene in water: Effects of amphiphilicity by molecular simulation,True,cellulose,md,False,high,
https://openalex.org/W2062614853,https://doi.org/10.1190/1.1815637,2000.0,AVO inversion by Artificial Neural Networks (ANN),,,,,low,
https://openalex.org/W2050152420,https://doi.org/10.1002/bip.20749,2007.0,"H4 histone tail mediated DNA–DNA interaction and effects on DNA structure, flexibility, and counterion binding. A molecular dynamics study",False,nucleic_acid,md,False,high,
https://openalex.org/W1804858628,https://doi.org/10.1002/bip.22494,2014.0,Rapid communication: Computational simulation and analysis of a candidate for the design of a novel silk‐based biopolymer,True,protein,md,False,high,
https://openalex.org/W2322248016,https://doi.org/10.1021/jp207945p,2011.0,Real Time Observation of Ultrafast Peptide Conformational Dynamics: Molecular Dynamics Simulation vs Infrared Experiment,False,protein,md,True,high,
https://openalex.org/W2022121075,https://doi.org/10.1016/j.jcp.2014.04.025,2014.0,An improved fast multipole method for electrostatic potential calculations in a class of coarse-grained molecular simulations,,,,,low,
https://openalex.org/W4310022651,https://doi.org/10.1002/jcc.27037,2022.0,A building‐block database of distributed polarizabilities and dipole moments to estimate optical properties of biomacromolecules in isolation or in an explicitly solvated medium,False,protein,qc,False,high,
https://openalex.org/W4390673135,https://doi.org/10.1007/s10570-023-05705-8,2024.0,Preparation and molecular dynamics simulation of 3-isocyanatopropyltrimethoxysilane-modified sisal microcrystalline cellulose/natural rubber composites,,,,,low,
https://openalex.org/W2085351863,https://doi.org/10.1016/j.bmc.2007.01.050,2007.0,On the applicability of QSAR for recognition of miRNA bioorganic structures at early stages of organism and cell development: Embryo and stem cells,False,nucleic_acid,qsar,False,high,
https://openalex.org/W4311818784,https://doi.org/10.1016/j.steroids.2022.109156,2022.0,Decoding the binding interaction of steroidal pyridines with bovine serum albumin using spectroscopic and molecular docking techniques,False,protein,docking,True,high,
https://openalex.org/W2152319192,https://doi.org/10.1002/bip.20420,2005.0,Investigation of mechanism of desmopressin binding in vasopressin V2 receptor versus vasopressin V1a and oxytocin receptors: Molecular dynamics simulation of the agonist‐bound state in the membrane–aqueous system,False,none,md,False,high,
https://openalex.org/W2478833662,https://doi.org/10.1007/978-3-319-21626-3_3,2015.0,Recent Progress in Adaptive-Partitioning QM/MM Methods for Born-Oppenheimer Molecular Dynamics,,,,,low,
https://openalex.org/W4415308587,https://doi.org/10.1038/s41467-025-64313-1,2025.0,AQuaRef: machine learning accelerated quantum refinement of protein structures,False,protein,ml,True,high,
https://openalex.org/W2009548671,https://doi.org/10.1063/1.3498780,2010.0,The susceptibility of α-helical secondary structure to steric strain: Coarse-grained simulation of dendronized polypeptides,True,protein,md,False,high,
https://openalex.org/W4385330743,https://doi.org/10.2217/nnm-2022-0225,2023.0,Enhanced Anticancer Activity of siRNA and Drug Codelivered by Anionic Biopolymer: Overcoming Electrostatic Repulsion,True,other_polysaccharide,docking,True,high,
https://openalex.org/W4413274131,https://doi.org/10.1016/j.ijbiomac.2025.146964,2025.0,Integrative spatial multi-omics identifies the TEK receptor tyrosine kinase as a central biomacromolecule of endothelial-immune interactions in glioblastoma,False,none,docking,True,high,
https://openalex.org/W4385631728,https://doi.org/10.1201/9781003299127-82,2023.0,Linear regression to predict the unconfined compressive strength of biopolymer-based soil treatment (BPST),True,other,ml,False,medium,
https://openalex.org/W1749516073,https://doi.org/10.1007/978-3-540-72584-8_104,2007.0,Multiscale Modeling of Biopolymer Translocation Through a Nanopore,True,nucleic_acid,md,False,high,
https://openalex.org/W1988640913,https://doi.org/10.1016/j.bpj.2008.12.3178,2009.0,Prediction of Hofmeister ion effects on biopolymer processes,,,,,low,
https://openalex.org/W4414056355,https://doi.org/10.1016/j.jece.2025.119175,2025.0,Optimization of anaerobic wastewater effluent for efficient microalgal growth and biomacromolecules production: Lab-scale photobioreactor and machine learning performance,,,,,low,
https://openalex.org/W4378551540,https://doi.org/10.1007/978-981-99-2079-2_5,2023.0,Molecular Dynamics Simulation Methods to Study Structural Dynamics of Proteins,,,,,low,
https://openalex.org/W2072331478,https://doi.org/10.1002/bip.360330303,1993.0,Persistence analysis of the static and dynamical helix deformations of DNA oligonucleotides: Application to the crystal structure and molecular dynamics simulation of d(CGCGAATTCGCG)2,False,nucleic_acid,md,False,high,
https://openalex.org/W2521457564,https://doi.org/10.1080/08927022.2016.1204659,2016.0,A molecular dynamics simulation study of the effect of water–graphene interaction on the properties of confined water,False,none,md,False,high,
https://openalex.org/W289152469,,2012.0,A Hybrid Density Functional Theory for Solvation and Solvent-Mediated Interactions,False,none,qc,False,medium,
https://openalex.org/W4385400309,https://doi.org/10.4028/p-rz9jfl,2023.0,DFT Study on Na-Ion Conducting Solid Biopolymer Electrolyte-Based on Agar-Agar and NaPF6 for Sodium-Ion Batteries,True,other_polysaccharide,qc,False,high,
https://openalex.org/W1581032329,https://doi.org/10.48550/arxiv.1009.3697,2010.0,Exploring the energy landscape of biopolymers using single molecule force spectroscopy and molecular simulations,False,protein,md,True,high,
https://openalex.org/W4244968080,https://doi.org/10.1016/s0032-3861(04)00861-4,2004.0,Accurate predictions of cellular response using QSPR: a feasibility test of rational design of polymeric biomaterials,True,other,qsar,True,high,
https://openalex.org/W7159826214,https://doi.org/10.3390/polym18091076,2026.0,Machine Learning Methods for Mineralization-Based Biodegradation Prediction in Polyhydroxyalkanoate-Based Biopolymers: Insights from Lab-Scale Experiments,True,pha,qsar,True,high,
https://openalex.org/W2092288865,https://doi.org/10.1039/b817927a,2009.0,Molecular dynamics simulation of F-actin reveals the role of cross-linkers in semi-flexible filament assembly,False,protein,md,False,high,
https://openalex.org/W2912520844,https://doi.org/10.1016/j.bcab.2019.101046,2019.0,Comparison of response surface methodology and feedforward neural network modeling for polycaprolactone synthesis using enzymatic polymerization,True,other,ml,True,high,
https://openalex.org/W3007797632,https://doi.org/10.1007/s10570-020-03050-8,2020.0,"Dependence of cellulose dissolution in quaternary ammonium acetates/DMSO on the molecular structure of the electrolyte: use of solvatochromism, micro-calorimetry, and molecular dynamics simulations",True,cellulose,md,True,high,
https://openalex.org/W2983963944,https://doi.org/10.1016/j.molliq.2019.112156,2019.0,"Molecular insight into silk fibroin based delivery vehicle for amphiphilic drugs: Synthesis, characterization and molecular dynamics studies",True,protein,md,True,high,
https://openalex.org/W4410452425,https://doi.org/10.1016/j.jpha.2025.101346,2025.0,Applications of quantitative 13C NMR in pharmaceutical analysis: From small molecule drugs to biopolymers,False,none,none,False,low,
https://openalex.org/W7123504299,https://doi.org/10.26599/nr.2026.94908419,2026.0,Green electronics based on biopolymer memristors toward sustainable neuromorphic devices,True,other,none,False,medium,
https://openalex.org/W4404147776,https://doi.org/10.1016/j.synthmet.2024.117778,2024.0,Xanthan gum biopolymer gated low voltage-operating photo synaptic organic field-effect transistor for neuromorphic electronics,,,,,low,
https://openalex.org/W4403245695,https://doi.org/10.1002/anie.202414069,2024.0,‘Invisible’ Molecular Dynamics Revealed for a Conformationally Chiral π‐Stacked Perylene Bisimide Foldamer,False,none,qc,True,high,
https://openalex.org/W4376133657,https://doi.org/10.1007/s12010-023-04567-x,2023.0,Impact of Acetic Acid Supplementation in Polyhydroxyalkanoates Production by Cupriavidus necator Using Mixture-Process Design and Artificial Neural Network,True,pha,ml,True,high,
https://openalex.org/W2036300163,https://doi.org/10.1002/1097-0282(200011)54:6<416::aid-bip60>3.0.co;2-2,2000.0,On the transferability of atomic solvation parameters: Ab initio structural prediction of cyclic heptapeptides in DMSO,False,protein,md,False,high,
https://openalex.org/W4414300881,https://doi.org/10.1016/j.jfutfo.2025.04.025,2025.0,Novel starch/agar smart bioplastic incorporated with dual-encapsulated anthocyanin for shrimp freshness monitoring,True,starch,ml,True,high,
https://openalex.org/W4414161427,https://doi.org/10.1021/acs.langmuir.5c03882,2025.0,All-Atom Modeling and Simulation of Biopolymer Interface: Dual Role of Antifouling Polymer Brushes,True,other,md,False,high,
https://openalex.org/W4386500823,https://doi.org/10.1007/978-1-0716-3441-7_3,2023.0,Molecular Dynamics as a Tool for Virtual Ligand Screening,False,none,md,False,high,
https://openalex.org/W1564324629,https://doi.org/10.1016/b978-0-12-374195-0.00007-0,2009.0,Unified Application of the Materials-Science Approach to the Structural Properties of Biopolymer Co-Gels throughout the Industrially Relevant Level of Solids,,,,,low,
https://openalex.org/W2090974939,https://doi.org/10.1021/bm5014525,2014.0,Molecular Adhesion at Clay Nanocomposite Interfaces Depends on Counterion Hydration–Molecular Dynamics Simulation of Montmorillonite/Xyloglucan,True,other_polysaccharide,md,False,high,
https://openalex.org/W4377115626,https://doi.org/10.3390/insects14050479,2023.0,Application of Machine Learning Techniques to Discern Optimal Rearing Conditions for Improved Black Soldier Fly Farming,False,none,ml,False,high,
https://openalex.org/W2950862157,https://doi.org/10.1038/s41598-019-44044-2,2019.0,Prediction of Sub-Monomer A2 Domain Dynamics of the von Willebrand Factor by Machine Learning Algorithm and Coarse-Grained Molecular Dynamics Simulation,True,protein,ml,False,high,
https://openalex.org/W4415918809,https://doi.org/10.1038/s41598-025-96866-y,2025.0,Computational and molecular docking analysis of a novel azo compound and its nanocomposite biopolymer synthesized via a single-pot method,True,other_polysaccharide,qc,True,medium,
https://openalex.org/W2147958276,https://doi.org/10.2174/0929867003375317,2000.0,Molecular Modeling and Computer Aided Drug Design. Examples of their Applications in Medicinal Chemistry,False,none,molecular_modelling,False,medium,
https://openalex.org/W2038161911,https://doi.org/10.1002/bip.360340310,1994.0,"Lagrangian molecular dynamics using selected conformational degrees of freedom, with application to the pseudorotation dynamics of furanose rings",False,nucleic_acid,md,False,high,
https://openalex.org/W2333144789,https://doi.org/10.1273/cbij.13.45,2013.0,Dynamic fragmentation with static fragments (DF/SF) algorithm designed for ab initio fragment molecular orbital-based molecular dynamics (FMO-MD) simulations of polypeptides,False,protein,qc,False,high,
https://openalex.org/W4388735746,https://doi.org/10.1016/j.jmgm.2023.108674,2023.0,Optimizing biodegradable plastics: Molecular dynamics insights into starch plasticization with glycerol and oleic acid,True,starch,md,False,high,
https://openalex.org/W2027508340,https://doi.org/10.1016/j.pnmrs.2013.03.001,2013.0,Conformational dynamics and distribution of nitroxide spin labels,False,protein,md,False,high,
https://openalex.org/W4297094332,https://doi.org/10.1159/000527118,2022.0,Convolution Neural Networks and Targeted Fluorescent Nanoparticles to Detect and ICDAS Score Caries,True,starch,ml,True,high,
https://openalex.org/W2906742176,https://doi.org/10.1021/jacs.8b09917,2019.0,"Effect of MnO 2 Crystal Structure on Aerobic Oxidation of 5-Hydroxymethylfurfural to 2,5-Furandicarboxylic Acid",False,none,qc,True,high,
https://openalex.org/W7117533249,https://doi.org/10.12974/2311-8717.2025.13.15,2025.0,AI-Based Defect Identification in FDM-Printed Biodegradable Polymer Composites Through Multimodal Characterization,True,pla,ml,True,high,
https://openalex.org/W2417405412,https://doi.org/10.1166/jnn.2016.12476,2016.0,Conventional and Fast Field Cycling Relaxometry Study of the Molecular Dynamics in Polymer Nanocomposites for Use as Drug Delivery Systems,True,other,none,True,medium,
https://openalex.org/W4280497234,https://doi.org/10.1021/acs.jpcb.2c01807,2022.0,Effect of Sulfation on the Conformational Dynamics of Dermatan Sulfate Glycosaminoglycan: A Gaussian Accelerated Molecular Dynamics Study,True,other_polysaccharide,md,False,high,
https://openalex.org/W2953139847,https://doi.org/10.1093/bioinformatics/bty396,2018.0,YAMDA: thousandfold speedup of EM-based motif discovery using deep learning libraries and GPU,False,nucleic_acid,ml,False,high,
https://openalex.org/W2401200928,https://doi.org/10.1007/978-1-62703-017-5_17,2012.0,"Simulating DNA by Molecular Dynamics: Aims, Methods, and Validation",False,nucleic_acid,md,False,high,
https://openalex.org/W2945516024,https://doi.org/10.1080/1062936x.2019.1607549,2019.0,Consensus QSPR modelling for the prediction of cellular response and fibrinogen adsorption to the surface of polymeric biomaterials,True,other,qsar,False,high,
https://openalex.org/W4200442204,https://doi.org/10.1101/2021.12.14.472648,2021.0,Caveats to deep learning approaches to RNA secondary structure prediction,False,nucleic_acid,ml,False,high,
https://openalex.org/W2951045991,https://doi.org/10.1016/j.bbagen.2019.06.006,2019.0,Visualizing protein motion in Couette flow by all-atom molecular dynamics,False,protein,md,False,high,
https://openalex.org/W4377192710,https://doi.org/10.1098/rsta.2022.0254,2023.0,Atomic-scale modelling of organic matter in soil: adsorption of organic molecules and biopolymers on the hydroxylated α-Al 2 O 3 (0001) surface,True,other_polysaccharide,qc,False,high,
https://openalex.org/W2035936033,https://doi.org/10.1515/znc-1999-1107,1999.0,Molecular Dynamics Modellization and Simulation of Water Diffusion through Plant Cutin,True,other,md,False,high,
https://openalex.org/W4386937066,https://doi.org/10.30954/2322-0465.1.2023.2,2023.0,"Artificial Intelligence and Smart Society: Educational Applications, Emergences and Issues – A Scientific Review",True,other,none,True,medium,
https://openalex.org/W2501089141,https://doi.org/10.1201/b11384-11,2011.0,Chapter 5Exploring the Energy Landscape of Biopolymers Using Single-Molecule Force Spectroscopy and Molecular Simulations,False,protein,md,True,medium,
https://openalex.org/W4379795509,https://doi.org/10.1016/j.jmr.2023.107492,2023.0,Machine learning assisted interpretation of 2D solid-state nuclear magnetic resonance spectra,True,other,ml,False,medium,
https://openalex.org/W7137809865,https://doi.org/10.1007/s42824-026-00224-w,2026.0,Recent Developments on Natural Polymers as Viable Alternatives to Conventional Materials for Sustainable Packaging,,,,,low,
https://openalex.org/W4404893443,https://doi.org/10.1016/j.mtcomm.2024.111149,2024.0,Synthesis and characterization of biopolymer-based copper carbonate nanoparticles,,,,,low,
https://openalex.org/W4413848387,https://doi.org/10.1016/j.foodchem.2025.146140,2025.0,Machine learning driven multi-objective optimization of cellulose acetate film composition for food packaging applications,True,cellulose,ml,True,high,
https://openalex.org/W4402985443,https://doi.org/10.3390/polym16192776,2024.0,Modelling Across Multiple Scales to Design Biopolymer Membranes for Sustainable Gas Separations: 2-Multiscale Approach,True,pha,md,True,high,
https://openalex.org/W2923918707,https://doi.org/10.1088/1742-6596/1163/1/012074,2019.0,Population annealing molecular dynamics with adaptive temperature steps,False,none,md,False,high,
https://openalex.org/W2090231185,https://doi.org/10.1002/bip.21062,2008.0,Molecular dynamics simulations of Factor Xa: Insight into conformational transition of its binding subsites,False,protein,md,False,high,
https://openalex.org/W2508560054,,1996.0,Molecular mobility and interactions in biopolymer-sugar-water systems,True,other_polysaccharide,md,True,medium,
https://openalex.org/W4301185089,https://doi.org/10.1021/jacs.2c06538,2022.0,"Near-Infrared-Absorbing B–N Lewis Pair-Functionalized Anthracenes: Electronic Structure Tuning, Conformational Isomerism, and Applications in Photothermal Cancer Therapy",False,none,qc,True,high,
https://openalex.org/W2346076458,https://doi.org/10.1515/ijfe-2015-0251,2016.0,Preparing Allicin Nanocapsules and Determining the Factors Controlling Their Particle Size through Artificial Intelligence,True,alginate,ml,True,high,
https://openalex.org/W4283830635,https://doi.org/10.20944/preprints202207.0080.v1,2022.0,A Density Functional Theory and Information-Theoretic Approach Study of Interaction Energy and Polarizability for Base Pairs and Peptides,False,nucleic_acid,qc,False,high,
https://openalex.org/W4297548538,https://doi.org/10.3390/polym14194031,2022.0,Molecular Dynamics Investigation of Hyaluronan in Biolubrication,True,other_polysaccharide,md,False,high,
https://openalex.org/W4399863716,https://doi.org/10.3390/ijms25126698,2024.0,A Practical Guide to All-Atom and Coarse-Grained Molecular Dynamics Simulations Using Amber and Gromacs: A Case Study of Disulfide-Bond Impact on the Intrinsically Disordered Amyloid Beta,False,protein,md,False,high,
https://openalex.org/W3131450177,https://doi.org/10.1002/jccs.202000515,2021.0,"Molecular Structure, Molecular Docking and Absorption, Distribution, Metabolism, Excretion and Toxicity study of cellulose II",True,cellulose,docking,False,high,
https://openalex.org/W4409002002,https://doi.org/10.1016/j.ijbiomac.2025.142472,2025.0,"Integrated ultrastructural, physiological and transcriptomic analyses uncover alterations in photosynthetic biomacromolecule structures by cadmium and cerium co-exposure and their regulation by hormone signaling and antioxidant pathways in maize",False,none,docking,True,medium,
https://openalex.org/W3133785734,https://doi.org/10.1016/j.csbj.2021.03.002,2021.0,Structural and molecular dynamics investigations of ligand stabilization via secondary binding site interactions in Paenibacillus xylanivorans GH11 xylanase,False,other_polysaccharide,md,True,high,
https://openalex.org/W7125660073,https://doi.org/10.1016/j.jare.2026.01.056,2026.0,"Regenerated lignocellulosic material from pea, bean, and artichoke waste as feedstock for bioplastic production",True,other_polysaccharide,docking,True,high,
https://openalex.org/W4283775029,https://doi.org/10.1016/j.molliq.2022.119761,2022.0,"Evaluation of interaction between Ponceau 4R (P4R) and trypsin using kinetic, spectroscopic, and molecular dynamics simulation methods",False,protein,md,True,high,
https://openalex.org/W1989429077,https://doi.org/10.1016/j.sbi.2007.12.001,2008.0,Computational techniques for efficient conformational sampling of proteins,False,protein,md,False,high,
https://openalex.org/W4408286707,https://doi.org/10.1016/j.ijbiomac.2025.141958,2025.0,"Bioactive bacterial cellulose/chitosan/sodium alginate composite film functionalized with Moringa oleifera seed extract: Antimicrobial, anticancer, and molecular docking studies",True,other_polysaccharide,docking,True,high,
https://openalex.org/W4382771508,https://doi.org/10.1016/j.mtcomm.2023.106546,2023.0,Identification of machine learning neural-network techniques for prediction of interfacial tension reduction by zein based colloidal particles,,,,,low,
https://openalex.org/W4402844088,https://doi.org/10.1016/j.jclepro.2024.143781,2024.0,Data-driven neural networks for biological wastewater resource recovery: Development and challenges,,,,,low,
https://openalex.org/W1500528263,https://doi.org/10.1063/1.41310,1991.0,Paths in the Conformational Space of Biopolymers,False,protein,md,False,high,
https://openalex.org/W2596410976,,2012.0,Dynamics of Escape and Translocation of Biopolymers,False,nucleic_acid,md,False,high,
https://openalex.org/W4389673979,https://doi.org/10.1021/bk-2023-1458.ch003,2023.0,Biopolymers as Antibacterial and Antiviral Agents,True,other,none,False,medium,
https://openalex.org/W4399989046,https://doi.org/10.1016/j.carbpol.2024.122429,2024.0,Nanostructure and interfacial mechanical properties of PEG/cellulose nanocomposites studied with molecular dynamics,True,cellulose,md,False,high,
https://openalex.org/W4410031842,https://doi.org/10.1080/07391102.2025.2499223,2025.0,Evaluation of the structure and stability of myoglobin after interaction with ribose: spectroscopic and molecular simulation approach,False,protein,md,True,high,
https://openalex.org/W2859884356,https://doi.org/10.1007/978-981-10-8069-2_8,2018.0,Biopolymer-Directed Magnetic Composites,True,protein,md,True,medium,
https://openalex.org/W1982251249,https://doi.org/10.1080/07391102.2004.10506966,2004.0,Molecular Dynamics Simulations of β-turn Forming Tetra- and Hexapeptides,False,protein,md,False,high,
https://openalex.org/W3162298278,https://doi.org/10.1080/07391102.2021.1922312,2021.0,A molecular dynamics study on using of naturally occurring polymers for structural stabilization of erythropoietin at high temperature,True,other_polysaccharide,md,False,high,
https://openalex.org/W4319262636,https://doi.org/10.1016/j.resconrec.2023.106903,2023.0,Analysing the potential of the selective dissolution of elastane from mixed fiber textile waste,True,other,solubility,True,high,
https://openalex.org/W4409989032,https://doi.org/10.1021/acs.jpcc.5c01565,2025.0,Modeling Plasma-Induced Modifications in Alginate Biopolymers at the Atomic Scale,True,alginate,md,False,high,
https://openalex.org/W3035272226,https://doi.org/10.1016/j.polymer.2020.122709,2020.0,Structural effects of dimensional nano-fillers on the properties of Sapium sebiferum oil-based polyurethane matrix: Experiments and molecular dynamics simulation,True,other,md,True,high,
https://openalex.org/W2953779524,https://doi.org/10.1101/684670,2019.0,Graphene Quantum Dot Oxidation Governs Noncovalent Biopolymer Adsorption,True,nucleic_acid,md,True,high,
https://openalex.org/W3209178354,https://doi.org/10.1007/s00289-021-03957-7,2021.0,Theoretical study of glyphosate adsorption potential on methylcellulose and cellulose xanthate matrices compared to activated carbon: role of biopolymers in the adsorption process,,,,,low,
https://openalex.org/W4312220864,https://doi.org/10.1016/j.mtcomm.2022.105254,2022.0,How environmental factors affect the structural properties and biofunctions of keratin: A molecular dynamics study,,,,,low,
https://openalex.org/W135541713,,2013.0,Application of artificial neural network(ANN) for the prediction of size of silver nanoparticles prepared by green method,True,other_polysaccharide,ml,True,medium,
https://openalex.org/W1976045703,https://doi.org/10.1063/1.4818595,2013.0,Self-assembly of 50 bp poly(dA)·poly(dT) DNA on highly oriented pyrolytic graphite via atomic force microscopy observation and molecular dynamics simulation,False,nucleic_acid,md,True,high,
https://openalex.org/W3134743237,https://doi.org/10.1007/s41660-021-00163-w,2021.0,Comparison between Artificial Neural Networks and Support Vector Machine Modeling for Polycaprolactone Synthesis via Enzyme Catalyzed Polymerization,,,,,low,
https://openalex.org/W4390987933,https://doi.org/10.2139/ssrn.4698981,2024.0,Experimental and Computational Study of Modified Biopolymer with Synthetic Vinyl Monomers for Enhanced Oil Recovery,,,,,low,
https://openalex.org/W7127183559,https://doi.org/10.1016/j.molstruc.2026.145521,2026.0,"Genipin-crosslinked biopolymer hydrogels for controlled quercetin delivery: Antibacterial activity, cytocompatibility and docking-assisted protein interaction",,,,,low,
https://openalex.org/W4411150005,https://doi.org/10.1021/acssuschemeng.5c03378,2025.0,Efficient Degradation of Consumer-Grade PLA by Commercial Savinase: Optimized Conditions and Molecular Dynamics Insights,True,pla,md,True,high,
https://openalex.org/W4408733366,https://doi.org/10.1007/s13399-025-06766-4,2025.0,Experimental and in silico approaches to identify a sustainable source of bioplastics from seaweeds,,,,,low,
https://openalex.org/W3006764818,https://doi.org/10.1061/9780784482803.057,2020.0,Explaining the Effect of Biopolymer-Based Pore Fluid on Soil Behavior Using Coarse Grained Molecular Dynamics Simulations,True,other_polysaccharide,md,False,medium,
https://openalex.org/W3017767437,https://doi.org/10.1016/j.molstruc.2020.128300,2020.0,"Spectral, structural, biological and molecular docking studies of a new mixed-valence V(IV)/V(V) ofloxacin complex",False,none,docking,True,high,
https://openalex.org/W4414519491,https://doi.org/10.1016/j.lwt.2025.118548,2025.0,"Machine learning-based optimization of alginate, guar gum, and pectin-based edible coatings for extended strawberry shelf life",True,other_polysaccharide,ml,True,high,
https://openalex.org/W178115600,https://doi.org/10.1007/978-94-009-6366-5_17,1984.0,Electronic Structure of Highly Conducting Polymers and Biopolymers; Solid State Aspects,,,,,low,
https://openalex.org/W4402455035,https://doi.org/10.1016/j.microc.2024.111629,2024.0,Partial least squares regression based rapid quantification of intracellular biopolymers from a Sudan black absorption assay,,,,,low,
https://openalex.org/W2068769342,https://doi.org/10.1115/detc2011-48376,2011.0,Fast Electrostatic Force and Moment Calculations in Multibody-Based Simulations of Coarse-Grained Biopolymers,True,other,md,False,medium,
https://openalex.org/W4378901955,https://doi.org/10.1039/d3gc00793f,2023.0,Rapid dissolution of high concentration poly(3-hydroxybutyrate) using neoteric biosolvents: experiment and molecular dynamics simulation,True,pha,md,True,high,
https://openalex.org/W2151713856,https://doi.org/10.1002/1521-3765(20021018)8:20<4742::aid-chem4742>3.0.co;2-l,2002.0,Core-Substituted Naphthalene Bisimides: New Fluorophors with Tunable Emission Wavelength for FRET Studies,False,none,qc,True,high,
https://openalex.org/W1978552755,https://doi.org/10.1021/ja1104014,2011.0,Fluorescence Ratiometry and Fluorescence Lifetime Imaging: Using a Single Molecular Sensor for Dual Mode Imaging of Cellular Viscosity,False,none,qc,True,high,
https://openalex.org/W4405855572,https://doi.org/10.1038/s41598-024-82853-2,2024.0,"Dual-fluorescent starch biopolymer films containing 5-(4-nitrophenyl)-1,3,4-thiadiazol-2-amine powder as a functional nanofiller",True,starch,qc,True,high,
https://openalex.org/W2005564506,https://doi.org/10.1002/masy.201200121,2014.0,"Controlled Aggregation of Biopolymer‐ W rapped Carbon Nanotubes in Aqueous Suspension, Induced by Cationic Porphyrin",True,nucleic_acid,md,True,high,
https://openalex.org/W4404745331,https://doi.org/10.1039/d4cp03719g,2024.0,Ab initio conformational analysis of α/β- d -xylopyranose at pyrolysis conditions,True,other_polysaccharide,qc,False,high,
https://openalex.org/W2082435407,https://doi.org/10.1002/masy.200750614,2007.0,Molecular Dynamics of Pectin Extension,True,pectin,md,False,high,
https://openalex.org/W7165129634,https://doi.org/10.1016/j.ssi.2026.117250,2026.0,"Elucidating the electronic structure, ionic transport and electrochemical characterization of agarose-based biopolymer electrolytes modulated by NaNO3 and NaPF6: A combined density functional theory and experimental study",,,,,low,
https://openalex.org/W7123554159,https://doi.org/10.1016/j.foodres.2026.118401,2026.0,Artificial intelligence films for dynamic and sustainable preservation of high-value fruits,True,chitosan,ml,False,medium,
https://openalex.org/W2788196490,https://doi.org/10.1039/c7cp08185e,2018.0,New tricks for old dogs: improving the accuracy of biomolecular force fields by pair-specific corrections to non-bonded interactions,False,none,md,False,high,
https://openalex.org/W4409949370,https://doi.org/10.3390/polym17091212,2025.0,Poly(propylene fumarate) Composite Scaffolds for Bone Tissue Engineering: Innovation in Fabrication Techniques and Artificial Intelligence Integration,True,other,ml,False,medium,
https://openalex.org/W4323363363,https://doi.org/10.26599/fsap.2023.9240004,2023.0,Effects of biopolymer ratio and pH value on the complex formation between whey protein isolates and soluble Auricularia auricular polysaccharides,True,other_polysaccharide,docking,True,high,
https://openalex.org/W2911634751,https://doi.org/10.1007/bf02880459,1987.0,Electronic structure of biopolymers—solid state aspects,,,,,low,
https://openalex.org/W4309657125,https://doi.org/10.1021/acs.jpcb.2c04527,2022.0,Harmonizing Interstrand Electrostatic Repulsion by Conformational Rigidity in Counterion-Deprived Z-DNA: A Molecular Dynamics Study,False,nucleic_acid,md,False,high,
https://openalex.org/W4409776380,https://doi.org/10.1016/j.mtcomm.2025.112553,2025.0,"Artificial intelligence technology in materials selection, device engineering and parameter optimisation for triboelectric nanogenerator",,,,,low,
https://openalex.org/W4407923781,https://doi.org/10.3390/su17051935,2025.0,Bio-Hybrid Films from Chirich Tuber Starch: A Sustainable Approach with Machine Learning-Driven Optimization,True,starch,ml,True,high,
https://openalex.org/W4391823313,https://doi.org/10.5772/intechopen.1003045,2024.0,Addition of Organic Compounds in Gelatin-biopolymer Gel Electrolyte for Enhanced Dye-sensitized Solar Cells,True,protein,qc,True,high,
https://openalex.org/W3193110349,https://doi.org/10.2174/1573406417666210803094127,2021.0,"Synthesis, Characterization, Antitumor Potential, BSA and DNA Binding Properties, and Molecular Docking Study of Some Novel 3-Hydroxy-3- Pyrrolin-2-Ones",False,none,docking,True,high,
https://openalex.org/W3153392745,https://doi.org/10.1007/s10965-021-02683-y,2021.0,Chitosan-transition metal coordination biopolymer: a promising heterogeneous catalyst for radical ion polymerization of vinyl acetate at ambient temperature,,,,,low,
https://openalex.org/W2305892550,https://doi.org/10.1002/bip.22839,2016.0,Exploring the conformational and binding properties of unphosphorylated/phosphorylated monomeric and trimeric Bcl‐2 through docking and molecular dynamics simulations,False,protein,md,False,high,
https://openalex.org/W3087534469,https://doi.org/10.1007/s10853-020-05249-3,2020.0,Investigations into the role of water concentration on mechanical behavior and nanomechanics of Bombyx mori silk fibroin using molecular dynamics simulations,,,,,low,
https://openalex.org/W2021675855,https://doi.org/10.1002/bip.21397,2010.0,Structural studies of SNARE complex and its interaction with complexin by molecular dynamics simulation,False,protein,md,False,high,
https://openalex.org/W4318703606,https://doi.org/10.1021/acs.macromol.2c02195,2023.0,Coacervate Formation of Elastin-like Polypeptides in Explicit Aqueous Solution Using Coarse-Grained Molecular Dynamics Simulations,True,protein,md,True,high,
https://openalex.org/W4399799508,https://doi.org/10.1007/s00894-024-06023-x,2024.0,Diffusion of curcumin in PLGA-based carriers for drug delivery: a molecular dynamics study,True,pla,md,False,high,
https://openalex.org/W2001871957,https://doi.org/10.1016/0263-7855(92)80061-h,1992.0,Computer graphics presentations and analysis of hydrogen bonds from molecular dynamics simulation,False,nucleic_acid,md,False,high,
https://openalex.org/W3153465895,https://doi.org/10.4028/www.scientific.net/ssp.316.75,2021.0,A Study of Reactivity of Model Compounds of Lignin Biopolymer,True,lignin,qc,False,high,
https://openalex.org/W4406525855,https://doi.org/10.1016/j.jlumin.2025.121085,2025.0,Axial and radial random lasing in a biopolymer based liquid core ring resonator,,,,,low,
https://openalex.org/W2155532913,https://doi.org/10.1080/07391102.1997.10508198,1997.0,Search for Rigid Sub Domains in DNA from Molecular Dynamics Simulations,False,nucleic_acid,md,False,high,
https://openalex.org/W2801918981,https://doi.org/10.1007/s13346-018-0530-8,2018.0,Prediction of the partition coefficients using QSPR modeling and simulation of paclitaxel release from the diffusion-controlled drug delivery devices,False,none,qsar,False,medium,
https://openalex.org/W4402777116,https://doi.org/10.1016/j.indcrop.2024.119701,2024.0,Establishing rheological models of lignin-based solutions via molecular parameters using machine learning,,,,,low,
https://openalex.org/W4415532191,https://doi.org/10.1016/j.bej.2025.109984,2025.0,Machine learning optimization of pullulan production from banana peel extract by Aureobasidium pullulans,,,,,low,
https://openalex.org/W7161130726,https://doi.org/10.1039/d6tb00109b,2026.0,Research progress and interfacial adhesion mechanisms of oral delivery systems based on natural polymers,True,other_polysaccharide,ml,False,medium,
https://openalex.org/W7172214129,https://doi.org/10.1007/s11947-026-04501-z,2026.0,Development of a Nano‑functionalized Biopolymer Film Using Deep Learning for Real‑Time Relative Humidity Monitoring in Fresh Food Packaging,,,,,low,
https://openalex.org/W2118779397,,1994.0,A Geometric Approach to Molecular Docking and Similarity,False,none,docking,False,medium,
https://openalex.org/W7117477600,https://doi.org/10.1016/j.ijbiomac.2025.149957,2025.0,Biomacromolecule driven ex vivo expansion of hematopoietic stem cells: Molecular mechanisms and engineering strategies,False,none,none,False,high,
https://openalex.org/W4387079039,https://doi.org/10.1016/j.actbio.2023.09.029,2023.0,Artificial neural network modelling hydrodenticity for optimal design by microfluidics of polymer nanoparticles to apply in magnetic resonance imaging,True,other_polysaccharide,ml,True,medium,
https://openalex.org/W4405113444,https://doi.org/10.1016/j.procs.2024.11.080,2024.0,Application of machine learning in technological forecasting,False,none,ml,False,high,
https://openalex.org/W4415707284,https://doi.org/10.1038/s41467-025-64617-2,2025.0,Automated navigation of condensate phase behavior with active machine learning,False,protein,ml,True,high,
https://openalex.org/W2062715262,https://doi.org/10.1021/ja301297g,2012.0,Molecular Mechanisms of Ion-Specific Effects on Proteins,False,protein,md,True,high,
https://openalex.org/W4402455842,https://doi.org/10.1186/s13068-024-02566-6,2024.0,Discovery of alkaline laccases from basidiomycete fungi through machine learning-based approach,False,none,ml,True,high,
https://openalex.org/W2611259077,https://doi.org/10.2142/biophys.49.s73_3,2009.0,"1P-066 Relaxation Mode Analysis of a Biopolymer System by Molecular Dynamics(Protein:Measurement & Analysis, The 47th Annual Meeting of the Biophysical Society of Japan)",,,,,low,
https://openalex.org/W4406876069,https://doi.org/10.1002/cbdv.202402781,2025.0,"Exploring Biophysical and Chemoinformatics Approaches for Interactions of Ionic Liquids With Hemoglobin, DNA, BSA, and HSA",False,none,none,True,medium,
https://openalex.org/W4415822924,https://doi.org/10.1021/acsapm.5c02991,2025.0,Flexible Synaptic Transistors with Seafood-Based Biopolymer Composites for High-Accuracy Handwriting Detection,True,chitosan,ml,True,high,
https://openalex.org/W2091928965,https://doi.org/10.1002/bip.20506,2006.0,Valinomycin–proton interaction in low‐polarity media,False,other,qc,True,high,
https://openalex.org/W2995408243,https://doi.org/10.1109/icaaid.2019.8934981,2019.0,Artificial Neural Network-Genetic Algorithm based Prediction of Metformin Diffusion from Transdermal Films Based on Biopolymers for Diabetes Disease Treatment,True,chitosan,ml,True,high,
https://openalex.org/W2010295235,https://doi.org/10.1002/cjoc.201300417,2013.0,Molecular Drug Resistance Prediction for Acetohydroxyacid Synthase Mutants Against Chlorsulfuron Using MB‐QSAR,False,protein,qsar,True,high,
https://openalex.org/W4386704166,https://doi.org/10.1007/978-1-0716-3449-3_12,2023.0,Molecular Dynamics and Other HPC Simulations for Drug Discovery,False,none,md,False,high,
https://openalex.org/W2133155976,https://doi.org/10.1002/bip.20956,2008.0,"Large scale motions in a biosensor protein glucose oxidase: A combined approach by QENS, normal mode analysis, and molecular dynamics studies",False,protein,md,True,high,
https://openalex.org/W3113329684,https://doi.org/10.1016/j.molliq.2020.114908,2020.0,Optimal loading of omecamtiv mecarbil by chitosan: A comprehensive and comparative molecular dynamics study,True,chitosan,md,False,high,
https://openalex.org/W3110179944,https://doi.org/10.1039/d0cp05160h,2020.0,Studying the mechanism of phase separation in aqueous solutions of globular proteins via molecular dynamics computer simulations,False,protein,md,False,high,
https://openalex.org/W2280936547,https://doi.org/10.1002/bip.22799,2015.0,Scrambling of disulfide bond scaffolds in neurotoxin AuIB: A molecular dynamics simulation study,False,protein,md,False,high,
https://openalex.org/W2072046729,https://doi.org/10.1016/s0032-3861(03)00222-2,2003.0,Molecular dynamics of chiral semi-crystalline poly(R)-(3-hydroxyalkanoates),,,,,low,
https://openalex.org/W2072764109,https://doi.org/10.1002/bip.20867,2007.0,Retardation of the unfolding process by single N‐glycosylation of ribonuclease A based on molecular dynamics simulations,False,protein,md,False,high,
https://openalex.org/W2460678926,,1999.0,Invited Review Hydrogen Bonding: From Small Clusters to Biopolymers,False,protein,qc,False,medium,
https://openalex.org/W7125480498,https://doi.org/10.1038/s42004-026-01912-z,2026.0,Physics-informed deep learning enables fast ultrahigh-resolution nuclear magnetic resonance spectroscopy,False,none,ml,True,high,
https://openalex.org/W2037200157,https://doi.org/10.1021/la047934b,2004.0,"Encapsulation and Sustained Release of a Model Drug, Indomethacin, Using CO2-Based Microencapsulation",True,pla,solubility,True,high,
https://openalex.org/W413354744,,2015.0,Exploring Biopolymer-Clay Nanocomposite Materials by Molecular Modelling,True,other_polysaccharide,md,False,high,
https://openalex.org/W4414166755,https://doi.org/10.1002/biot.70117,2025.0,Exploring the Activities of Alginate‐Carrageenan@AgNPs Hydrogels Supported by Molecular Docking Studies for Potential Antimicrobial and Antioxidant Agents,True,alginate,md,True,high,
https://openalex.org/W1973131581,https://doi.org/10.1002/bip.20493,2006.0,"Theoretical prediction of the basic helix types in α,β‐hybrid peptides",False,protein,qc,False,high,
https://openalex.org/W2022201221,https://doi.org/10.1016/j.carbpol.2015.02.036,2015.0,Performance evaluation of pectin as ecofriendly corrosion inhibitor for X60 pipeline steel in acid medium: Experimental and theoretical approaches,True,pectin,qc,True,high,
https://openalex.org/W2003456096,https://doi.org/10.1002/bip.20851,2007.0,"Computational studies of CXCR1, the receptor of IL‐8/CXCL8, using molecular dynamics and electrostatics",False,protein,md,False,high,
https://openalex.org/W2115870319,https://doi.org/10.1109/dmo.2011.5976507,2011.0,Neural network based soft sensor for prediction of biopolycaprolactone molecular weight using bootstrap neural network technique,True,other,ml,False,medium,
https://openalex.org/W4406217881,https://doi.org/10.33263/briac136.501,2023.0,Exploring the Functionality of Cellulose Biopolymer as Carbon Nanotube Composite and Heavy Metals Adsorbent Material: Insights from First-Principles Calculations,True,cellulose,qc,False,high,
https://openalex.org/W2085031074,https://doi.org/10.1038/nchem.2195,2015.0,Iterative design of a helically folded aromatic oligoamide sequence for the selective encapsulation of fructose,False,protein,md,True,medium,
https://openalex.org/W2145404976,https://doi.org/10.1002/bip.20908,2007.0,Time‐resolved fluorescence spectroscopy and molecular dynamics simulations point out the effects of pressure on the stability and dynamics of the porcine odorant‐binding protein,False,protein,md,True,high,
https://openalex.org/W7104968767,https://doi.org/10.2174/9798898811419125010010,2025.0,AI-powered Biopolymers Engineering: Advancements in Drug Delivery and Efficacy,True,other,ml,False,medium,
https://openalex.org/W4392364170,https://doi.org/10.1021/acs.jcim.3c01870,2024.0,Physics-Informed Deep Learning Approach for Reintroducing Atomic Detail in Coarse-Grained Configurations of Multiple Poly(lactic acid) Stereoisomers,True,pla,ml,False,high,
https://openalex.org/W4200609300,https://doi.org/10.1186/s12859-021-04492-y,2021.0,SpinSPJ: a novel NMR scripting system to implement artificial intelligence and advanced applications,False,none,none,False,high,
https://openalex.org/W2848557372,https://doi.org/10.1590/0104-1428.09917,2018.0,Molecular dynamics studies of amylose plasticized with Brazilian Cerrado oils: part I,True,starch,md,False,high,
https://openalex.org/W2792225769,https://doi.org/10.1038/natrevmats.2018.8,2018.0,Uncovering the structure–function relationship in spider silk,,,,,low,
https://openalex.org/W4225724378,https://doi.org/10.1016/j.matpr.2022.04.311,2022.0,Reprint of: Molecular docking exploration of the degradation activity of some synthetic hydrocarbons polymers by the laccase enzyme of Streptomyces,,,,,low,
https://openalex.org/W4386183797,https://doi.org/10.1016/b978-0-443-18498-7.00016-8,2023.0,Optimization of bio-ink using machine learning,,,,,low,
https://openalex.org/W2948192799,https://doi.org/10.1021/acs.iecr.9b00920,2019.0,"Fast Pyrolysis of Cellulose, Hemicellulose, and Lignin: Effect of Operating Temperature on Bio-oil Yield and Composition and Insights into the Intrinsic Pyrolysis Chemistry",True,cellulose,none,True,high,
https://openalex.org/W4281761869,https://doi.org/10.5281/zenodo.6589947,2022.0,ANALYSIS OF A HYPOTHETICAL PROTEIN FROM VIBRIO HARVEYI IDENTIFIED POSSIBLE CONNECTION WITH BIOPOLYMER METABOLISM: AN IN-SILICO APPROACH,False,protein,docking,False,medium,
https://openalex.org/W3107049780,https://doi.org/10.1007/s11182-020-02182-5,2020.0,Combined Quantum-Classical Simulation of Photoinduced Electronic Density Redistribution from Biopolymer Segments to Photochromic Probes,,,,,low,
https://openalex.org/W3133062936,https://doi.org/10.5650/jos.ess20306,2021.0,Effect of Temperature and Additives on the Interaction of Ciprofloxacin Hydrochloride Drug with Polyvinylpyrrolidone and Bovine Serum Albumin: Spectroscopic and Molecular Docking Study,False,protein,docking,True,high,
https://openalex.org/W7131413321,https://doi.org/10.1038/s44172-026-00621-8,2026.0,AI-powered non-destructive testing for smart manufacturing of carbon-negative biopolymer-bound soil composite,True,other_polysaccharide,ml,True,medium,
https://openalex.org/W1565539314,https://doi.org/10.1007/978-1-4615-4141-7_2,2000.0,"Multivariate Design and Modelling in QSAR, Combinatorial Chemistry, and Bioinformatics",,,,,low,
https://openalex.org/W4414529284,https://doi.org/10.3390/ijms26199378,2025.0,Molecular Dynamics Simulation Reveals the Mechanism of Substrate Recognition by Lignin-Degrading Enzymes,True,lignin,md,False,high,
https://openalex.org/W7160866877,https://doi.org/10.3390/data11050109,2026.0,A Curated Experimental Dataset of UCS and CBR Results from Biopolymer-Based Two-Additive Stabilisation Studies on Fine-Grained Soils,True,other_polysaccharide,none,True,high,
https://openalex.org/W2035987368,https://doi.org/10.1134/s1027451013060372,2013.0,Method for calculating small-angle neutron scattering spectra using all-atom molecular dynamics trajectories,False,none,md,False,high,
https://openalex.org/W1862832045,https://doi.org/10.1016/j.biomaterials.2015.07.022,2015.0,3D printing of layered brain-like structures using peptide modified gellan gum substrates,True,other_polysaccharide,none,True,high,
https://openalex.org/W2266055627,https://doi.org/10.1021/acs.biomac.5b01653,2016.0,"Nature, Strength, and Cooperativity of the Hydrogen-Bonding Network in α-Chitin",True,other_polysaccharide,qc,False,high,
https://openalex.org/W3025753916,https://doi.org/10.1016/j.compositesb.2020.108139,2020.0,"Preparation of a chitosan/carboxymethyl chitosan/AgNPs polyelectrolyte composite physical hydrogel with self-healing ability, antibacterial properties, and good biosafety simultaneously, and its application as a wound dressing",True,chitosan,md,True,high,
https://openalex.org/W3170540077,https://doi.org/10.1016/j.molliq.2021.116607,2021.0,Modified hydroxyethyl cellulose as a highly efficient eco-friendly inhibitor for suppression of mild steel corrosion in a 15% HCl solution at elevated temperatures,,,,,low,
https://openalex.org/W2946723462,https://doi.org/10.1107/s2053229619006375,2019.0,"Investigation of the effect of the N-oxidation process on the interaction of selected pyridine compounds with biomacromolecules: structural, spectral, theoretical and docking studies",False,none,docking,True,high,
https://openalex.org/W4296904708,https://doi.org/10.1016/j.indcrop.2022.115673,2022.0,Relationship between cellulolytic enzyme lignin structural and lignin nanoparticle-polyvinyl alcohol membrane property: Insights from monolignols and molecular dynamics simulations,,,,,low,
https://openalex.org/W4220846235,https://doi.org/10.1039/d1sm01794b,2022.0,Prediction of the structure and mechanical properties of polycaprolactone–silica nanocomposites and the interphase region by molecular dynamics simulations: the effect of PEGylation,True,other,md,False,high,
https://openalex.org/W2076148156,https://doi.org/10.1002/bip.21092,2008.0,Molecular interactions of isoxazolcurcumin with human serum albumin: Spectroscopic and molecular modeling studies,False,protein,docking,True,high,
https://openalex.org/W4321018906,https://doi.org/10.1038/s41378-023-00487-2,2023.0,Recent progress in three-terminal artificial synapses based on 2D materials: from mechanisms to applications,False,none,none,False,high,
https://openalex.org/W2051929614,https://doi.org/10.1016/j.cis.2005.07.003,2005.0,Unusual properties of water at hydrophilic/hydrophobic interfaces,False,none,qc,True,medium,
https://openalex.org/W4406452735,https://doi.org/10.1021/acs.jcim.4c01393,2025.0,Post-Docking Refinement of Peptide or Protein-RNA Complexes Using Thermal Titration Molecular Dynamics (TTMD): A Stability Insight,False,nucleic_acid,md,False,high,
https://openalex.org/W3216283428,https://doi.org/10.1088/1361-6463/ac3c78,2021.0,Molecular dynamics study of a covalent organic framework as highly-efficient and biocompatible carriers for doxorubicin delivery: the role of nanopores,False,none,md,False,high,
https://openalex.org/W7128468759,https://doi.org/10.1016/j.clwat.2026.100221,2026.0,Optimization of Fe3O4/TiO2-based biopolymer nanocomposite for heavy metal removal from aqueous solution using artificial neural network modelling and response surface methodology,True,other_polysaccharide,ml,True,high,
https://openalex.org/W1984941037,https://doi.org/10.1016/j.polymer.2009.05.055,2009.0,Study of peptide fingerprints of parasite proteins and drug–DNA interactions with Markov-Mean-Energy invariants of biopolymer molecular-dynamic lattice networks,False,protein,md,True,medium,
https://openalex.org/W4408940005,https://doi.org/10.1038/s41598-025-95130-7,2025.0,Machine learning assisted Co3O4/NiO popsicle sticks-infused electrospun nanofibers for efficient oxygen evolution reaction,True,cellulose,ml,True,high,
https://openalex.org/W4395684551,https://doi.org/10.3390/polym16091211,2024.0,Study of Cellulose Dissolution in ZnO/NaOH/Water Solvent Solution and Its Temperature-Dependent Effect Using Molecular Dynamics Simulation,True,cellulose,md,False,high,
https://openalex.org/W4322749489,https://doi.org/10.2139/ssrn.4374829,2023.0,Molecular Insight into Toughening Induced by Core-Shell Structure Formation in Starch-Blended Bioplastic Composites,True,starch,md,True,high,
https://openalex.org/W4408086473,https://doi.org/10.1101/2025.02.27.640563,2025.0,2Danalysis: A toolbox for analysis of lipid membranes and biopolymers in two-dimensional space,False,none,md,False,high,
https://openalex.org/W4223490312,https://doi.org/10.1007/s13762-022-04079-x,2022.0,Plastic waste recycling: existing Indian scenario and future opportunities,False,none,none,False,high,
https://openalex.org/W4399368721,https://doi.org/10.1007/s40996-024-01500-y,2024.0,Investigation on the Electrical Resistivity of Biopolymer Treated Sand and its Influencing Factors,,,,,low,
https://openalex.org/W7128684584,https://doi.org/10.1016/j.colsurfa.2026.139940,2026.0,"Encapsulation of oxyresveratrol in natural polymer coated zein nanocomplex: Preparation, characterization, stability, in vitro digestion, and biological activity",,,,,low,
https://openalex.org/W4404356900,https://doi.org/10.3390/biom14111448,2024.0,deepBBQ: A Deep Learning Approach to the Protein Backbone Reconstruction,False,protein,ml,False,high,
https://openalex.org/W1532102652,https://doi.org/10.1063/1.3082281,2009.0,Molecular simulation methods for soft matter,True,other,md,False,medium,
https://openalex.org/W4392517515,https://doi.org/10.26434/chemrxiv-2024-cq702,2024.0,DeltaGzip: Computing Biopolymer-Ligand Binding Affinity via Kolmogorov Complexity and Lossless Compression,False,protein,md,False,high,
https://openalex.org/W4400451024,https://doi.org/10.1021/acs.jcim.4c00461,2024.0,DeltaGzip: Computing Biopolymer–Ligand Binding Affinity via Kolmogorov Complexity and Lossless Compression,False,protein,md,False,high,
https://openalex.org/W7126112401,https://doi.org/10.63737/jhl.25.0044,2025.0,Technological innovations of edible coating using natural biopolymers for combating food loss and food waste,True,other_polysaccharide,ml,False,medium,
https://openalex.org/W4409620402,https://doi.org/10.1021/acs.biomac.4c01623,2025.0,Molecular Dynamics Simulation of Self-Assembly and Tensile Deformation of Silk-Mimetic Polymers,True,protein,md,False,high,
https://openalex.org/W4388691896,https://doi.org/10.1002/jcc.27260,2023.0,SPANA : Spatial decomposition analysis for cellular‐scale molecular dynamics simulations,False,none,md,False,high,
https://openalex.org/W4313578227,https://doi.org/10.3390/en16010256,2022.0,Machine Learning Assisted Chemical Process Parameter Mapping on Lignin Hydrogenolysis,True,lignin,ml,False,high,
https://openalex.org/W4205573868,https://doi.org/10.1038/s41467-021-27627-4,2022.0,Polyply; a python suite for facilitating simulations of macromolecules and nanomaterials,True,other,md,False,high,
https://openalex.org/W1965916750,https://doi.org/10.1007/s10822-012-9625-3,2013.0,"Biomacromolecular quantitative structure–activity relationship (BioQSAR): a proof-of-concept study on the modeling, prediction and interpretation of protein–protein binding affinity",False,protein,qsar,False,high,
https://openalex.org/W2964905698,https://doi.org/10.1002/elan.201900314,2019.0,Structures of Peptidic H‐wires at Mercury Surface: Molecular Dynamics Study,False,protein,md,False,high,
https://openalex.org/W2030448269,https://doi.org/10.1002/adma.200802213,2009.0,Knowledge‐Based Approach towards Hydrolytic Degradation of Polymer‐Based Biomaterials,True,other,qc,True,medium,
https://openalex.org/W2805274116,https://doi.org/10.31383/ga.vol1iss1pp65-70,2017.0,PREDICTION OF THE SIZE OF NANOPARTICLES AND MICROSPORE SURFACE AREA USING ARTIFICIAL NEURAL NETWORK,True,other,ml,True,medium,
https://openalex.org/W2067621098,https://doi.org/10.1007/s10924-014-0654-y,2014.0,Combined Effect of Poly(hydroxybutyrate) and Plasticizers on Polylactic acid Properties for Film Intended for Food Packaging,True,pha,none,True,high,
https://openalex.org/W2808383683,https://doi.org/10.1103/physrevlett.120.248101,2018.0,Gradual Crossover from Subdiffusion to Normal Diffusion: A Many-Body Effect in Protein Surface Water,False,protein,md,True,high,
https://openalex.org/W4413750138,https://doi.org/10.1016/j.ijbiomac.2025.147138,2025.0,"Design, synthesis, and molecular docking of VO(II)-chitosan Schiff base nanoparticles for targeted colon cancer, antidiabetic, and antimicrobial applications",True,chitosan,docking,True,high,
https://openalex.org/W7167515994,https://doi.org/10.1007/s12289-026-02051-5,2026.0,Mechanical and thermal properties prediction and optimization of multiscale high performance hybrid biopolymer nanocomposites,,,,,low,
https://openalex.org/W2093904805,https://doi.org/10.1016/j.bpj.2012.11.953,2013.0,Moltemplate a Coarse-Grained Model Assembly Tool,,,,,low,
https://openalex.org/W2077964123,https://doi.org/10.1063/1.1805516,2004.0,Charge-on-spring polarizable water models revisited: From water clusters to liquid water to ice,False,none,md,False,high,
https://openalex.org/W4407153644,https://doi.org/10.1021/acs.biomac.4c01524,2025.0,"Simulation Study of the Water Ordering Effect of the β-(1,3)-Glucan Callose Biopolymer",True,other_polysaccharide,md,False,high,
https://openalex.org/W2964611558,https://doi.org/10.14233/ajchem.2019.22100,2019.0,Probing into Methylene Blue Interaction with Polyglutamic Acid: Spectroscopic and Molecular Dynamics Simulation Studies,True,protein,md,True,high,
https://openalex.org/W4403627552,https://doi.org/10.1016/j.cbpc.2024.110057,2024.0,Probing the interaction mechanisms between three β-lactam antibiotics and penicillin-binding proteins of Escherichia coli by molecular dynamics simulations,False,protein,md,True,high,
https://openalex.org/W3205404112,https://doi.org/10.26434/chemrxiv.9767504.v1,2019.0,Mechanistic Insight into Biopolymer Induced Iron Oxide Mineralization Through Quantification of Molecular Bonding,True,other_polysaccharide,qc,True,high,
https://openalex.org/W4281619180,https://doi.org/10.4028/p-pk7pa4,2022.0,Reduction of Biological Contaminants from Municipal Wastewater by Encapsulated nZVI in Alginate (Ag) Polymer: Reduction Mechanism with Artificial Intelligence Approach,True,alginate,ml,True,high,
https://openalex.org/W2438061830,https://doi.org/10.1002/bip.22896,2016.0,Exploring the mechanism how AF9 recognizes and binds H3K9ac by molecular dynamics simulations and free energy calculations,False,protein,md,False,high,
https://openalex.org/W3128790312,https://doi.org/10.1021/acsomega.0c05579,2021.0,Reaction Pathway Sampling and Free-Energy Analyses for Multimeric Protein Complex Disassembly by Employing Hybrid Configuration Bias Monte Carlo/Molecular Dynamics Simulation,False,protein,md,False,high,
https://openalex.org/W3183294695,https://doi.org/10.15588/1607-3274-2021-2-10,2021.0,SYNTHESIS AND USAGE OF NEURAL NETWORK MODELS WITH PROBABILISTIC STRUCTURE CODING,False,none,ml,False,high,
https://openalex.org/W3118510612,https://doi.org/10.1088/1757-899x/980/1/012008,2020.0,Molecular dynamics simulation of nanocellulose-oil-water interaction in enhanced oil recovery application,True,cellulose,md,False,high,
https://openalex.org/W2467552849,https://doi.org/10.1002/bip.22897,2016.0,Introductory editorial: Special section on single‐molecule and super‐resolution microscopy of biopolymers,False,none,md,False,high,
https://openalex.org/W3091207422,https://doi.org/10.4236/jbnb.2020.114017,2020.0,Molecular Dynamics Study of Collagen Fibrils: Relation between Mechanical Properties and Molecular Chirality,True,protein,md,False,high,
https://openalex.org/W4230936937,https://doi.org/10.26434/chemrxiv.9767504,2019.0,Mechanistic Insight into Biopolymer Induced Iron Oxide Mineralization Through Quantification of Molecular Bonding,True,other_polysaccharide,qc,True,high,
https://openalex.org/W7127040484,https://doi.org/10.1007/s00289-026-06305-9,2026.0,Structure–property relationships in polymer electrolyte membranes for fuel cell applications: insights from molecular dynamics simulations,True,other,md,False,medium,
https://openalex.org/W2084591838,https://doi.org/10.1007/bf00324293,1995.0,The three-dimensional structure of humic substances and soil organic matter studied by computational analytical chemistry,,,,,low,
https://openalex.org/W4322762381,https://doi.org/10.21203/rs.3.rs-2604288/v1,2023.0,Exploring the potential use of natural polymers to enhance the performance of MXene/MOF-5 nanocarrier in loading and co-loading of doxorubicin and curcumin,True,chitosan,md,False,high,
https://openalex.org/W2762562191,https://doi.org/10.1021/acs.jctc.7b00612,2017.0,Evaluation and Optimization of Interface Force Fields for Water on Gold Surfaces,False,none,md,False,high,
https://openalex.org/W1995599137,https://doi.org/10.1016/j.ejps.2012.11.010,2012.0,A simple molecular modeling method for the characterization of polymeric drug carriers,True,other,md,False,high,
https://openalex.org/W2037808557,https://doi.org/10.1117/12.580242,2005.0,"Simulations of nanoscale flow: water, proton, and biopolymer transport through carbon nanotube membranes",False,nucleic_acid,md,False,high,
https://openalex.org/W2767432569,https://doi.org/10.1021/acs.est.7b01758,2017.0,"Uptake, Translocation, and Biotransformation of Organophosphorus Esters in Wheat (Triticum aestivum L.)",False,none,docking,True,high,
https://openalex.org/W4396536485,https://doi.org/10.1016/j.saa.2024.124396,2024.0,Accurate prediction of hyaluronic acid concentration under temperature perturbations using near-infrared spectroscopy and deep learning,True,other_polysaccharide,ml,True,high,
https://openalex.org/W4389675483,https://doi.org/10.15688/nbit.jvolsu.2023.2.4,2023.0,Investigation of the Possibility of Creating Composites Based on a Biopolymer Reinforced with Carbon Nanotubes for Their Use in Prostheses,True,other,qc,False,high,
https://openalex.org/W2082768993,https://doi.org/10.1002/bip.20460,2006.0,The xyloglucan–cellulose assembly at the atomic scale,True,other_polysaccharide,md,False,high,
https://openalex.org/W4413438715,https://doi.org/10.1016/j.ecolind.2025.114067,2025.0,Deciphering and predicting algal bloom variability using size-fractionated organic matter and machine learning in a complex watershed,False,none,ml,False,high,
https://openalex.org/W2990103831,https://doi.org/10.2142/biophysico.16.0_407,2019.0,"Analysis of molecular dynamics simulations of 10-residue peptide, chignolin, using statistical mechanics: Relaxation mode analysis and three-dimensional reference interaction site model theory",False,protein,md,False,high,
https://openalex.org/W4391691471,https://doi.org/10.1016/j.cej.2024.149414,2024.0,Removal of bisphenol a from wastewater by adsorption and membrane separation: Performances and mechanisms,,,,,low,
https://openalex.org/W2091899478,https://doi.org/10.1073/pnas.0402699101,2004.0,Nucleic acid transport through carbon nanotube membranes,False,nucleic_acid,md,False,high,
https://openalex.org/W2396382757,https://doi.org/10.1021/acs.jpcb.6b03193,2016.0,Study of a DNA Duplex by Nuclear Magnetic Resonance and Molecular Dynamics Simulations. Validation of Pulsed Dipolar Electron Paramagnetic Resonance Distance Measurements Using Triarylmethyl-Based Spin Labels,False,nucleic_acid,md,True,high,
https://openalex.org/W3113344244,https://doi.org/10.1021/acs.jctc.0c01064,2020.0,Simulation of FUS Protein Condensates with an Adapted Coarse-Grained Model,False,protein,md,False,high,
https://openalex.org/W2760877385,https://doi.org/10.1021/acsomega.7b00983,2017.0,Miscibility and Performance Evaluation of Biocomposites Made from Polypropylene/Poly(lactic acid)/Poly(hydroxybutyrate- co -hydroxyvalerate) with a Sustainable Biocarbon Filler,True,pla,molecular_modelling,True,high,
https://openalex.org/W2290118723,https://doi.org/10.1002/adma.201504650,2016.0,Evidence of Porphyrin‐Like Structures in Natural Melanin Pigments Using Electrochemical Fingerprinting,True,other,qc,True,high,
https://openalex.org/W4415292316,https://doi.org/10.1016/j.ijbiomac.2025.148365,2025.0,Bio-reconstituted synergistic pectin-phenolic system from mandarin peels: COSMO-RS validated NADES extraction for multifunctional food packaging films,True,pectin,solubility,True,high,
https://openalex.org/W3045567321,https://doi.org/10.1021/acs.jpclett.0c01930,2020.0,Efficient Computation of Free Energy Contributions for Association Reactions of Large Molecules,False,none,qc,False,high,
https://openalex.org/W4415361175,https://doi.org/10.3390/polym17202791,2025.0,Experimental and Machine Learning Modelling of Ni(II) Ion Adsorption onto Guar Gum: Artificial Neural Network (ANN) and K-Nearest Neighbor (KNN) Comparative Study,True,other_polysaccharide,ml,True,high,
https://openalex.org/W1567686330,https://doi.org/10.1016/s0166-1280(99)00288-2,2000.0,Density functional studies of Cu2+ and Ni2+ binding to chitosan,,,,,low,
https://openalex.org/W2790587648,https://doi.org/10.1557/mrc.2018.41,2018.0,Molecular dynamics simulations of montmorillonite reinforcing amylose plasticized by Brazilian Cerrado oils: polymer-clay nanocomposite,,,,,low,
https://openalex.org/W4403138282,https://doi.org/10.1016/j.indcrop.2024.119752,2024.0,Optimization of reed-based polyol production driven by response surface methodology and machine learning: Process modeling and hydroxyl value prediction,,,,,low,
https://openalex.org/W3167370110,https://doi.org/10.1021/acscatal.0c04503,2021.0,Vitamin C-Assisted Synthesized Mn–Co Oxides with Improved Oxygen Vacancy Concentration: Boosting Lattice Oxygen Activity for the Air-Oxidation of 5-(Hydroxymethyl)furfural,False,none,qc,True,high,
https://openalex.org/W4386603109,https://doi.org/10.26434/chemrxiv-2023-jm387,2023.0,A machine learning approach to designing tough and degradable polyamides based on multiblock structures,True,other,ml,True,high,
https://openalex.org/W4410112057,https://doi.org/10.1101/2025.05.02.651893,2025.0,All-Atom Modeling and Simulation of Biopolymer Interface: Dual Role of Antifouling Polymer Brushes,True,other,md,False,high,
https://openalex.org/W564380451,https://doi.org/10.1002/9780470229842,2007.0,Science and Technology of Polymer Nanofibers,True,other,none,True,medium,
https://openalex.org/W4312184761,https://doi.org/10.1002/smsc.202200076,2022.0,Nanocellulose: Recent Advances Toward Biomedical Applications,True,cellulose,none,False,high,
https://openalex.org/W4401529774,https://doi.org/10.1007/s42250-024-01053-7,2024.0,"`Microencapsulation of Pancratium maritimum Essential Oil: GC–MS Analysis, Antimicrobial, Antibiofilm and Anticoagulant Effects and Molecular Docking Evaluation",,,,,low,
https://openalex.org/W3117911918,https://doi.org/10.1021/acssuschemeng.0c07119,2020.0,Toward the Next Generation of Sustainable Membranes from Green Chemistry Principles,True,other,none,False,medium,
https://openalex.org/W2433523887,https://doi.org/10.1021/acs.jctc.6b00186,2016.0,Assessing the Current State of Amber Force Field Modifications for DNA,False,nucleic_acid,md,False,high,
https://openalex.org/W4405081994,https://doi.org/10.70112/ajeat-2024.13.2.4252,2024.0,Integrating Smart Bio-Panels and Machine Learning for Enhanced Microalgae Cultivation and Carbon Reduction,False,none,ml,False,medium,
https://openalex.org/W3117840394,https://doi.org/10.1002/bab.2088,2020.0,Homology modeling and molecular docking study of biogenic Muga silk nanoparticles as putative drug‐binding system,True,protein,docking,True,high,
https://openalex.org/W4410511001,https://doi.org/10.1186/s11671-025-04223-9,2025.0,Molecular dynamics simulation of calcium carbonate nano filled PLA/PPC composites: interfacial properties and water vapor barrier,True,pla,md,False,high,
https://openalex.org/W1992948302,https://doi.org/10.1073/pnas.0606256103,2006.0,Partitioning of atmospherically relevant ions between bulk water and the water/vapor interface,False,none,md,False,medium,
https://openalex.org/W7160618540,https://doi.org/10.1186/s44495-026-00004-3,2026.0,Innovative wound nanofiber mats: revolutionizing wound care through quality by design and artificial intelligence,True,other,ml,False,medium,
https://openalex.org/W7147614883,https://doi.org/10.3389/fmats.2026.1782319,2026.0,Artificial intelligence-driven and eco-friendly innovations in orthodontics: a review of smart appliances and sustainable technologies,False,none,none,False,low,
https://openalex.org/W4408184618,https://doi.org/10.1016/j.mtnano.2025.100604,2025.0,Scalable mechanical exfoliation of two-dimensional nanosheets by polymer-assisted dry ball-mill of layered materials and insights from machine learning,,,,,low,
https://openalex.org/W2055744608,https://doi.org/10.1007/s008940050011,1995.0,Study of the Interactions between Neurophysin II and Dipeptide Ligand by Means of Molecular Dynamics,,,,,low,
https://openalex.org/W31471185,,1991.0,Molecular simulation and drug design.,False,none,md,False,high,
https://openalex.org/W4205167525,https://doi.org/10.17586/2220-8054-2021-12-6-664-671,2021.0,Domination topological properties of polyhydroxybutyrate and polycaprolactone with QSPR analysis,True,pha,qsar,False,high,
https://openalex.org/W4220680900,https://doi.org/10.1038/s41528-022-00147-x,2022.0,Green flexible electronics based on starch,True,starch,none,False,high,
https://openalex.org/W4408746008,https://doi.org/10.1007/s00449-025-03143-3,2025.0,Genetic algorithm-optimized artificial neural network for multi-objective optimization of biomass and exopolysaccharide production by Haloferax mediterranei,True,other_polysaccharide,ml,True,high,
https://openalex.org/W4411411330,https://doi.org/10.1007/s10570-025-06611-x,2025.0,Fundamental interactions between pectin and cellulose nanocrystals: a molecular dynamics simulation,True,pectin,md,False,high,
https://openalex.org/W2889784257,https://doi.org/10.3390/mol2net-04-05506,2018.0,Molecular Docking Study of Phenolic Compounds with Chitosan: Planning of Biodegradable Hydrogels with Antioxidant Action,True,chitosan,docking,False,high,
https://openalex.org/W4408574013,https://doi.org/10.3390/polym17060806,2025.0,Exploring the Feasibility of Deep Learning for Predicting Lignin GC-MS Analysis Results Using TGA and FT-IR,True,lignin,ml,True,high,
https://openalex.org/W2920429937,https://doi.org/10.1109/icass.2018.8651985,2018.0,Artificial Neural Network Modeling of Sustained Antihypertensive Drug Delivery using Polyelectrolyte Complex based on Carboxymethyl-kappa-carrageenan and Chitosan as Prospective Carriers,True,chitosan,ml,True,high,
https://openalex.org/W2141795781,https://doi.org/10.1002/bip.20515,2006.0,Conformational differences in protein disulfide linkages between normal hair and hair from subjects with trichothiodystrophy: A quantitative analysis by Raman microspectroscopy,True,protein,qc,True,high,
https://openalex.org/W3107212832,https://doi.org/10.1016/j.polymer.2020.123280,2020.0,Effect of poly(lactic acid) crystallization on its mechanical and heat resistance performances,True,pla,md,True,high,
https://openalex.org/W4407309243,https://doi.org/10.1016/j.cscee.2025.101144,2025.0,Optimization and performance prediction of carbon dioxide adsorption on chitosan/activated carbon/epichlorohydrin composite materials using Box–Behnken design and artificial neural network approaches,True,chitosan,ml,True,high,
https://openalex.org/W4404593602,https://doi.org/10.3390/ma17235686,2024.0,The Impact of Temperature and Pressure on the Structural Stability of Solvated Solid-State Conformations of Bombyx mori Silk Fibroins: Insights from Molecular Dynamics Simulations,True,protein,md,False,high,
https://openalex.org/W4387402108,https://doi.org/10.15259/pcacd.28.013,2023.0,MOLECULAR DYNAMICS SIMULATIONS OF THE AFFINITY OF CHITIN AND CHITOSAN FOR COLLAGEN: THE EFFECT OF pH AND THE PRESENCE OF SODIUM AND CALCIUM CATIONS,True,chitosan,md,False,high,
https://openalex.org/W4408735058,https://doi.org/10.71336/jabs.1027,2022.0,ANALYSIS OF A HYPOTHETICAL PROTEIN FROM VIBRIO HARVEYI IDENTIFIED POSSIBLE CONNECTION WITH BIOPOLYMER METABOLISM: AN IN-SILICO APPROACH,False,protein,docking,False,medium,
https://openalex.org/W2058895885,https://doi.org/10.3923/jas.2010.2729.2732,2010.0,Estimation of Carrageenan Concentration by Using Ultra Sonic Waves and Back Propagation Neural Networks,True,other_polysaccharide,ml,True,high,
https://openalex.org/W1986302333,https://doi.org/10.1021/ct900653p,2010.0,A Coarse Grained Model for Atomic-Detailed DNA Simulations with Explicit Electrostatics,False,nucleic_acid,md,False,high,
https://openalex.org/W1525864321,https://doi.org/10.1063/1.2897882,2008.0,"Hydration Water Dynamics in Solutions of Hydrophilic Polymers, Biopolymers and Other Glass Forming Materials by Dielectric Spectroscopy",True,other,none,True,medium,
https://openalex.org/W4225411337,https://doi.org/10.1021/acs.nanolett.2c00167,2022.0,Fabrication of Cellulose–Graphite Foam via Ion Cross-linking and Ambient-Drying,True,cellulose,qc,True,high,
https://openalex.org/W2795135779,https://doi.org/10.1021/acs.accounts.8b00075,2018.0,Designing Helical Molecular Capsules Based on Folded Aromatic Amide Oligomers,False,none,none,True,medium,
https://openalex.org/W4322766200,https://doi.org/10.1016/j.jcis.2023.02.141,2023.0,Chitosan derivatives as promising green corrosion inhibitors for carbon steel in acidic environment: Inhibition performance and interfacial adsorption mechanism,True,chitosan,md,True,high,
https://openalex.org/W2894853133,https://doi.org/10.1016/j.cej.2018.10.001,2018.0,Highly efficient and selective removal of mercury ions using hyperbranched polyethylenimine functionalized carboxymethyl chitosan composite adsorbent,True,chitosan,qc,True,high,
https://openalex.org/W4205643107,https://doi.org/10.1016/j.colsurfb.2022.112343,2022.0,Molecular dynamics simulations reveal single-stranded DNA (ssDNA) forms ordered structures upon adsorbing onto single-walled carbon nanotubes (SWCNT),False,nucleic_acid,md,False,high,
https://openalex.org/W2147542160,https://doi.org/10.1002/bip.20868,2007.0,Structure‐guided discovery of cyclin‐dependent kinase inhibitors,False,none,qc,True,high,
https://openalex.org/W2080688113,https://doi.org/10.1021/ma102154u,2010.0,Universality in Nonlinear Elasticity of Biological and Polymeric Networks and Gels,True,protein,md,False,high,
https://openalex.org/W3182908540,https://doi.org/10.1116/6.0001029,2021.0,Interaction of lignin dimers with model cell membranes: A quartz crystal microbalance and molecular dynamics simulation study,True,lignin,md,True,high,
https://openalex.org/W360097605,,1986.0,The Fluctuating enzyme,False,protein,none,False,high,
https://openalex.org/W2730046375,https://doi.org/10.1007/s10570-017-1381-z,2017.0,Chitosan as an eco-friendly inhibitor for copper corrosion in acidic medium: protocol and characterization,,,,,low,
https://openalex.org/W4310382639,https://doi.org/10.3390/molecules27238351,2022.0,Novel Production Methods of Polyhydroxyalkanoates and Their Innovative Uses in Biomedicine and Industry,True,pha,none,False,high,
https://openalex.org/W2915866099,https://doi.org/10.1101/561969,2019.0,Molecular Dynamics Simulations of Glycosaminoglycan Oligosaccharide Using Newer Force Fields,True,other_polysaccharide,md,False,high,
https://openalex.org/W4308552989,https://doi.org/10.1080/1354750x.2022.2145495,2022.0,Molecular docking study on europium nanoparticles and mussel adhesive protein for effective detection of latent fingerprints,False,protein,docking,True,high,
https://openalex.org/W2738456328,https://doi.org/10.1016/j.susc.2017.10.004,2017.0,"Adsorption of TNT, DNAN, NTO, FOX7, and NQ onto cellulose, chitin, and cellulose triacetate. Insights from Density Functional Theory calculations",,,,,low,
https://openalex.org/W1926546286,https://doi.org/10.1002/bip.22743,2015.0,Conformational features of benzo‐homologated yDNA duplexes by molecular dynamics simulation,False,nucleic_acid,md,False,high,
https://openalex.org/W4210276861,https://doi.org/10.35940/ijitee.i8957.078919,2019.0,Machining Characteristics of Natural Fiber Particle Reinforced Polymer Composite Material using Artificial Neural Network,True,other,ml,True,medium,
https://openalex.org/W2152828629,https://doi.org/10.1016/j.cpc.2009.04.001,2009.0,MUPHY: A parallel MUlti PHYsics/scale code for high performance bio-fluidic simulations,False,nucleic_acid,md,False,medium,
https://openalex.org/W2090523832,https://doi.org/10.1007/s00214-011-1022-9,2011.0,The application of condensed matter methods to the study of the conformation and elastic properties of biopolymers and the transport of DNA through cell membranes,,,,,low,
https://openalex.org/W1969619443,https://doi.org/10.1002/qua.560350109,1989.0,QSAR and Mechanistic studies on the genotoxic compounds including environmental effects,False,nucleic_acid,qsar,False,medium,
https://openalex.org/W4404402901,https://doi.org/10.1016/j.molstruc.2024.140714,2024.0,"The effect of electron-withdrawing groups on the binding properties of bisphenol A to DNA: Insights from multi-spectral, electrochemical, and molecular docking",,,,,low,
https://openalex.org/W4412426641,https://doi.org/10.1016/j.matdes.2025.114359,2025.0,A competitive coevolution-based evolutionary algorithm for the parallel inverse design of multiple soft network materials,True,other,molecular_modelling,True,medium,
https://openalex.org/W7137709760,,2025.0,Biopolymers and Biodegradable Polymers,True,other,none,False,low,
https://openalex.org/W3098306447,https://doi.org/10.1098/rsfs.2020.0007,2020.0,"Rapid, accurate, precise and reproducible ligand–protein binding free energy prediction",False,none,md,False,high,
https://openalex.org/W4408201586,https://doi.org/10.3390/molecules30051175,2025.0,Comparative Analysis of Amorphous and Biodegradable Copolymers: A Molecular Dynamics Study Using a Multi-Technique Approach,True,pla,md,True,high,
https://openalex.org/W4405079100,https://doi.org/10.1007/s12668-024-01616-5,2024.0,Adsorption Properties and Disposal Efficiency of Cefuroxime Pollutant Using Metal-Bridged DL-lactide-co-Glycolide-Graphene Biopolymer: A DFT Approach,,,,,low,
https://openalex.org/W4402448380,https://doi.org/10.3390/polym16182565,2024.0,Exploring the Origins of Association of Poly(acrylic acid) Polyelectrolyte with Lysozyme in Aqueous Environment through Molecular Simulations and Experiments,False,other,md,True,high,
https://openalex.org/W4400897080,https://doi.org/10.1101/2024.07.21.604493,2024.0,AQuaRef: Machine learning accelerated quantum refinement of protein structures,False,protein,ml,True,high,
https://openalex.org/W4404465760,https://doi.org/10.1007/s10973-024-13801-5,2024.0,Mathematical formulation of the machine learning backpropagation network and regression modelling of the chemical stability and thermal properties of PLA/HKUST-1 fabricated porous membranes,,,,,low,
https://openalex.org/W4396893021,https://doi.org/10.1177/22808000241248887,2024.0,Exploring the purity of chitin from crustacean sources using deep eutectic solvents: A machine learning approach,True,other_polysaccharide,ml,False,high,
https://openalex.org/W3134789871,https://doi.org/10.1021/acssuschemeng.0c08939,2021.0,Experimental and Theoretical Study on Glycolic Acid Provided Fast Bio/Seawater-Degradable Poly(Butylene Succinate-co-Glycolate),True,other,qc,True,high,
https://openalex.org/W2064993255,https://doi.org/10.3390/ijms10125135,2009.0,A Review of Computational Methods in Materials Science: Examples from Shock-Wave and Polymer Physics,True,other,md,False,medium,
https://openalex.org/W2038383812,https://doi.org/10.1016/j.watres.2013.09.020,2013.0,Experimental and computational investigations of the interactions between model organic compounds and subsequent membrane fouling,True,other_polysaccharide,md,True,high,
https://openalex.org/W4411583138,https://doi.org/10.1016/j.ijbiomac.2025.145043,2025.0,Interactions of insulin aspart hexamer and excipients with plasticized polyvinyl chloride surfaces: A comprehensive investigation combining molecular simulations and experiments,False,protein,md,True,high,
https://openalex.org/W2065553133,https://doi.org/10.1002/bip.21437,2010.0,"Conformations and properties of the L ‐tryptophyl‐containing peptides in solution, depending on the pH—Theoretical study vs. experiments",False,protein,qc,True,high,
https://openalex.org/W4403136138,https://doi.org/10.1142/s2737416524500649,2024.0,"Microemulsion of Medicago marina Essential Oil: In Vitro Evaluation of Antimicrobial, Antibiofilm, Anticoagulant Effects, and In Silico Studies Involving Molecular Docking and ADME Prediction",False,other_polysaccharide,docking,True,medium,
https://openalex.org/W7140126139,https://doi.org/10.1039/d6mh00061d,2026.0,Chemically functionalized cellulose triboelectret nanogenerator for machine-learning-enabled tactile sensing,True,cellulose,ml,True,high,
https://openalex.org/W7143487509,https://doi.org/10.1007/s00894-026-06677-9,2026.0,Effect of carboxymethyl substitution position on urea interaction with carboxymethyl chitosan: a density functional theory study,True,chitosan,qc,False,high,
https://openalex.org/W2987666599,https://doi.org/10.1109/access.2019.2950984,2019.0,"Morphology Clustering Software for AFM Images, Based on Particle Isolation and Artificial Neural Networks",False,nucleic_acid,ml,True,high,
https://openalex.org/W2124236598,https://doi.org/10.1098/rsif.2010.0149,2010.0,Nanostructure and molecular mechanics of spider dragline silk protein assemblies,True,protein,md,False,high,
https://openalex.org/W4417516488,https://doi.org/10.1016/j.jclepro.2025.147367,2025.0,Towards cleaner production of methyl glycolate: Techno-economic-environmental optimization via hybrid physics-machine learning modeling,,,,,low,
https://openalex.org/W2896838785,https://doi.org/10.1002/iub.1935,2018.0,Anticancer activity of thymol: A literature‐based review and docking study with Emphasis on its anticancer mechanisms,False,none,docking,False,high,
https://openalex.org/W3208708025,https://doi.org/10.1007/s13233-021-9084-6,2021.0,Insights into Nanomechanical Behavior and Molecular Mechanisms in Bombyx Mori Silk Fibroin in Saline Environment Using Molecular Dynamics Analysis,,,,,low,
https://openalex.org/W7154609446,https://doi.org/10.4995/jarte.2026.25338,2026.0,A Machine-Learning Framework for Biodegradation Prediction in Sustainable Polymer Systems,True,pha,ml,False,high,
https://openalex.org/W2992452905,https://doi.org/10.1039/9781782623656-00069,2019.0,Chemoinformatics Representation of Chemical Structures – A Milestone for Successful Big Data Modelling in Predictive Toxicology,False,none,qsar,False,high,
https://openalex.org/W4220812172,https://doi.org/10.26434/chemrxiv-2021-6r888-v2,2022.0,Machine Learning Optimization of Lignin Properties in Green Biorefineries,True,lignin,ml,True,high,
https://openalex.org/W2075365230,https://doi.org/10.1021/ja039392a,2004.0,Exploring the Electronic and Mechanical Properties of Protein Using Conducting Atomic Force Microscopy,False,protein,md,True,high,
https://openalex.org/W2505464161,https://doi.org/10.1021/acs.jctc.6b00701,2016.0,Multiple Staggered Mesh Ewald: Boosting the Accuracy of the Smooth Particle Mesh Ewald Method,False,none,md,False,high,
https://openalex.org/W2316922219,https://doi.org/10.2307/3579780,1998.0,Ab Initio Electronic Structure Calculation of a New Gene System Using the Negative Factor Counting Method,False,nucleic_acid,qc,False,high,
https://openalex.org/W4388288023,https://doi.org/10.3390/foods12214017,2023.0,Advances in Designing Essential Oil Nanoformulations: An Integrative Approach to Mathematical Modeling with Potential Application in Food Preservation,True,other,ml,False,medium,
https://openalex.org/W4416812712,https://doi.org/10.1016/j.ijbiomac.2025.149294,2025.0,Novel fluorescent probe for human serum albumin detection and labeling: Biological applications and insights from molecular dynamics simulations,False,protein,md,True,high,
https://openalex.org/W4414479533,https://doi.org/10.1016/j.saa.2025.126925,2025.0,Exploring the binding interaction between triazoles and bromelain by spectroscopic and molecular docking techniques,False,protein,docking,True,high,
https://openalex.org/W4211048476,https://doi.org/10.1002/aenm.202103904,2022.0,"Highly Sodiophilic, Defect‐Rich, Lignin‐Derived Skeletal Carbon Nanofiber Host for Sodium Metal Batteries",True,lignin,qc,True,high,
https://openalex.org/W4410942950,https://doi.org/10.1002/anbr.202500066,2025.0,Time‐of‐Flight Secondary Ion Mass Spectrometry‐Partial Least Square Regression for Quantifying Interleukin‐8 in Biopolymer Matrices,True,other_polysaccharide,ml,True,medium,
https://openalex.org/W4390569743,https://doi.org/10.1126/sciadv.adi7965,2024.0,"Atomistic, macromolecular model of the Populus secondary cell wall informed by solid-state NMR",True,cellulose,md,True,high,
https://openalex.org/W4230044097,https://doi.org/10.26434/chemrxiv.14326727,2021.0,Chitosan-Transition Metal Coordination Biopolymer: A Promising Heterogeneous Catalyst for Radical Ion Polymerization of Vinyl Acetate at Ambient Temperature.,True,chitosan,qc,True,high,
https://openalex.org/W2125646053,https://doi.org/10.1088/0953-8984/19/37/373101,2007.0,Carbon nanomaterials in biological systems,False,none,md,True,medium,
https://openalex.org/W2995398176,https://doi.org/10.1016/j.jcat.2019.11.029,2019.0,Insights into the active sites and catalytic mechanism of oxidative esterification of 5-hydroxymethylfurfural by metal-organic frameworks-derived N-doped carbon,True,other,qc,True,medium,
https://openalex.org/W4408247486,https://doi.org/10.1021/jacs.4c17880,2025.0,Extreme pH Tolerance in Peptide Coacervates Mediated by Multivalent Hydrogen Bonds for Enzyme-Triggered Oral Drug Delivery,True,protein,md,True,high,
https://openalex.org/W2988128469,https://doi.org/10.3390/molecules24224117,2019.0,Coordination Ring-Opening Polymerization of Cyclic Esters: A Critical Overview of DFT Modeling and Visualization of the Reaction Mechanisms,True,pla,qc,False,high,
https://openalex.org/W2249957689,https://doi.org/10.1021/ma400478f,2013.0,Nonlinear Elasticity: From Single Chain to Networks and Gels,True,other_polysaccharide,md,True,high,
https://openalex.org/W3158313525,https://doi.org/10.3390/pharmaceutics13050631,2021.0,Polymeric Carriers Designed for Encapsulation of Essential Oils with Biological Activity,True,other,ml,False,medium,
https://openalex.org/W1963790998,https://doi.org/10.1007/s11224-008-9370-3,2008.0,Molecular structure of hyaluronan: an introduction,,,,,low,
https://openalex.org/W4414295974,https://doi.org/10.1021/acspolymersau.5c00071,2025.0,Exploiting Machine Learning and Automated Synthesis in Continuous Flow for Process Optimization of the Organocatalyzed Ring-Opening Polymerization of l -Lactide,True,pla,ml,True,high,
https://openalex.org/W2009872995,https://doi.org/10.1246/bcsj.20110225,2011.0,Polymers in Ionic Liquids: Dawn of Neoteric Solvents and Innovative Materials,True,other,solubility,True,medium,
https://openalex.org/W4403421936,https://doi.org/10.1038/s44222-024-00247-5,2024.0,Engineering strategies to optimize lignocellulosic biorefineries,,,,,low,
https://openalex.org/W2115792147,https://doi.org/10.1002/cbdv.200490087,2004.0,The World of β‐ and γ‐Peptides Comprised of Homologated Proteinogenic Amino Acids and Other Components,True,protein,md,True,high,
https://openalex.org/W4388070567,https://doi.org/10.1016/j.jenvman.2023.119446,2023.0,Synthesis and characterization of Alg/Gel/n-HAP/MNPs porous nanocomposite adsorbent for efficient water conservancy and removal of methylene blue in aqueous environments: Kinetic modeling and artificial neural network predictions,True,alginate,ml,True,high,
https://openalex.org/W4318406084,https://doi.org/10.1016/j.watres.2023.119675,2023.0,Aggregation and construction mechanisms of microbial extracellular polymeric substances with the presence of different multivalent cations: Molecular dynamic simulation and experimental verification,True,other_polysaccharide,md,True,high,
https://openalex.org/W2788244123,https://doi.org/10.1021/acs.macromol.8b00108,2018.0,"Molecular Mobility in Amorphous Biobased Poly(ethylene 2,5-furandicarboxylate) and Poly(ethylene 2,4-furandicarboxylate)",True,other,md,True,high,
https://openalex.org/W4411923755,https://doi.org/10.1016/j.cbi.2025.111631,2025.0,Computational Investigation of Hardwickiic Acid-Derived Amides as Potential Cholinesterase Inhibitors: Molecular Docking and ADME/Tox Predictions,False,none,docking,False,high,
https://openalex.org/W1986499507,https://doi.org/10.1016/j.chemphys.2009.09.015,2009.0,Molecular dynamics in hydrated sodium alginate by quasielastic and elastic neutron scattering,,,,,low,
https://openalex.org/W7153589740,https://doi.org/10.26565/2312-4334-2026-1-60,2026.0,A Molecular Docking Study of Amyloid-Polysaccharide Composites: I. Interactions with Polyphenols,True,protein,docking,False,high,
https://openalex.org/W2156619282,https://doi.org/10.1002/anie.201406145,2014.0,Exploration of Conformational Spaces of High‐Mannose‐Type Oligosaccharides by an NMR‐Validated Simulation,False,other_polysaccharide,md,True,high,
https://openalex.org/W2065889422,https://doi.org/10.1002/jcc.540120214,1991.0,Molecular silverware. I. General solutions to excluded volume constrained problems,False,none,md,False,medium,
https://openalex.org/W3133427475,https://doi.org/10.1101/2021.02.17.431088,2021.0,Polyelectrolyte chain at thermal equilibrium: A comparison between the density functional theory framework (DFT) and the molecular dynamic simulations (MD),False,other,md,False,medium,
https://openalex.org/W1986777233,https://doi.org/10.1016/j.cplett.2012.07.017,2012.0,Computational study of bond dissociation enthalpies for lignin model compounds: β-5 Arylcoumaran,True,lignin,qc,False,high,
https://openalex.org/W4416967420,https://doi.org/10.1021/acs.macromol.5c01856,2025.0,Biobased Polymers Enable the Synergistic Tuning of Li + Transport and Mechanical Robustness via Structural Design,True,other,md,False,high,
https://openalex.org/W7136041939,https://doi.org/10.1016/j.molstruc.2026.145988,2026.0,"Aromatic heterocycle substituted 2-hydrazinylthiazole Schiff bases: Antioxidant, antibacterial activities, DFT calculations, and molecular docking studies",,,,,low,
https://openalex.org/W2911862601,https://doi.org/10.1016/j.bpj.2018.11.1568,2019.0,Electrostatic Force Driven Molecular Dynamics Simulations,,,,,low,
https://openalex.org/W2927373611,https://doi.org/10.1073/pnas.1900435116,2019.0,Molecular design of self-coacervation phenomena in block polyampholytes,True,protein,md,False,high,
https://openalex.org/W1964326332,https://doi.org/10.1016/j.apsusc.2012.12.075,2012.0,Adsorption of chitosan on BN nanotubes: A DFT investigation,,,,,low,
https://openalex.org/W1912808485,https://doi.org/10.1016/j.jmgm.2015.11.001,2015.0,Computational study of polymorphic structures of α- and β- chitin and chitosan in aqueous solution,True,chitosan,md,False,high,
https://openalex.org/W4406213495,https://doi.org/10.1088/1748-605x/ada840,2025.0,Harnessing machine learning algorithms for the prediction and optimization of various properties of polylactic acid in biomedical use: a comprehensive review,True,pla,ml,False,high,
https://openalex.org/W1997062722,https://doi.org/10.1021/cc9900044,1999.0,Designing Diverse and Focused Combinatorial Libraries of Synthetic Polymers,True,other,qsar,True,high,
https://openalex.org/W1497048635,https://doi.org/10.1007/978-1-4615-4141-7_6,2000.0,The Constrained Principal Property (CPP) Space in QSAR — Directional and Non-Directional Modelling Approaches,,,,,low,
https://openalex.org/W4311573186,https://doi.org/10.1080/07391102.2022.2154270,2022.0,Bioflavonoids ameliorate crowding induced hemoglobin aggregation: a spectroscopic and molecular docking approach,False,protein,docking,True,high,
https://openalex.org/W2127897502,https://doi.org/10.1002/ejoc.200901255,2010.0,Quantum Mechanical Calculation of NMR Parameters in the Stereostructural Determination of Natural Products,False,nucleic_acid,qc,True,medium,
https://openalex.org/W2894143091,https://doi.org/10.1021/acs.jctc.8b00652,2018.0,t-Distributed Stochastic Neighbor Embedding Method with the Least Information Loss for Macromolecular Simulations,False,protein,ml,False,high,
https://openalex.org/W4415425609,https://doi.org/10.1016/j.molliq.2025.128773,2025.0,"Hybrid TiO2–polymer composites for corrosion protection: a combined gravimetric, DFT, and molecular docking approach",,,,,low,
https://openalex.org/W2051756303,https://doi.org/10.1002/jcc.21880,2011.0,Molecular basis of calcium binding by polyguluronate chains. Revising the egg‐box model,True,alginate,md,False,high,
https://openalex.org/W2261885874,https://doi.org/10.1038/nchem.2449,2016.0,Microscopic origin of chiral shape induction in achiral crystals,False,none,qc,True,high,
https://openalex.org/W2130808644,https://doi.org/10.1039/c3gc41823e,2013.0,Water-soluble hemicelluloses for high humidity applications – enzymatic modification of xyloglucan for mechanical and oxygen barrier properties,True,other_polysaccharide,solubility,True,high,
https://openalex.org/W598308536,,2010.0,Polymer electrolytes : fundamentals and applications,True,other,md,False,low,
https://openalex.org/W7160397193,https://doi.org/10.1016/j.ceja.2026.101236,2026.0,From crystallites to columns: Hierarchical Zn/Ni bimetallic MOF-biopolymer composite beads as high-capacity adsorbents for 17β-estradiol in water,True,other_polysaccharide,md,True,high,
https://openalex.org/W4394606288,https://doi.org/10.1088/1742-6596/2734/1/012051,2024.0,Correlation between lithium-ion diffusion and coordination environment in solid polymer electrolytes: a molecular dynamics study,True,chitosan,md,False,high,
https://openalex.org/W4414166460,https://doi.org/10.1007/s11696-025-04355-3,2025.0,Integrated kinetic and neural network modeling of Cd(II) adsorption using biopolymeric beads derived from agro-waste,,,,,low,
https://openalex.org/W1989165079,https://doi.org/10.1063/1.1386926,2001.0,Interaction between hydrophobic surfaces with metastable intervening liquid,False,none,md,False,high,
https://openalex.org/W4411873753,https://doi.org/10.1093/pcmedi/pbaf015,2025.0,AlphaFold 3: an unprecedent opportunity for fundamental research and drug development,False,none,ml,False,high,
https://openalex.org/W7143515013,https://doi.org/10.3390/gels12040288,2026.0,Advances in Molecular Dynamics Simulations for Hydrogels and Nanocomposite-Reinforced Hydrogels: Multiscale Simulation Strategies and Future Directions,True,other,md,False,high,
https://openalex.org/W4364375384,https://doi.org/10.1016/j.inoche.2023.110721,2023.0,Cellulose hydrogel and its derivatives: A review of application in heavy metal adsorption,,,,,low,
https://openalex.org/W2603441380,https://doi.org/10.1073/pnas.1701321114,2017.0,Pore translocation of knotted DNA rings,False,nucleic_acid,md,False,high,
https://openalex.org/W2056159726,https://doi.org/10.1016/j.ejps.2008.03.004,2008.0,Structure formation and characterization of injectable drug loaded biodegradable devices: In situ implants versus in situ microparticles,True,pla,solubility,True,high,
https://openalex.org/W4399212720,https://doi.org/10.1007/s40964-024-00684-z,2024.0,Integrated optimization scheme for 3D printing of PLA-APHA biodegradable blends,,,,,low,
https://openalex.org/W3145684513,https://doi.org/10.48550/arxiv.2103.14988,2021.0,NMRPy: a novel NMR scripting system to implement artificial intelligence and advanced applications,False,none,ml,False,medium,
https://openalex.org/W3102148411,https://doi.org/10.2174/1386207323666201110150140,2020.0,Receptor Dynamics in Molecular Recognition by Cryo-EM and Molecular Simulation,False,none,docking,False,high,
https://openalex.org/W3118140901,https://doi.org/10.1002/jccs.202000498,2020.0,Molecular dynamics simulation combined with small‐angle X‐ray/neutron scattering defining solution‐state protein structures,False,protein,md,True,high,
https://openalex.org/W4405467344,https://doi.org/10.21203/rs.3.rs-5079737/v1,2024.0,Investigating Fundamental Interactions between Pectin and Cellulose Nanocrystals: A Molecular Dynamics Simulation,True,pectin,md,False,high,
https://openalex.org/W2117872683,https://doi.org/10.1002/bip.21215,2009.0,"Structural, thermodynamic, and kinetic properties of Gramicidin analogue GS6 studied by molecular dynamics simulations and statistical mechanics",False,protein,md,False,high,
https://openalex.org/W1967285459,https://doi.org/10.1002/bip.20972,2008.0,Reductive unfolding of serum albumins uncovered by Raman spectroscopy,False,protein,qc,True,high,
https://openalex.org/W1983608881,https://doi.org/10.1021/ci0499774,2004.0,Using Surrogate Modeling in the Prediction of Fibrinogen Adsorption onto Polymer Surfaces,True,other,ml,True,high,
https://openalex.org/W2320671906,https://doi.org/10.2174/1574893611308040006,2013.0,QSAR and Complex Network Recognition of miRNAs in Stem Cells,False,nucleic_acid,qsar,False,high,
https://openalex.org/W2013968187,https://doi.org/10.1063/1.3385388,2010.0,Atomistic model of the spider silk nanostructure,True,protein,md,False,high,
https://openalex.org/W2055472526,https://doi.org/10.1002/bip.20525,2006.0,Solid‐state IR–LD spectroscopic and theoretical analysis of arginine‐containing peptides,False,protein,qc,True,high,
https://openalex.org/W2408687106,https://doi.org/10.1038/srep26595,2016.0,Elucidating the Origin of the Attractive Force among Hydrophilic Macroions,False,none,md,False,medium,
https://openalex.org/W4293570053,https://doi.org/10.1016/j.matpr.2022.08.253,2022.0,Silver nano-particles' size prediction using deep learning model with green method,,,,,low,
https://openalex.org/W2325702925,https://doi.org/10.1021/ar5001023,2014.0,Using Quantum Mechanical Approaches to Study Biological Systems,False,none,qc,False,high,
https://openalex.org/W2119604853,https://doi.org/10.1002/jcc.20649,2007.0,Computational chemistry approach to protein kinase recognition using 3D stochastic van der Waals spectral moments,False,protein,qsar,False,high,
https://openalex.org/W4400097281,https://doi.org/10.21926/rpm.2402015,2024.0,Review on Some Important Research Progresses in Biodegradable Plastics/Polymers,True,other,none,True,medium,
https://openalex.org/W3006595342,https://doi.org/10.1021/acsomega.9b04142,2020.0,Multispectroscopic and Computational Analysis Insight into the Interaction of Cationic Diester-Bonded Gemini Surfactants with Serine Protease α-Chymotrypsin,False,none,docking,True,high,
https://openalex.org/W2886547004,https://doi.org/10.1021/acs.cgd.8b00835,2018.0,Longitudinal Piezoelectricity in Orthorhombic Amino Acid Crystal Films,True,protein,qc,True,medium,
https://openalex.org/W4312438845,https://doi.org/10.2139/ssrn.4271275,2022.0,How Environmental Factors Affect the Structural Properties and Biofunctions of Keratin: A Molecular Dynamics Study,,,,,low,
https://openalex.org/W4409230228,https://doi.org/10.1007/s41939-025-00829-9,2025.0,Integrating machine learning with photopolymerization additive manufacturing: enhancing PLA mechanical properties,,,,,low,
https://openalex.org/W2052086514,https://doi.org/10.1021/ja800502h,2008.0,"Hydration and Conformational Mechanics of Single, End-Tethered Elastin-like Polypeptides",True,protein,none,True,high,
https://openalex.org/W4415380796,https://doi.org/10.71465/fa35,2025.0,Inverse Design of Sustainable Food Packaging Materials Using Generative Adversarial Networks,True,other,generative,False,high,
https://openalex.org/W7141381725,https://doi.org/10.1016/j.ijbiomac.2026.151678,2026.0,Machine learning-driven design of multiscale reinforced horse chestnut starch-based composite films for biodegradable packaging applications,True,starch,ml,True,high,
https://openalex.org/W4413126147,https://doi.org/10.1007/s42107-025-01487-5,2025.0,"Enhancing M30 concrete performance using tamarind seed polysaccharide and GGBFS with experimental validation, COMSOL Multiphysics simulation and machine learning prediction",,,,,low,
https://openalex.org/W2750898712,https://doi.org/10.1016/j.ijbiomac.2017.08.161,2017.0,Diatomite as a novel composite ingredient for chitosan film with enhanced physicochemical properties,True,chitosan,qc,True,high,
https://openalex.org/W4318612269,https://doi.org/10.1016/j.cofs.2023.101003,2023.0,"Trends in food emulsion technology: Pickering, nano-, and double emulsions",True,cellulose,ml,False,medium,
https://openalex.org/W3133636600,https://doi.org/10.1002/cjoc.202000519,2021.0,Coordination Insertion Mechanism of Ring‐Opening Polymerization of Lactide Catalyzed by Stannous Octoate †,True,pla,qc,False,high,
https://openalex.org/W2072850184,https://doi.org/10.1021/es010893a,2001.0,Factors Controlling Alkylbenzene Sorption to Municipal Solid Waste,True,other_polysaccharide,none,True,medium,
https://openalex.org/W3027992216,https://doi.org/10.1002/pol.20200210,2020.0,A systematic investigation of the ring size effects on the free radical ring‐opening polymerization ( rROP ) of cyclic ketene acetal ( CKA ) using both experimental and theoretical approach,True,other,qc,True,high,
https://openalex.org/W3114803720,https://doi.org/10.1016/j.jconrel.2020.12.044,2020.0,"Advances in controlled release hormonal technologies for contraception: A review of existing devices, underlying mechanisms, and future directions",True,pla,ml,False,medium,
https://openalex.org/W7147228957,https://doi.org/10.1002/advs.202522389,2026.0,Understanding Fabrication Variability in Core‐Shell Soft Biomaterials Using Stochastic Artificial Intelligence,True,other_polysaccharide,ml,True,medium,
https://openalex.org/W2913008143,https://doi.org/10.1088/2053-1591/ab06d3,2019.0,Investigation of the interactions between Melittin and the PLGA and PLA polymers: molecular dynamic simulation and binding free energy calculation,True,pla,md,False,high,
https://openalex.org/W2809857068,https://doi.org/10.1021/acs.jpcb.8b04790,2018.0,Pectin Conformation in Solution,True,pectin,md,True,high,
https://openalex.org/W1560325241,https://doi.org/10.1016/j.carbpol.2015.09.027,2015.0,Inhibitory effect of xanthan gum and synergistic surfactant additives for mild steel corrosion in 1 M HCl,True,other_polysaccharide,qc,True,high,
https://openalex.org/W7164923417,https://doi.org/10.3389/fbioe.2026.1879932,2026.0,Integrating artificial intelligence and conventional approaches in sugarcane bagasse biorefineries: a review towards a circular bioeconomy,True,lignin,ml,False,medium,
https://openalex.org/W4376135415,https://doi.org/10.1038/s44160-023-00315-5,2023.0,A general strategy for synthesizing biomacromolecular ionogel membranes via solvent-induced self-assembly,,,,,low,
https://openalex.org/W4309658083,https://doi.org/10.1080/14786419.2022.2148245,2022.0,"Anticancer potential of some β-diketonates: DNA interactions, protein binding properties, and molecular docking study",False,none,docking,True,high,
https://openalex.org/W4412993734,https://doi.org/10.1021/acsami.5c11459,2025.0,Integrating Deep Learning and Real-Time Imaging to Visualize In Situ Self-Assembly of Self-Healing Interpenetrating Polymer Networks Formed by Protein and Polysaccharide Fibers,True,protein,ml,True,high,
https://openalex.org/W3007667827,https://doi.org/10.1016/j.molliq.2020.112750,2020.0,Probing molecular adsorption/interactions and anti-corrosion performance of poppy extract in acidic environments,False,none,md,True,medium,
https://openalex.org/W3035844784,https://doi.org/10.1016/j.eurpolymj.2020.109851,2020.0,Updating radical ring-opening polymerisation of cyclic ketene acetals from synthesis to degradation,True,other,qc,True,high,
https://openalex.org/W4307574590,https://doi.org/10.1002/adfm.202208277,2022.0,Sustainable Triboelectric Materials for Smart Active Sensing Systems,True,cellulose,none,False,high,
https://openalex.org/W1994827104,https://doi.org/10.1016/j.bpj.2014.09.043,2014.0,Diffusion within the Cytoplasm: A Mesoscale Model of Interacting Macromolecules,False,none,md,False,high,
https://openalex.org/W3129424024,https://doi.org/10.1016/j.bpj.2020.11.1052,2021.0,Antimicrobial Peptide-Membrane Interactions: Insights from Molecular Simulations,,,,,low,
https://openalex.org/W4412738753,https://doi.org/10.2139/ssrn.5367646,2025.0,Integration of Artificial Intelligence in Biodegradable Plastic Packaging Design: Exploring Stakeholder Attitudes,,,,,low,
https://openalex.org/W2041369509,https://doi.org/10.1002/pmic.200500015,2005.0,The secretome of Pleurotus sapidus,False,none,none,True,high,
https://openalex.org/W4408123901,https://doi.org/10.1002/adma.202418959,2025.0,Incorporating Ordered Indium Sites into Rhodium for Ultra‐Low Potential Electrocatalytic Conversion of Ethylene Glycol to Glycolic Acid,False,none,qc,True,high,
https://openalex.org/W4416722463,https://doi.org/10.1038/s41598-025-30156-5,2025.0,Performance investigation of Xanthan gum polymer flooding for enhanced oil recovery using machine learning models,True,other_polysaccharide,ml,False,high,
https://openalex.org/W2010329391,https://doi.org/10.1002/bip.10529,2003.0,Packaging double‐helical DNA into viral capsids,False,nucleic_acid,md,False,high,
https://openalex.org/W2128851315,https://doi.org/10.1002/cphc.200500191,2005.0,A Close Look at Fluorescence Quenching of Organic Dyes by Tryptophan,False,none,none,True,high,
https://openalex.org/W2911917586,https://doi.org/10.1038/s41467-019-08756-3,2019.0,Double helical conformation and extreme rigidity in a rodlike polyelectrolyte,True,other,md,True,high,
https://openalex.org/W4387938780,https://doi.org/10.1101/2023.10.24.563575,2023.0,Protocols for Multi-Scale Molecular Dynamics Simulations: A Comparative Study for Intrinsically Disordered Amyloid Beta in Amber & Gromacs on CPU & GPU,False,protein,md,False,high,
https://openalex.org/W4409171570,https://doi.org/10.14569/ijacsa.2025.0160318,2025.0,Machine Learning-Based Terahertz Spectroscopy for Starch Concentration Prediction in Biofilms,True,starch,ml,True,high,
https://openalex.org/W2112397081,https://doi.org/10.1002/bip.20249,2005.0,"Side‐chain control of folding of the homologous α‐, β‐, and γ‐peptides into “mixed” helices (β‐helices)",False,protein,qc,False,high,
https://openalex.org/W4408007410,https://doi.org/10.1101/2025.02.21.639544,2025.0,Artificial Neural Network Reveals the Role of Transport Proteins in Rhodopseudomonas palustris CGA009 During Lignin Breakdown Product Catabolism,False,lignin,ml,True,high,
https://openalex.org/W2117893330,https://doi.org/10.1039/c2sm25068c,2012.0,Self-assembly of artificial microtubules,True,other,md,False,medium,
https://openalex.org/W2054739661,https://doi.org/10.1016/j.bpj.2009.02.067,2009.0,Molecular Renormalization Group Coarse-Graining of Polymer Chains: Application to Double-Stranded DNA,False,nucleic_acid,md,False,high,
https://openalex.org/W4367626895,https://doi.org/10.3390/metabo13050624,2023.0,Value Addition Employing Waste Bio-Materials in Environmental Remedies and Food Sector,False,none,none,False,low,
https://openalex.org/W3015248040,https://doi.org/10.1021/acsapm.0c00191,2020.0,"Ranking Plasticizers for Polymers with Atomistic Simulations: PVT, Mechanical Properties, and the Role of Hydrogen Bonding in Thermoplastic Starch",True,starch,md,True,high,
https://openalex.org/W2034788753,https://doi.org/10.1109/iciea.2012.6360945,2012.0,Biopolycaprolactone molecular weight prediction based on neural network technique in a batch reactor,True,other,ml,False,medium,
https://openalex.org/W2980843999,https://doi.org/10.1016/j.apsusc.2019.144150,2019.0,Enhanced interfacial characteristics in PLA/graphene composites through numerically-designed interface treatment,True,pla,md,False,high,
https://openalex.org/W2050874313,https://doi.org/10.1016/j.foodchem.2009.02.017,2009.0,Interactions between milk whey protein and polysaccharide in solution,True,other_polysaccharide,none,True,high,
https://openalex.org/W2995251072,https://doi.org/10.3390/biom9120872,2019.0,RSM–GA Based Optimization of Bacterial PHA Production and In Silico Modulation of Citrate Synthase for Enhancing PHA Production,True,pha,docking,True,high,
https://openalex.org/W2799326860,https://doi.org/10.1016/j.carbpol.2018.05.016,2018.0,Cellulose nanofiber induced self-assembly of zinc oxide nanoparticles: Theoretical and experimental study on interfacial interaction,True,cellulose,qc,True,high,
https://openalex.org/W3182984964,https://doi.org/10.1021/acs.jctc.0c01132,2021.0,"Accurate and Compatible Force Fields for Molecular Oxygen, Nitrogen, and Hydrogen to Simulate Gases, Electrolytes, and Heterogeneous Interfaces",False,none,md,False,high,
https://openalex.org/W4220684470,https://doi.org/10.1016/j.jclepro.2022.131219,2022.0,"Synthesis, characterization, and utilization of poly-amino acid-functionalized lignin for efficient and selective removal of lead ion from aqueous solution",,,,,low,
https://openalex.org/W4308050323,https://doi.org/10.1557/s43577-022-00416-0,2022.0,Structure–mechanics relationship of hybrid polyvinyl alcohol-collagen composite by molecular dynamics simulations,True,protein,md,False,high,
https://openalex.org/W3203819709,https://doi.org/10.1038/s42003-021-02653-6,2021.0,Actin crosslinker competition and sorting drive emergent GUV size-dependent actin network architecture,False,protein,md,True,high,
https://openalex.org/W4408678338,https://doi.org/10.1021/acssuschemeng.4c10922,2025.0,Quantum-Chemically Guided Insights on Ionic Liquid Catalysts for Biobased Polycarbonate Synthesis─Mechanistic Exploration and Cation-Functionalized Optimization,True,other,qc,True,high,
https://openalex.org/W2069626810,https://doi.org/10.1039/c2ra21287k,2012.0,Relative and inherent reactivities of imidazolium-based ionic liquids: the implications for lignocellulose processing applications,True,other_polysaccharide,qc,True,medium,
https://openalex.org/W4400082588,https://doi.org/10.1038/s41467-024-49700-4,2024.0,CHARMM-GUI Multicomponent Assembler for modeling and simulation of complex multicomponent systems,False,none,md,False,high,
https://openalex.org/W4281645002,https://doi.org/10.31357/fesympo.v26.5750,2022.0,Evaluation of Lignin Degrading Ability and In-silico Analysis and Molecular Docking of Laccase of Schizophyllum commune with Lignin,True,lignin,docking,True,high,
https://openalex.org/W4412781331,https://doi.org/10.34172/bi.30488,2025.0,Biologically inspired laccase-mimicking OVA-Cu complex for degradation of organic dye pollutant: Artificial neural network modeling and optimization,True,protein,ml,True,high,
https://openalex.org/W4319067969,https://doi.org/10.2139/ssrn.4347379,2023.0,"Assessment of the Binding of Pseudallecin a to Human Serum Albumin with Multi-Spectroscopic Analysis, Molecular Docking and Molecular Dynamic Simulation",False,none,docking,True,low,
https://openalex.org/W4404193056,https://doi.org/10.1016/b978-0-443-13997-0.00023-0,2024.0,Machine learning models in clinical trials of chitosan-based nanoparticles potency,,,,,low,
https://openalex.org/W4404587573,https://doi.org/10.1021/acs.jpcb.4c05368,2024.0,Dynamics of Amphiphilic Poly(ε-Caprolactone) Micelles with Doxorubicin and Transition Temperature Predictions Using All-Atom Molecular Dynamics Simulation,True,other,md,False,high,
https://openalex.org/W2313374938,https://doi.org/10.1021/ct300077q,2012.0,Identifying Metastable States of Folding Proteins,False,protein,md,False,high,
https://openalex.org/W1990275726,https://doi.org/10.1016/j.jphotobiol.2013.04.004,2013.0,pH-insensitive electrostatic interaction of carmoisine with two serum proteins: A possible caution on its uses in food and pharmaceutical industry,False,protein,docking,True,high,
https://openalex.org/W2792933045,https://doi.org/10.1557/adv.2018.99,2018.0,"Preliminary Molecular Dynamics Studies of the Montmorillonite, Amylose, Fatty Acids and Water for Polymer-Clay Nanocomposite Modeling",,,,,low,
https://openalex.org/W4376226284,https://doi.org/10.1021/acs.jctc.3c00039,2023.0,Development and Benchmarking of Open Force Field 2.0.0: The Sage Small Molecule Force Field,False,none,md,False,high,
https://openalex.org/W2911844751,https://doi.org/10.1021/acs.biomac.8b01503,2019.0,Effect of Peptide Sequence on the LCST-Like Transition of Elastin-Like Peptides and Elastin-Like Peptide–Collagen-Like Peptide Conjugates: Simulations and Experiments,True,protein,md,True,high,
https://openalex.org/W3009346524,https://doi.org/10.1007/s10570-020-03068-y,2020.0,A novel supra coarse-grained model for cellulose,True,cellulose,md,False,high,
https://openalex.org/W2327532118,https://doi.org/10.1021/ie201345t,2012.0,Effect of Alkyl Chain Length in Anions on Thermodynamic and Surface Properties of 1-Butyl-3-methylimidazolium Carboxylate Ionic Liquids,True,cellulose,solubility,True,medium,
https://openalex.org/W7135228015,https://doi.org/10.1016/j.cej.2026.175121,2026.0,Machine-learning-enabled starch/MXene moisture sensing bioelectronics for human monitoring and interaction,True,starch,ml,True,high,
https://openalex.org/W4233755759,https://doi.org/10.1002/bip.10058.abs,2002.0,Effect of molecular confinement on internal enzyme dynamics: Frequency domain fluorometry and molecular dynamics simulation studies,False,protein,md,True,high,
https://openalex.org/W2015357029,https://doi.org/10.3109/03639045.2012.660952,2012.0,Injectable PLA-basedin situforming implants for controlled release of Ivermectin a BCS Class II drug: solvent selection based on physico-chemical characterization,True,pla,solubility,True,high,
https://openalex.org/W4395662843,https://doi.org/10.1016/j.carbpol.2024.122199,2024.0,"Deep eutectic solvents as sustainable extraction media for extraction of polysaccharides from natural sources: Status, challenges and prospects",True,other_polysaccharide,ml,False,medium,
https://openalex.org/W4389520832,https://doi.org/10.1016/j.foodhyd.2023.109633,2023.0,Highly efficient anchoring of γ-cyclodextrin-MOFs on chitosan/cellulose film by in situ growth to enhance encapsulation and controlled release of carvacrol,,,,,low,
https://openalex.org/W2103723321,https://doi.org/10.1002/jcc.10184,2002.0,Using PC clusters to evaluate the transferability of molecular mechanics force fields for proteins,False,protein,md,False,high,
https://openalex.org/W2736216238,https://doi.org/10.1021/acs.accounts.7b00176,2017.0,"Cooperativity Scale: A Structure–Mechanism Correlation in the Self-Assembly of Benzene-1,3,5-tricarboxamides",False,none,qc,False,high,
https://openalex.org/W1984594879,https://doi.org/10.1002/bip.20581,2006.0,Structural and spectroscopic analysis of hydrogensquarates of glycine‐containing tripeptides,False,none,qc,True,high,
https://openalex.org/W2416399974,https://doi.org/10.1002/bip.22885,2016.0,Molecular design and genetic optimization of antimicrobial peptides containing unnatural amino acids against antibiotic‐resistant bacterial infections,False,protein,qsar,True,high,
https://openalex.org/W4407255271,https://doi.org/10.2174/0122133461336557241210051632,2025.0,Green Energy Revolution: Production of Environmentally Friendly Sustainable Biofuels using Yeasts with the Help of Artificial Intelligence,False,none,ml,False,low,
https://openalex.org/W2976150911,https://doi.org/10.1021/acssuschemeng.9b03534,2019.0,Lignin-KMC: A Toolkit for Simulating Lignin Biosynthesis,True,lignin,qc,False,high,
https://openalex.org/W2792480847,https://doi.org/10.1021/jacs.7b09476,2018.0,Photoswitching of DNA Hybridization Using a Molecular Motor,False,nucleic_acid,md,True,high,
https://openalex.org/W3107672370,https://doi.org/10.1021/acssuschemeng.0c07156,2020.0,Molecular Lignin Solubility and Structure in Organic Solvents,True,lignin,md,False,high,
https://openalex.org/W7155043115,https://doi.org/10.1021/acs.biomac.5c02503,2026.0,Thermodynamic and Atomistic Insights into Lignin Solubility from Experimentally Validated Molecular Dynamics Simulations,True,lignin,md,True,high,
https://openalex.org/W2614794716,https://doi.org/10.1002/1097-0282(2000)56:4<232::aid-bip10037>3.3.co;2-8,2000.0,"Molecular dynamics simulation of nucleic acids: Successes, limitations, and promise* We would like to dedicate this article to Peter Kollman, a friend, collaborator, mentor, and all around good guy. Peter was very enthusiastic about DNA simulation; he will be sorely missed.",False,nucleic_acid,md,False,high,
https://openalex.org/W2944448449,https://doi.org/10.1080/1478422x.2019.1613780,2019.0,Gum Arabic as corrosion inhibitor in the oil industry: experimental and theoretical studies,True,other_polysaccharide,md,True,high,
https://openalex.org/W7130502973,https://doi.org/10.1142/s2047684126500041,2026.0,Molecular modeling of gelatin–plasticizer interactions: Insights from DFT and molecular dynamics,True,protein,md,False,high,
https://openalex.org/W4396896600,https://doi.org/10.3390/app14104131,2024.0,Effect of Nanohydroxyapatite on Silk Fibroin–Chitosan Interactions—Molecular Dynamics Study,True,protein,md,False,high,
https://openalex.org/W1989806189,https://doi.org/10.1063/1.2244553,2006.0,Generalized coarse-grained model based on point multipole and Gay-Berne potentials,False,none,md,False,medium,
https://openalex.org/W4393946185,https://doi.org/10.20944/preprints202404.0302.v1,2024.0,Effect of Nanohydroxyapatite on Silk Fibroin-Chitosan Interactions. Molecular Dynamics Study,True,protein,md,False,high,
https://openalex.org/W4315620132,https://doi.org/10.1002/anie.202217725,2023.0,Probing a Hydrogen‐π Interaction Involving a Trapped Water Molecule in the Solid State,False,none,qc,True,high,
https://openalex.org/W4415387282,https://doi.org/10.1016/j.foodhyd.2025.112136,2025.0,Crafting surface-active composite fibers from protein-fortified starch via synergistic Co-electrospinning and deep learning,,,,,low,
https://openalex.org/W2146128026,https://doi.org/10.1002/bip.20512,2006.0,Solid‐state IR–LD spectroscopic and theoretical analysis of glycine‐containing peptides and their hydrochlorides,False,protein,qc,True,high,
https://openalex.org/W4413832742,https://doi.org/10.1021/acssuschemeng.5c04462,2025.0,Glycolic Acid Production from Glycerol via Catalytic Oxidation: Machine Learning-Accelerated Multi-Objective Process Optimization,False,none,ml,False,high,
https://openalex.org/W2274406077,,2015.0,"Structure, dynamics and rheology of polymer solutions from coarse-grained molecular dynamics: Effects of polymer concentration, solvent quality and geometric confinement",True,other,md,False,high,
https://openalex.org/W3092343824,https://doi.org/10.1142/s1088424620500534,2020.0,Fluorescent pyrene moiety in fluorinated C6F5-corroles increases the interaction with HSA and CT-DNA,False,none,docking,True,high,
https://openalex.org/W1917263536,https://doi.org/10.1039/c5cp02101d,2015.0,Exploration of the binding interaction of a potential nervous system stimulant with calf-thymus DNA and dissociation of the drug–DNA complex by detergent sequestration,False,nucleic_acid,docking,True,high,
https://openalex.org/W2094612755,https://doi.org/10.1021/jp983366v,1998.0,Rapid Evaporative Cooling Suppresses Fragmentation in Mass Spectrometry: Synthesis of “Unprotonated” Water Cluster Ions,False,none,qc,True,high,
https://openalex.org/W1986958888,https://doi.org/10.1038/2101333a0,1966.0,Separation of Chemically Unmodified Histologica Lcomponents of Keratin Fibres and Analyses of Cuticles,,,,,low,
https://openalex.org/W2012266682,https://doi.org/10.1039/c4sm00459k,2014.0,Multi-orthogonal folding of single polymer chains into soft nanoparticles,True,other,md,False,high,
https://openalex.org/W2981898616,https://doi.org/10.1021/jacs.9b05311,2019.0,Fast Microsecond Dynamics of the Protein–Water Network in the Active Site of Human Carbonic Anhydrase II Studied by Solid-State NMR Spectroscopy,False,protein,md,True,high,
https://openalex.org/W7161301447,https://doi.org/10.1002/aic.70447,2026.0,Coarse‐grained simulation methodology for biomacromolecule behavior in multiphase systems,False,nucleic_acid,md,False,high,
https://openalex.org/W4392975584,https://doi.org/10.1021/acs.biomac.3c01271,2024.0,Gelatin Methacryloyl (GelMA)-Based Biomaterial Inks: Process Science for 3D/4D Printing and Current Status,True,protein,ml,False,medium,
https://openalex.org/W4408220311,https://doi.org/10.3390/su17052263,2025.0,Molecular Dynamics Simulations of Sustainable Green Binders for Metal Injection Molding,True,pla,md,False,high,
https://openalex.org/W4377092286,https://doi.org/10.1016/j.scitotenv.2023.164338,2023.0,Exploring structure-activity relationships for polymer biodegradability by microorganisms,True,other,qsar,False,high,
https://openalex.org/W2793583966,https://doi.org/10.1016/j.carbpol.2018.03.034,2018.0,Protein adsorption onto polysaccharides: Comparison of chitosan and chitin polymers,True,chitosan,md,False,high,
https://openalex.org/W7154595890,https://doi.org/10.1016/j.matchemphys.2026.132535,2026.0,Molecular dynamics simulation of gas diffusion in poly(lactic acid)/poly(butylene adipate-co-terephthalate) blends,,,,,low,
https://openalex.org/W2374434680,,2011.0,Thinking and primary practice on discovery of pharmacodynamic material basis of Chinese materia medica assisted by virtual screening method,False,none,docking,False,high,
https://openalex.org/W2995421721,https://doi.org/10.14264/uql.2019.926,2019.0,Improving automated force-field parametrisation for molecular simulation: a graph approach,False,none,molecular_modelling,False,medium,
https://openalex.org/W3094213175,https://doi.org/10.1016/j.molliq.2020.114615,2020.0,Bio-active corrosion inhibitor based on 8-hydroxyquinoline-grafted-Alginate: Experimental and computational approaches,True,alginate,qc,True,high,
https://openalex.org/W7154509773,https://doi.org/10.1016/j.biteb.2026.102761,2026.0,Machine learning–assisted optimization of process conditions for microbial valorization of banana peel extract into pullulan,,,,,low,
https://openalex.org/W2073027391,https://doi.org/10.1016/j.bpj.2008.12.565,2009.0,Molecular Dynamics Simulation Reveals The Role Of Cross-linkers In Semi-flexible Filament Assembly,,,,,low,
https://openalex.org/W3198524032,https://doi.org/10.1016/j.polymer.2021.124149,2021.0,Role of hydrogen bonding in wheat gluten protein systems plasticized with glycerol and water,True,protein,md,True,high,
https://openalex.org/W4380367848,https://doi.org/10.1016/j.carbpol.2023.121118,2023.0,Research progress of starch as microencapsulated wall material,True,starch,none,False,high,
https://openalex.org/W4296143720,https://doi.org/10.1016/j.ijpharm.2022.122206,2022.0,Self-assembled zein organogels as in situ forming implant drug delivery system and 3D printing ink,True,protein,solubility,True,high,
https://openalex.org/W7128599138,https://doi.org/10.1016/j.jclepro.2026.147764,2026.0,From micro-pixels to macro-performance: An explainable machine learning framework for xanthan gum-stabilized expansive soils via AI-assisted trainable weka segmentation,,,,,low,
https://openalex.org/W2160742532,https://doi.org/10.1088/1478-3975/3/1/s05,2006.0,The role of molecular modeling in bionanotechnology,True,nucleic_acid,md,False,medium,
https://openalex.org/W3199419423,https://doi.org/10.1021/acssuschemeng.1c04687,2021.0,Design of High-Barrier and Environmentally Degradable FDCA-Based Copolyesters: Experimental and Theoretical Investigation,True,other,qc,True,high,
https://openalex.org/W3104194329,https://doi.org/10.1016/j.cej.2020.127769,2020.0,Highly stabilized sulfur cathode with natural fenugreek gum as binder,,,,,low,
https://openalex.org/W2135090101,https://doi.org/10.1002/bip.20993,2008.0,A poke in the eye: Inhibiting HIV‐1 protease through its flap‐recognition pocket,False,protein,md,True,high,
https://openalex.org/W4254755477,https://doi.org/10.33263/briac106.70027010,2020.0,"DFT: B3LYP/ LANL2DZ Study for the Removal of Fe, Ni, Cu, As, Cd and Pb with Chitosan",True,chitosan,qc,False,high,
https://openalex.org/W2737157220,,2010.0,RHEOLOGICAL PROPERTIES AND SOLVENT STRUCTURE OF POLYSACCHARIDE HYDROGELS STUDIED BY MOLECULAR DYNAMICS SIMULATIONS,True,other_polysaccharide,md,False,high,
https://openalex.org/W2315765305,https://doi.org/10.1021/jp109780n,2010.0,Linking Trehalose Self-Association with Binary Aqueous Solution Equation of State,False,other,md,True,high,
https://openalex.org/W2220740250,https://doi.org/10.1039/c5sm02863a,2015.0,Influence of polymer shape on depletion potentials and crowding in colloid–polymer mixtures,False,other,md,True,medium,
https://openalex.org/W2559836615,https://doi.org/10.1089/ten.tec.2016.0408,2016.0,"Formation of Nanofibrous Matrices, Three-Dimensional Scaffolds, and Microspheres: From Theory to Practice",True,other,solubility,True,high,
https://openalex.org/W3006139627,https://doi.org/10.1021/acsami.9b21209,2020.0,Stimuli-Responsive Benzothiadiazole Derivative as a Dopant for Rewritable Polymer Blends,True,other,qc,True,medium,
https://openalex.org/W7135169182,https://doi.org/10.1016/j.biteb.2026.102688,2026.0,Stress condition optimization for maximizing polyhydroxybutyrate accumulation in Cupriavidus necator via experimental and ensemble machine learning approaches,,,,,low,
https://openalex.org/W1968945227,https://doi.org/10.1002/bip.21279,2009.0,Comparison of the internalization of targeted dendrimers and dendrimer‐entrapped gold nanoparticles into cancer cells,False,other,md,True,high,
https://openalex.org/W3202506248,https://doi.org/10.1021/acscatal.1c04354,2021.0,Selective Transformation of Vicinal Glycols to α-Hydroxy Acetates in Water via a Dehydrogenation and Oxidization Relay Process by a Self-Supported Single-Site Iridium Catalyst,False,none,qc,True,high,
https://openalex.org/W4399242663,https://doi.org/10.1039/d4md00223g,2024.0,Systematic computational strategies for identifying protein targets and lead discovery,False,none,molecular_modelling,False,high,
https://openalex.org/W4389724340,https://doi.org/10.1109/prml59573.2023.10348236,2023.0,Performance Evaluation of Fiber Waste-Reinforced Polymer Using Backpropagation Neural Network Model and Finite Element Analysis,True,other,ml,True,high,
https://openalex.org/W1978499530,https://doi.org/10.1016/j.ejpe.2014.09.001,2014.0,Corrosion inhibition efficiency of some hydrophobically modified chitosan surfactants in relation to their surface active properties,True,chitosan,qc,True,high,
https://openalex.org/W2999803067,https://doi.org/10.1021/acs.jctc.9b01071,2020.0,Properties of Aqueous Trehalose Mixtures: Glass Transition and Hydrogen Bonding,True,other_polysaccharide,md,False,high,
https://openalex.org/W3128457344,,2019.0,Atomistic and Coarse-grained Simulations of Thermoresponsive Biopolymers,,,,,low,
https://openalex.org/W4389166159,https://doi.org/10.1016/j.ijbiomac.2023.128529,2023.0,Analysis of non-covalent interaction between β-lactoglobulin and hyaluronic acid under ultrasound-assisted treatment: Conformational structures and interfacial properties,True,other_polysaccharide,docking,True,high,
https://openalex.org/W4396906372,https://doi.org/10.1016/j.saa.2024.124466,2024.0,Revealing the interaction mechanism between bovine serum albumin (BSA) and a fluorescent coumarin derivative: A multispectroscopic and in silico approach,False,protein,md,True,high,
https://openalex.org/W4404401686,https://doi.org/10.1021/acs.macromol.5c00178,2025.0,Polymer Informatics Method for Fast and Accurate Prediction of the Glass Transition Temperature from Chemical Structure,True,other,qsar,False,high,
https://openalex.org/W2069027662,https://doi.org/10.1002/bip.20642,2007.0,Computational study of the absorption spectra of green fluorescent protein mutants,False,protein,md,False,high,
https://openalex.org/W4406613845,https://doi.org/10.3390/jof11010077,2025.0,Groundbreaking Technologies and the Biocontrol of Fungal Vascular Plant Pathogens,False,none,none,False,high,
https://openalex.org/W2006864817,https://doi.org/10.1002/polb.10290,2002.0,Interfacial tension of poly(lactic acid)/polystyrene blends,True,pla,solubility,True,high,
https://openalex.org/W2971140534,https://doi.org/10.1016/j.ijbiomac.2019.08.230,2019.0,Boosted selectivity and enhanced capacity of As(V) removal from polluted water by triethylenetetramine activated lignin-based adsorbents,True,lignin,qc,True,high,
https://openalex.org/W2939174163,https://doi.org/10.1021/acs.jctc.9b00108,2019.0,The Fragment Molecular Orbital Method Based on Long-Range Corrected Density-Functional Tight-Binding,False,protein,qc,False,high,
https://openalex.org/W3190442594,https://doi.org/10.3390/polym13162592,2021.0,Classification of Textile Polymer Composites: Recent Trends and Challenges,True,other,ml,False,medium,
https://openalex.org/W4396533807,https://doi.org/10.1016/s1872-2067(23)64638-8,2024.0,One-pot photothermal upcycling of polylactic acid to hydrogen and pyruvic acid,,,,,low,
https://openalex.org/W4313893883,https://doi.org/10.3390/agriengineering5010006,2023.0,"Intelligent Technologies, Enzyme-Embedded and Microbial Degradation of Agricultural Plastics",True,pla,none,False,medium,
https://openalex.org/W4415294866,https://doi.org/10.3390/machines13100949,2025.0,Machine Learning-Assisted Synergistic Optimization of 3D Printing Parameters for Enhanced Mechanical Properties of PLA/Boron Nitride Nanocomposites,True,pla,ml,True,high,
https://openalex.org/W4386170568,https://doi.org/10.1016/j.seppur.2023.124857,2023.0,Bio-based molecular imprinted polymers for separation and purification of chlorogenic acid extracted from food waste,,,,,low,
https://openalex.org/W2313176581,https://doi.org/10.1021/ar200255p,2012.0,Calculations on Noncovalent Interactions and Databases of Benchmark Interaction Energies,False,none,qc,False,high,
https://openalex.org/W2552374434,https://doi.org/10.1002/wnan.1440,2016.0,"Biological and environmental surface interactions of nanomaterials: characterization, modeling, and prediction",False,none,md,False,medium,
https://openalex.org/W3004632103,https://doi.org/10.1016/j.bpj.2019.11.1682,2020.0,Structure and Hydration Property of Low Molecular Weight Hyaluronic Acid by Molecular Dynamics Simulations,True,other_polysaccharide,md,False,high,
https://openalex.org/W2320570754,https://doi.org/10.1021/ja207984z,2011.0,Is DNA’s Rigidity Dominated by Electrostatic or Nonelectrostatic Interactions?,False,nucleic_acid,md,False,high,
https://openalex.org/W4414472758,https://doi.org/10.3390/polym17192583,2025.0,Environmental Applications of Chitosan Derivatives and Chitosan Composites,True,chitosan,none,False,high,
https://openalex.org/W4411443108,https://doi.org/10.1016/j.molliq.2025.128004,2025.0,"Advances in drilling fluid technology: Recent innovations, performance enhancements, and future trends in high-performance and eco-friendly formulations",,,,,low,
https://openalex.org/W3089704682,https://doi.org/10.48550/arxiv.2010.01196,2020.0,End-to-End Differentiable Molecular Mechanics Force Field Construction,False,none,ml,False,high,
https://openalex.org/W4411474999,https://doi.org/10.1016/j.reactfunctpolym.2025.106390,2025.0,Molecular mobility and calorimetric investigation in renewable polymeric systems based on polylactide blocks in situ built on Pluronic (poloxamer 188),,,,,low,
https://openalex.org/W1965071718,https://doi.org/10.1016/j.carbpol.2015.03.032,2015.0,Optical and mechanical properties of nanofibrillated cellulose: Toward a robust platform for next-generation green technologies,True,cellulose,qc,True,high,
https://openalex.org/W3005010714,https://doi.org/10.1007/978-1-0716-0282-9_16,2020.0,Binding Free Energy Calculation Using Quantum Mechanics Aimed for Drug Lead Optimization,False,none,qc,False,high,
https://openalex.org/W4388049796,https://doi.org/10.1016/j.ijbiomac.2023.127697,2023.0,Water-soluble chitosan salt as ecofriendly corrosion inhibitor for N80 pipeline steel in artificial sea water: Experimental and theoretical approach,True,chitosan,md,True,high,
https://openalex.org/W7129464754,https://doi.org/10.1016/j.lwt.2026.119157,2026.0,An integrated experimental and deep learning modeling approach to harness plant-derived antimicrobials for biodegradable food packaging films,True,pla,ml,True,high,
https://openalex.org/W2922026271,https://doi.org/10.1016/j.carbpol.2019.03.040,2019.0,Fabrication of carboxymethyl cellulose and graphene oxide bio-nanocomposites for flexible nonvolatile resistive switching memory devices,True,cellulose,none,True,high,
https://openalex.org/W4323256566,https://doi.org/10.1186/s40779-023-00446-y,2023.0,Applications and prospects of cryo-EM in drug discovery,False,none,none,False,high,
https://openalex.org/W2985076043,https://doi.org/10.1021/acscatal.9b01650,2019.0,Highly Efficient Hydrotalcite/1-Butanol Catalytic System for the Production of the High-Yield Fructose Crystal from Glucose,False,none,qc,True,high,
https://openalex.org/W2803311887,https://doi.org/10.1016/j.jphotobiol.2018.05.008,2018.0,"Characterization of the binding of a novel antitumor drug ibrutinib with human serum albumin: Insights from spectroscopic, calorimetric and docking studies",False,protein,docking,True,high,
https://openalex.org/W2798863019,https://doi.org/10.1101/309872,2018.0,YAMDA: thousandfold speedup of EM-based motif discovery using deep learning libraries and GPU,False,nucleic_acid,ml,False,high,
https://openalex.org/W4200555649,https://doi.org/10.1021/acs.analchem.1c03235,2021.0,Raman Spectroscopy and Imaging in Bioanalytics,False,protein,none,True,high,
https://openalex.org/W2091084245,https://doi.org/10.1016/j.jmbbm.2011.07.012,2011.0,Sequence-structure correlations in silk: Poly-Ala repeat of N. clavipes MaSp1 is naturally optimized at a critical length scale,True,protein,md,False,high,
https://openalex.org/W7161630830,https://doi.org/10.1016/j.polymer.2026.130234,2026.0,Synergistic tuning of ionic conductivity and Young's modulus of bio-based polymers by integrating molecular dynamics simulation and machine learning,,,,,low,
https://openalex.org/W7203605186,https://doi.org/10.1016/j.nxmate.2026.103191,2026.0,Large language model-assisted design of electrospun bioplastics,True,pla,generative,True,high,
https://openalex.org/W1990051955,https://doi.org/10.1021/ar300338b,2013.0,Solid-State NMR in Macromolecular Systems: Insights on How Molecular Entities Move,True,other,md,True,medium,
https://openalex.org/W1967190796,https://doi.org/10.1016/j.carbpol.2012.11.037,2012.0,Improved stability and controlled release of ω3/ω6 polyunsaturated fatty acids by spring dextrin encapsulation,True,other_polysaccharide,md,True,high,
https://openalex.org/W2329902654,https://doi.org/10.1021/bm2005017,2011.0,Helix Stabilization of Poly(ethylene glycol)–Peptide Conjugates,True,protein,md,False,high,
https://openalex.org/W7134138097,https://doi.org/10.1007/s11082-026-08745-z,2026.0,Classification of biodegradable microplastics in soil using short-wave infrared hyperspectral imaging and machine learning: a laboratory-based proof-of-concept study,,,,,low,
https://openalex.org/W4224295275,https://doi.org/10.1016/j.xcrp.2022.100840,2022.0,Production of β-ketoadipic acid from glucose in Pseudomonas putida KT2440 for use in performance-advantaged nylons,True,other,md,True,medium,
https://openalex.org/W7203710123,https://doi.org/10.2139/ssrn.7305980,2026.0,Spectroscopy-guided thermomechanical trajectory learning for inverse design of bio-based polymer nanocomposites,,,,,low,
https://openalex.org/W2910378176,https://doi.org/10.1021/acsbiomaterials.8b01228,2019.0,Modeling and Simulations of the Dynamic Behaviors of Actin-Based Cytoskeletal Networks,True,protein,md,False,medium,
https://openalex.org/W7162097910,https://doi.org/10.3390/molecules31111779,2026.0,Investigation of γ-Polyglutamic Acid for Heavy Metal Decontamination from Coal Gangue-Based Soil: Quantum Chemical Analysis and Experimental Investigation,True,other,qc,True,high,
https://openalex.org/W2784284715,https://doi.org/10.1038/s41467-017-02523-y,2018.0,Structural basis for chitin acquisition by marine Vibrio species,False,other_polysaccharide,md,True,high,
https://openalex.org/W2793013270,https://doi.org/10.1021/acs.biochem.8b00169,2018.0,Biocatalytic Routes to Lactone Monomers for Polymer Production,True,other,md,True,high,
https://openalex.org/W2155305638,https://doi.org/10.1007/s10544-006-0031-2,2006.0,Multiscale modeling of protein transport in silicon membrane nanochannels. Part 1. Derivation of molecular parameters from computer simulations,False,protein,md,False,high,
https://openalex.org/W4234913859,https://doi.org/10.1002/bip.10016.abs,2002.0,"A molecular dynamics study of the stoichiometric complex formed by poly (α, L-glutamate) and octyltrimethylammonium ions in chloroform solution",True,protein,md,False,high,
https://openalex.org/W2465403375,https://doi.org/10.1002/adfm.201601268,2016.0,Silk Fibroin–Substrate Interactions at Heterogeneous Nanocomposite Interfaces,True,protein,md,True,high,
https://openalex.org/W4379769341,https://doi.org/10.2174/1381612829666230607093311,2023.0,Potent Lipophilic Melatoninergic x-fluoro-y-methoxy Substituted Phenylalkylamides: Molecular Dynamics Calculations and in vitro Modified Release in Aqueous Media from Tablet Formulations,False,none,md,True,medium,
https://openalex.org/W2097365925,https://doi.org/10.1016/j.str.2013.07.012,2013.0,Efficient and Robust Analysis of Biomacromolecular Flexibility Using Ensembles of Network Topologies Based on Fuzzy Noncovalent Constraints,False,protein,md,False,high,
https://openalex.org/W2072377783,https://doi.org/10.1002/(sici)1096-987x(19991115)20:14<1571::aid-jcc10>3.0.co;2-r,1999.0,Correlated motions analysis from molecular dynamics trajectories: Statistical accuracy on the determination of canonical correlation coefficients,False,none,md,False,high,
https://openalex.org/W3171473600,https://doi.org/10.1016/j.ijbiomac.2021.06.018,2021.0,"Quantum mechanical study on physisorption of dissolved metal ions in seawater using cellulose, chitosan and chitin",True,other_polysaccharide,qc,False,high,
https://openalex.org/W4406463550,https://doi.org/10.1021/acssuschemeng.4c07538,2025.0,Green Synthesis of Cellulose Acetate Mixed Matrix Membranes: Structure–Function Characterization,True,cellulose,solubility,True,high,
https://openalex.org/W1973742486,https://doi.org/10.1021/es061715q,2006.0,Model Bacterial Extracellular Polysaccharide Adsorption onto Silica and Alumina: Quartz Crystal Microbalance with Dissipation Monitoring of Dextran Adsorption,True,other_polysaccharide,md,True,high,
https://openalex.org/W7165618233,https://doi.org/10.3390/polym18131559,2026.0,Machine Learning Prediction of Thermal Properties of PHB/PHBV-Based Materials: A Quantitative Structure–Property Relationship Approach Using an Integrated Polymer Database,True,pha,ml,True,high,
https://openalex.org/W3191469111,https://doi.org/10.1016/j.aca.2021.338928,2021.0,Efficient enantioresolution of aromatic α-hydroxy acids with Cinchona alkaloid-based zwitterionic stationary phases and volatile polar-ionic eluents,False,none,md,True,high,
https://openalex.org/W3202668043,https://doi.org/10.3389/fpls.2021.754601,2021.0,Phenoloxidases in Plants—How Structural Diversity Enables Functional Specificity,False,lignin,ml,False,medium,
https://openalex.org/W2031265359,https://doi.org/10.1021/cm0621996,2007.0,Direct Observation of the Formation of Nanoparticles by in situ Time-Resolved X-ray Absorption Spectroscopy,True,protein,qc,True,medium,
https://openalex.org/W3018133212,,2014.0,Large-Scale Reactive Molecular Dynamics Simulation and Kinetic Modeling of High-Temperature Pyrolysis of the Gloeocapsomorphaprisca Microfossils,True,other,md,False,high,
https://openalex.org/W4400311083,https://doi.org/10.1088/2752-5724/ad5f48,2024.0,Silk fibroin-based flexible pressure sensors: processing and application,True,protein,none,False,high,
https://openalex.org/W7164842683,https://doi.org/10.1093/bioinformatics/btag392,2026.0,DrugDL: dual-modal deep learning framework for multi-property drug prediction and targeted therapy discovery,False,none,ml,True,high,
https://openalex.org/W2899986353,https://doi.org/10.1021/acssuschemeng.8b03900,2018.0,Cholinium-Based Good’s Buffers Ionic Liquids as Remarkable Stabilizers and Recyclable Preservation Media for Recombinant Small RNAs,True,nucleic_acid,md,True,high,
https://openalex.org/W4389280059,https://doi.org/10.1016/j.jwpe.2023.104651,2023.0,Adsorption efficiency of highly methylene blue dye concentrations with multilayer chitosan-modified clays for a precise nanofiltration performance of polluted water,,,,,low,
https://openalex.org/W2136586784,https://doi.org/10.3998/ark.5550190.0006.639,2005.0,Assignment of vibrational spectra of labdatriene derivatives and ambers: A combined experimental and density functional theoretical study,True,other,qc,True,high,
https://openalex.org/W1994207388,https://doi.org/10.1016/j.aca.2005.04.006,2005.0,Study of quantitative structure–mobility relationship of the peptides based on the structural descriptors and support vector machines,False,protein,qsar,False,high,
https://openalex.org/W4415679256,https://doi.org/10.1016/j.cej.2025.170090,2025.0,Self-healing and flexible piezoelectric nanogenerators from sustainable sources: Natural rubber composites empowered by embedded machine learning protocol for real-time remote alert system,,,,,low,
https://openalex.org/W4397001088,https://doi.org/10.1007/s00289-024-05300-2,2024.0,"Progress in bioproduction, characterization and applications of pullulan: a review",True,other_polysaccharide,ml,True,high,
https://openalex.org/W4412654374,https://doi.org/10.1111/1541-4337.70242,2025.0,From Industry 4.0 to 5.0: Exploring the Opportunity of Biodegradable Freshness Indicator Packaging,True,other,none,False,medium,
https://openalex.org/W4392111507,https://doi.org/10.1038/s41598-024-54982-1,2024.0,Simulation and experimental evaluation of laser-induced graphene on the cellulose and lignin substrates,True,other_polysaccharide,md,True,high,
https://openalex.org/W4380991738,https://doi.org/10.3390/ma16124425,2023.0,Freeze-Drying Process for the Fabrication of Collagen-Based Sponges as Medical Devices in Biomedical Engineering,True,protein,none,False,high,
https://openalex.org/W2149272748,https://doi.org/10.1897/02-461,2003.0,Sorption of phenanthrene and atrazine by plant cuticular fractions,True,other,solubility,True,medium,
https://openalex.org/W4306194626,https://doi.org/10.1126/sciadv.abq0160,2022.0,Molecular insights on the crystalline cellulose-water interfaces via three-dimensional atomic force microscopy,True,cellulose,md,True,high,
https://openalex.org/W2323230956,https://doi.org/10.1021/ct100568n,2011.0,Exploiting Configurational Freezing in Nonequilibrium Monte Carlo Simulations,False,none,md,False,medium,
https://openalex.org/W2133311302,https://doi.org/10.1039/b919155k,2010.0,"On the selective detection of duplex deoxyribonucleic acids by 2,1,3-benzothiadiazole fluorophores",False,nucleic_acid,qc,True,high,
https://openalex.org/W3206682519,https://doi.org/10.1088/1757-899x/1190/1/012026,2021.0,Molecular Dynamics Investigation on the Effect of MWCNTs on Thermo-Mechanical Properties of Amorphous Cellulose Reinforced with Silicon Carbide Nanotubes,True,cellulose,md,False,high,
https://openalex.org/W4415258504,https://doi.org/10.1021/jacs.5c08484,2025.0,Interplay between β-Chitin Nanocrystal Supramolecular Architecture and Water Structuring: Insights from Three-Dimensional Atomic force Microscopy Measurements and Molecular Dynamics Simulations,True,other_polysaccharide,md,True,high,
https://openalex.org/W7204763820,https://doi.org/10.17983/214383,2016.0,Molecular simulation of biopolymers,,,,,low,
https://openalex.org/W2050341806,https://doi.org/10.1007/bf02491778,2002.0,Riboflavin binding protein—Chiral stationary phase: Investigation of retention mechanism,,,,,low,
https://openalex.org/W2085492782,https://doi.org/10.1021/jp010626r,2001.0,Best Dioctahedral Smectite for Nitrogen Heterocyclics AdsorptionA Reactivity Index Study,False,none,qc,False,high,
https://openalex.org/W4404969046,https://doi.org/10.3390/jcs8120503,2024.0,Polymer Concretes Based on Various Resins: Modern Research and Modeling of Mechanical Properties,True,other,ml,True,medium,
https://openalex.org/W2071607521,https://doi.org/10.1021/jp104274z,2010.0,"Theoretical Description of Electromagnetic Nonbonded Interactions of Radical, Cationic, and Anionic NH2BHNBHNH2 Inside of the B18N18 Nanoring",False,none,qc,False,high,
https://openalex.org/W3208844211,https://doi.org/10.1016/j.coco.2021.100970,2021.0,"Structure, chain dynamics and mechanical properties of poly(vinyl alcohol)/phytic acid composites",True,other,md,True,high,
https://openalex.org/W2059749979,https://doi.org/10.1002/anie.200602561,2006.0,Structure–Activity Relationships in Chromatography: Retention Prediction of Oligonucleotides with Support Vector Regression,False,nucleic_acid,ml,True,medium,
https://openalex.org/W3205669530,https://doi.org/10.1021/jacs.1c07925,2021.0,Active Controlled and Tunable Coacervation Using Side-Chain Functional α-Helical Homopolypeptides,True,protein,md,True,high,
https://openalex.org/W2117936285,https://doi.org/10.1039/c3mb70416e,2013.0,Molecular recognition of malachite green by hemoglobin and their specific interactions: insights from in silico docking and molecular spectroscopy,False,protein,docking,True,high,
https://openalex.org/W4401459667,https://doi.org/10.1021/acs.jcim.3c02087,2024.0,Determination of Hydrogen Bonds in GROMACS: A New Implementation to Overcome Memory Limitation,False,protein,md,True,high,
https://openalex.org/W4323665184,https://doi.org/10.1016/j.ijbiomac.2023.123992,2023.0,Efficient and accurate multi-scale simulation for viscosity mechanism of konjac glucomannan colloids,True,other_polysaccharide,md,True,high,
https://openalex.org/W2016327292,https://doi.org/10.1073/pnas.150237097,2000.0,Taming combinatorial explosion,False,none,none,False,low,
https://openalex.org/W2566907429,https://doi.org/10.1107/s2059798316019847,2016.0,Q|R: quantum-based refinement,False,none,qc,False,high,
https://openalex.org/W4294926072,https://doi.org/10.1016/j.cej.2022.139096,2022.0,"One-step fabrication of self-healing poly(thioctic acid) coatings on ZE21B Mg alloys for enhancing corrosion resistance, anti-bacterial/oxidation, hemocompatibility and promoting re-endothelialization",,,,,low,
https://openalex.org/W4414135986,https://doi.org/10.1016/j.carbpol.2025.124370,2025.0,Coalescence or isolation: A coarse-grained molecular dynamics simulations of post-collision behavior of droplets in alginate derivative stabilized emulsions,True,alginate,md,True,high,
https://openalex.org/W3190974000,https://doi.org/10.1016/j.jinorgbio.2021.111563,2021.0,"Copper(II) complexes with non–steroidal anti–inflammatory drugs: Structural characterization, in vitro and in silico biological profile",False,none,docking,True,high,
https://openalex.org/W1995012478,https://doi.org/10.1021/ja9821596,1999.0,Calculation of the Ramachandran Potential of Mean Force for a Disaccharide in Aqueous Solution,True,other_polysaccharide,md,False,high,
https://openalex.org/W7162467474,https://doi.org/10.1039/d6ra00550k,2026.0,Deep learning mechanism and its application in biomacromolecules,True,protein,ml,False,low,
https://openalex.org/W3096535172,https://doi.org/10.1016/j.ijpharm.2020.120031,2020.0,Drug-loading capacity of polylactide-based micro- and nanoparticles – Experimental and molecular modeling study,True,pla,md,True,high,
https://openalex.org/W2110768169,https://doi.org/10.1021/bi051711i,2005.0,"Dermaseptin S9, an α-Helical Antimicrobial Peptide with a Hydrophobic Core and Cationic Termini",False,protein,md,True,high,
https://openalex.org/W2963471463,https://doi.org/10.1016/s0079-6603(08)00406-6,2008.0,Minimal Models for Proteins and RNA: From Folding to Function,False,protein,md,False,high,
https://openalex.org/W3132233054,https://doi.org/10.1016/j.jece.2021.105225,2021.0,Insights into the interfacial interaction mechanisms of p-arsanilic acid adsorption on ionic liquid modified porous cellulose,True,cellulose,qc,True,high,
https://openalex.org/W4394570812,https://doi.org/10.1063/5.0190073,2024.0,"A molecular dynamics simulation study of glycine/serine octapeptides labeled with 2,3-diazabicyclo[2.2.2]oct-2-ene fluorophore",False,protein,md,False,high,
https://openalex.org/W2050051770,https://doi.org/10.1529/biophysj.107.107342,2007.0,Polymer Properties of Polythymine as Revealed by Translational Diffusion,True,nucleic_acid,md,True,high,
https://openalex.org/W2980366858,https://doi.org/10.3389/fmolb.2019.00109,2019.0,Enzymatic Polymerization of PCL-PEG Co-polymers for Biomedical Applications,True,other,md,False,high,
https://openalex.org/W3023427107,https://doi.org/10.1016/b978-0-444-53349-4.00057-1,2012.0,Dielectric Spectroscopy,,,,,low,
https://openalex.org/W2958075407,https://doi.org/10.1021/acs.iecr.9b02001,2019.0,"Redox Emulsion Polymerization of Terpenes: Mapping the Effect of the System, Structure, and Reactivity",True,other,qc,True,high,
https://openalex.org/W4367609753,https://doi.org/10.1038/s44160-023-00294-7,2023.0,A high-throughput platform for efficient exploration of functional polypeptide chemical space,True,protein,ml,True,high,
https://openalex.org/W3206841455,https://doi.org/10.4103/japtr.japtr_82_21,2021.0,Does skin permeation kinetics influence efficacy of topical dermal drug delivery system?,False,chitosan,md,False,medium,
https://openalex.org/W4321445067,https://doi.org/10.1002/advs.202207400,2023.0,Using Wool Keratin as a Structural Biomaterial and Natural Mediator to Fabricate Biocompatible and Robust Bioelectronic Platforms,True,protein,none,True,high,
https://openalex.org/W3100247758,https://doi.org/10.1021/acsomega.0c04358,2020.0,Synthesis of Novel Biocompatible Thienopyrimidine Chromophores with Aggregation-Induced Emission Sensitive to Molecular Aggregation,False,none,qc,True,high,
https://openalex.org/W2770626043,https://doi.org/10.1016/j.ijbiomac.2017.11.085,2017.0,Interaction of a novel twin-tailed oxy-diester functionalized surfactant with lysozyme: Spectroscopic and computational perspective,False,protein,docking,True,high,
https://openalex.org/W7128907605,https://doi.org/10.25259/ajc_829_2025,2026.0,"A multidisciplinary approach to green nanotechnology: Synthesis, characterization, molecular docking, and biological applications of CuO/TiO 2 and CuO/TiO 2 @Chitosan nanocomposites derived from M. chamomilla",True,chitosan,docking,True,high,
https://openalex.org/W4406139565,https://doi.org/10.7302/24985,2024.0,Applications of Machine Learning in Post-synthetic Regulation of Biomacromolecules,False,nucleic_acid,ml,True,high,
https://openalex.org/W2975110070,https://doi.org/10.1016/j.foodhyd.2019.105400,2019.0,Molecular interactions in N-[(2-hydroxyl)-propyl-3-trimethyl ammonium] chitosan chloride-sodium alginate polyelectrolyte complexes,True,chitosan,md,True,high,
https://openalex.org/W4206980064,https://doi.org/10.20868/upm.thesis.68071,2021.0,A machine learning-based representation of the electron density in biomacromolecules,False,protein,ml,False,high,
https://openalex.org/W2559861162,https://doi.org/10.1021/acs.jpclett.6b02624,2016.0,Quantum Mechanical Calculations of Vibrational Sum-Frequency-Generation (SFG) Spectra of Cellulose: Dependence of the CH and OH Peak Intensity on the Polarity of Cellulose Chains within the SFG Coherence Domain,True,cellulose,qc,False,high,
https://openalex.org/W3093728290,https://doi.org/10.1007/s11696-020-01391-z,2020.0,"Electrochemical, spectroscopic and theoretical studies for acid corrosion of zinc using glycogen",True,other_polysaccharide,qc,True,high,
https://openalex.org/W7162421826,https://doi.org/10.1039/d6ra00550k/v1/review2,2026.0,"Review for ""Deep learning mechanism and its application in biomacromolecules""",,,,,low,
https://openalex.org/W1964148242,https://doi.org/10.1017/s1743921308022175,2008.0,Hydrogen cyanide polymers connect cosmochemistry and biochemistry,False,none,none,False,low,
https://openalex.org/W4406528570,https://doi.org/10.30574/ijsra.2025.14.1.0119,2025.0,Ai and nanotechnology integration in the development of biodegradable food packaging materials,True,pla,ml,False,medium,
https://openalex.org/W4384025559,https://doi.org/10.1038/s41467-023-39581-4,2023.0,AI-designed NMR spectroscopy RF pulses for fast acquisition at high and ultra-high magnetic fields,False,protein,ml,True,high,
https://openalex.org/W4407115584,https://doi.org/10.1016/j.carbpol.2025.123347,2025.0,"An in-situ dissolving-co-crosslinking strategy for fabricating high-strength, wet-stable, and biocompatible multiscale cellulosic paper-based plastics",True,cellulose,qc,True,high,
https://openalex.org/W4407133103,https://doi.org/10.1016/j.saa.2025.125857,2025.0,Analysis of biodegradable films made from cassava starch and oregano essential oil using hyperspectral imaging and portable NIR spectroscopy,True,starch,ml,True,high,
https://openalex.org/W4417454640,https://doi.org/10.1038/s41929-025-01454-y,2025.0,Near-infrared plasmonic activation of molecular oxygen for selective oxidation of biomass derivatives,True,other,qc,True,medium,
https://openalex.org/W4225246933,https://doi.org/10.3390/biology11050696,2022.0,Characterization and In Vitro Cytotoxicity Safety Screening of Fractionated Organosolv Lignin on Diverse Primary Human Cell Types Commonly Used in Tissue Engineering,True,lignin,solubility,True,high,
https://openalex.org/W3154385195,https://doi.org/10.1146/annurev-physchem-101419-013639,2021.0,First-Principles Simulations of Biological Molecules Subjected to Ionizing Radiation,False,nucleic_acid,qc,False,medium,
https://openalex.org/W4366263391,https://doi.org/10.1021/acscatal.3c00872,2023.0,Elucidation of Active Sites and Mechanistic Pathways of a Heteropolyacid/Cu-Metal–Organic Framework Catalyst for Selective Oxidation of 5-Hydroxymethylfurfural via Ex Situ X-ray Absorption Spectroscopy and In Situ Attenuated Total Reflection-Infrared Studies,False,none,qc,True,high,
https://openalex.org/W2418895284,https://doi.org/10.1093/nar/gkw516,2016.0,Complementary-addressed site-directed spin labeling of long natural RNAs,False,nucleic_acid,md,True,high,
https://openalex.org/W2945127151,https://doi.org/10.1051/0004-6361/201935435,2019.0,Prebiotic synthesis initiated in formaldehyde by laser plasma simulating high-velocity impacts,False,none,qc,True,high,
https://openalex.org/W4401433738,https://doi.org/10.1016/j.progpolymsci.2024.101867,2024.0,Polymer-mediated protein/peptide therapeutic stabilization: Current progress and future directions,,,,,low,
https://openalex.org/W4416245989,,2024.0,Understanding the release mechanisms of active substances in biodegradable polymeric matrices by molecular simulation,True,other,md,False,high,
https://openalex.org/W2054849587,https://doi.org/10.1016/s0032-3861(02)00312-9,2002.0,"Amorphous cell studies of polyglycolic, poly(l-lactic), poly(l,d-lactic) and poly(glycolic/l-lactic) acids",,,,,low,
https://openalex.org/W3097765725,https://doi.org/10.1016/j.ijbiomac.2020.10.251,2020.0,Regeneration behavior of chitosan from ionic liquid using water and alcohols as anti-solvents,True,chitosan,qc,True,high,
https://openalex.org/W4399620573,https://doi.org/10.1016/j.apcatb.2024.124294,2024.0,Superior electrocatalytic nitrate-to-ammonia conversion activity on CuCo bimetals in neutral media,,,,,low,
https://openalex.org/W7162410102,https://doi.org/10.1039/d6ra00550k/v1/review1,2026.0,"Review for ""Deep learning mechanism and its application in biomacromolecules""",,,,,low,
https://openalex.org/W4289831925,https://doi.org/10.1016/j.colsurfa.2022.129850,2022.0,Rheological properties of konjac glucomannan composite colloids in strong shear flow affected by mesoscopic structures: Multi-scale simulation and experiment,,,,,low,
https://openalex.org/W1971200203,https://doi.org/10.1063/1.3456556,2010.0,First passage time distribution in stochastic processes with moving and static absorbing boundaries with application to biological rupture experiments,False,none,molecular_modelling,False,high,
https://openalex.org/W2035935382,https://doi.org/10.1002/pro.5560010310,1992.0,Quantitative analysis of cyclic β‐turn models,False,protein,md,True,high,
https://openalex.org/W2171957982,https://doi.org/10.1002/bip.20404,2005.0,Conformational behavior of temporin A and temporin L in aqueous solution: A computational/experimental study,False,protein,md,True,high,
https://openalex.org/W3088987466,https://doi.org/10.1016/j.ijbiomac.2020.09.139,2020.0,Analysis of the complexation process between starch molecules and trilinolenin,True,starch,md,False,high,
https://openalex.org/W3119689096,https://doi.org/10.1007/s10924-020-02029-7,2021.0,The Mass Production of Lignin Fibres by Means of Needleless Electrospinning,,,,,low,
https://openalex.org/W2032010183,https://doi.org/10.1016/j.jcis.2012.08.046,2012.0,Evolutionary screening and adsorption behavior of engineered M13 bacteriophage and derived dodecapeptide for selective decoration of gold interfaces,False,protein,md,True,high,
https://openalex.org/W2138625283,https://doi.org/10.1002/bip.20719,2007.0,Equilibrium unfolding of the poly(glutamic acid)20 helix,False,protein,md,True,high,
https://openalex.org/W2313615156,https://doi.org/10.1021/jz300488e,2012.0,Structural and Entropic Allosteric Signal Transduction Strength via Correlated Motions,False,protein,md,False,high,
https://openalex.org/W2153213546,https://doi.org/10.1002/bip.21325,2009.0,Helix formation in β/δ‐hybrid peptides: Correspondence between helices of different peptide foldamer classes,False,protein,qc,False,high,
https://openalex.org/W7162422068,https://doi.org/10.1039/d6ra00550k/v2/review1,2026.0,"Review for ""Deep learning mechanism and its application in biomacromolecules""",,,,,low,
https://openalex.org/W7162397165,https://doi.org/10.1039/d6ra00550k/v2/review2,2026.0,"Review for ""Deep learning mechanism and its application in biomacromolecules""",,,,,low,
https://openalex.org/W2923457490,https://doi.org/10.7150/thno.27313,2019.0,Water-Mediated Nanostructures for Enhanced MRI: Impact of Water Dynamics on Relaxometric Properties of Gd-DTPA,True,other_polysaccharide,none,True,medium,
https://openalex.org/W2273171468,https://doi.org/10.1039/c5cp07088k,2016.0,Enhanced sampling simulation analysis of the structure of lignin in the THF–water miscibility gap,True,lignin,md,False,high,
https://openalex.org/W3003273622,https://doi.org/10.1016/j.optmat.2020.109713,2020.0,"Aggregation-induced emission with white, green, or blue luminescence from biologically-active indole derivatives",False,none,qc,True,high,
https://openalex.org/W7207623464,https://doi.org/10.3389/fbiom.2026.1927008,2026.0,Machine learning-enabled formulation development of implantable drug delivery systems for precision medicine: from ocular and cochlear implants to personalized therapeutics,True,other,ml,False,medium,
https://openalex.org/W3195930898,https://doi.org/10.1103/physrevlett.127.138103,2021.0,Nanopores in Atomically Thin 2D Nanosheets Limit Aqueous Single-Stranded DNA Transport,False,nucleic_acid,md,False,high,
https://openalex.org/W2517069763,https://doi.org/10.1021/jacs.6b07720,2016.0,Ultrafast Dynamics of Photoisomerization and Subsequent Unfolding of an Oligoazobenzene Foldamer,False,other,qc,True,medium,
https://openalex.org/W4414008990,https://doi.org/10.1021/acs.chemmater.5c01768,2025.0,Precisely Anchored Amphiphilic Metal–Organic Frameworks at Polymer Interfaces for Robust Biodegradable Blends,True,pla,md,True,high,
https://openalex.org/W4392126039,https://doi.org/10.1186/s13000-024-01461-w,2024.0,Quantitative assessment of H&E staining for pathology: development and clinical evaluation of a novel system,True,other,none,True,medium,
https://openalex.org/W1991661836,https://doi.org/10.1002/bip.20693,2007.0,Impact of an extruded nucleotide on cleavage activity and dynamic catalytic core conformation of the hepatitis delta virus ribozyme,False,nucleic_acid,md,True,high,
https://openalex.org/W1966788214,https://doi.org/10.1002/bip.20423,2005.0,Analysis of the conformational profile of trishomocubane amino acid dipeptide,False,protein,qc,False,high,
https://openalex.org/W2070411162,https://doi.org/10.1002/app.36842,2012.0,Polyesters with small structural variations improve the mechanical properties of polylactide,True,pla,solubility,True,high,
https://openalex.org/W7203684053,https://doi.org/10.37591/jopc.v14i03.249483,2026.0,Generative AI-Based Inverse Design of Sustainable Biodegradable Polymers with Target Mechanical and Thermal Properties,True,other,generative,False,high,
https://openalex.org/W4407158587,https://doi.org/10.1016/j.apcatb.2025.125130,2025.0,"Regulation of oxygen vacancy in Mn-Co oxides to enhance selective oxidation of 5-hydroxymethylfurfural to 2,5-furandicarboxylic acid",,,,,low,
https://openalex.org/W2019903649,https://doi.org/10.1016/s0045-6535(01)00148-5,2002.0,Structure–activity relationships and response–surface analysis of nitroaromatics toxicity to the yeast (Saccharomyces cerevisiae),False,none,qsar,True,high,
https://openalex.org/W1982338804,https://doi.org/10.1016/0010-4655(95)00045-h,1995.0,MDScope — a visual computing environment for structural biology,,,,,low,
https://openalex.org/W3033993933,https://doi.org/10.1146/annurev-chembioeng-092319-083243,2020.0,Molecular Modeling and Simulations of Peptide–Polymer Conjugates,True,protein,md,False,high,
https://openalex.org/W7162460566,https://doi.org/10.1039/d6ra00550k/v1/decision1,2026.0,"Decision letter for ""Deep learning mechanism and its application in biomacromolecules""",,,,,low,
https://openalex.org/W7162394351,https://doi.org/10.1039/d6ra00550k/v2/decision1,2026.0,"Decision letter for ""Deep learning mechanism and its application in biomacromolecules""",,,,,low,
https://openalex.org/W2273808288,https://doi.org/10.6084/m9.figshare.1614917.v1,2015.0,Combining Molecular Dynamics and Biopolymer Docking,False,nucleic_acid,docking,False,high,
https://openalex.org/W2316629531,https://doi.org/10.1021/bm5011849,2014.0,Hydration Control of the Mechanical and Dynamical Properties of Cellulose,True,cellulose,md,True,high,
https://openalex.org/W7162416209,https://doi.org/10.1039/d6ra00550k/v2/response1,2026.0,"Author response for ""Deep learning mechanism and its application in biomacromolecules""",,,,,low,
https://openalex.org/W2562941791,https://doi.org/10.1021/acs.biomac.6b01597,2017.0,Revealing the Compact Structure of Lactic Acid Bacterial Heteroexopolysaccharides by SAXS and DLS,True,other_polysaccharide,md,True,high,
https://openalex.org/W4401169723,https://doi.org/10.1016/j.chemolab.2024.105191,2024.0,Comprehensive evaluation and systematic comparison of Gaussian process (GP) modelling applications in peptide quantitative structure-activity relationship,,,,,low,
https://openalex.org/W1966127665,https://doi.org/10.1080/08927022.2014.935372,2014.0,An introduction to biomolecular simulations and docking,False,none,md,False,high,
https://openalex.org/W7124421248,https://doi.org/10.1111/1541-4337.70397,2026.0,"Toward Sustainable Food Packaging: Innovations in Biodegradable Materials, Smart Technologies, and AI Integration",True,other_polysaccharide,ml,False,medium,
https://openalex.org/W4386158638,https://doi.org/10.1021/acsabm.3c00455,2023.0,"A Transparent, Tough and Self-Healable Biopolymeric Composites Hydrogel for Open Wound Management",True,other_polysaccharide,qc,True,medium,
https://openalex.org/W2036584559,https://doi.org/10.1021/ic2017177,2012.0,"Mixed Ligand Copper(II) Complexes of N,N-Bis(benzimidazol-2-ylmethyl)amine (BBA) with Diimine Co-Ligands: Efficient Chemical Nuclease and Protease Activities and Cytotoxicity",False,none,qc,True,high,
https://openalex.org/W2888069698,https://doi.org/10.1021/acs.biomac.8b00903,2018.0,A Hierarchical Model To Understand the Processing of Polysaccharides/Protein-Based Films in Ionic Liquids,True,other_polysaccharide,md,True,high,
https://openalex.org/W1469319373,https://doi.org/10.1016/j.jmbbm.2015.08.020,2015.0,Nanoscale toughening mechanism of nacre tablet,True,protein,md,False,high,
https://openalex.org/W2170998062,https://doi.org/10.1002/jcc.23854,2015.0,"Enhanced conformational sampling method for proteins based on the T a B oo S e A rch algorithm: Application to the folding of a mini‐protein, chignolin",False,protein,md,False,high,
https://openalex.org/W2005392415,https://doi.org/10.1021/jp951496n,1996.0,Use of the Grand Canonical Ensemble in Potential of Mean Force Calculations,False,none,md,False,medium,
https://openalex.org/W4400852356,https://doi.org/10.1016/j.biombioe.2024.107305,2024.0,Insight into lignin oxidative depolymerization in ionic liquids and deep eutectic solvents,True,lignin,solubility,False,high,
https://openalex.org/W2613549260,https://doi.org/10.1021/jacs.7b03007,2017.0,Right-Handed Helical Foldamers Consisting of De Novo d -AApeptides,False,protein,md,True,medium,
https://openalex.org/W3004273418,https://doi.org/10.3389/fphar.2019.01592,2020.0,A Novel Approach for Drug-Target Interactions Prediction Based on Multimodal Deep Autoencoder,False,none,ml,False,high,
https://openalex.org/W3123026855,https://doi.org/10.1021/acs.jcim.0c01299,2021.0,Using Open Data to Rapidly Benchmark Biomolecular Simulations: Phospholipid Conformational Dynamics,False,none,md,False,high,
https://openalex.org/W2986671162,https://doi.org/10.1021/jacs.9b10505,2019.0,Chemically Controlled Helical Polymorphism in Protein Tubes by Selective Modulation of Supramolecular Interactions,True,protein,md,True,medium,
https://openalex.org/W3196312744,https://doi.org/10.1021/acsmeasuresciau.1c00018,2021.0,Toward High-Throughput Cryogenic IR Fingerprinting of Mobility-Separated Glycan Isomers,True,other_polysaccharide,qc,True,high,
https://openalex.org/W2143572328,https://doi.org/10.1016/j.jfoodeng.2012.05.024,2012.0,Foaming characteristics of β-lactoglobulin as affected by enzymatic hydrolysis and polysaccharide addition: Relationships with the bulk and interfacial properties,True,protein,none,True,high,
https://openalex.org/W4389267201,https://doi.org/10.1038/s41467-023-43742-w,2023.0,Programmable de novo designed coiled coil-mediated phase separation in mammalian cells,False,protein,md,True,high,
https://openalex.org/W2789950227,https://doi.org/10.1016/j.jece.2018.02.027,2018.0,Acrylamide grafted chitosan based ion imprinted polymer for the recovery of cadmium from nickel-cadmium battery waste,,,,,low,
https://openalex.org/W2767138681,https://doi.org/10.1016/j.biochi.2017.10.023,2017.0,Biomolecular engineering of biocatalysts hydrolyzing neurotoxic organophosphates,True,other_polysaccharide,docking,True,medium,
https://openalex.org/W2953161702,https://doi.org/10.1073/pnas.1820001116,2019.0,Enabling microbial syringol conversion through structure-guided protein engineering,False,lignin,md,True,high,
https://openalex.org/W1980729296,https://doi.org/10.3233/spe-2010-0433,2010.0,Conformational analysis and vibrational spectroscopic investigation of L-alanyl-L-glutamine dipeptide,False,protein,qc,False,high,
https://openalex.org/W1963915411,https://doi.org/10.1002/bip.21250,2009.0,Conformation dependence of the C α D α stretch mode in peptides. II. Explicitly hydrated alanine peptide structures,False,protein,qc,False,high,
https://openalex.org/W2913554348,https://doi.org/10.1016/j.bpj.2018.11.1029,2019.0,Investigating the Response of Type IV Pilins and Type IV Pilus Filaments to Applied Force using All-Atom Steered Molecular Dynamics Simulations,,,,,low,
https://openalex.org/W4400240970,https://doi.org/10.1007/978-3-031-61133-9_2,2024.0,Valorization Strategies for Agriculture Residue: An Overview,,,,,low,
https://openalex.org/W2036742658,https://doi.org/10.1002/cbdv.200490154,2004.0,Binding Studies and Computer‐Aided Modelling of Macromolecule/Odorant Interactions,False,protein,docking,True,high,
https://openalex.org/W2943867114,https://doi.org/10.1016/j.ijbiomac.2019.05.026,2019.0,Low cost hydrogels based on gum Tragacanth and TiO2 nanoparticles: characterization and RBFNN modelling of methylene blue dye removal,True,other_polysaccharide,ml,True,high,
https://openalex.org/W4400458657,https://doi.org/10.1021/acs.jpclett.4c01261,2024.0,Coarse-Grained Modeling of Liquid–Liquid Phase Separation in Cells: Challenges and Opportunities,False,protein,md,False,high,
https://openalex.org/W3205005673,https://doi.org/10.1016/j.talanta.2021.122959,2021.0,MOFs and PDA-supported immobilization of BSA in open tubular affinity capillary electrochromatography: Prediction and study on drug-protein interactions,False,protein,docking,True,high,
https://openalex.org/W1540481352,https://doi.org/10.1007/978-3-642-15822-3_54,2010.0,Adaptive Critic Design with ESN Critic for Bioprocess Optimization,,,,,low,
https://openalex.org/W2026249961,https://doi.org/10.1002/cbdv.201300130,2014.0,The Role of the Conformational Profile of Polysaccharides on Skin Penetration: The Case of Hyaluronan and Its Sulfates,True,other_polysaccharide,md,True,high,
https://openalex.org/W4226380158,https://doi.org/10.1039/d2tb00028h,2022.0,Cross-linker-free sodium alginate and gelatin hydrogels: a multiscale biomaterial design framework,True,alginate,md,True,high,
https://openalex.org/W3203427334,https://doi.org/10.1002/app.51720,2021.0,"Poly (ε‐caprolactone)‐based porous membranes for filtration applications—effect of solvents on precipitation kinetics, performance, and morphology",True,other,solubility,True,high,
https://openalex.org/W4414275541,https://doi.org/10.1101/2025.09.11.675485,2025.0,AIChatBio: An Artificial Intelligence Chatbot Model for Biological Knowledge Retrieval and Biomacromolecule Design,False,none,generative,False,high,
https://openalex.org/W4229056017,https://doi.org/10.1016/j.saa.2022.121336,2022.0,Label-free detection of bladder cancer and kidney cancer plasma based on SERS and multivariate statistical algorithm,False,none,ml,True,high,
https://openalex.org/W2952940153,https://doi.org/10.48550/arxiv.cond-mat/0012021,2000.0,Generalized-Ensemble Algorithms for Molecular Simulations of Biopolymers,False,protein,md,False,high,
https://openalex.org/W4406865612,https://doi.org/10.1016/j.fbp.2025.01.015,2025.0,Towards sustainable food packaging using natural compounds: A review of current research update,True,other_polysaccharide,ml,False,medium,
https://openalex.org/W2042487540,https://doi.org/10.1016/j.bbamem.2007.08.034,2007.0,NMR structural studies of the antibiotic lipopeptide daptomycin in DHPC micelles,False,none,md,True,high,
https://openalex.org/W3010401543,https://doi.org/10.1021/acs.jctc.9b01079,2020.0,Tautomeric Equilibria of Nucleobases in the Hachimoji Expanded Genetic Alphabet,False,nucleic_acid,qc,False,high,
https://openalex.org/W2083905373,https://doi.org/10.1002/(sici)1096-987x(19990430)20:6<586::aid-jcc4>3.0.co;2-j,1999.0,"Fast, approximate algorithm for detection of solvent-inaccessible atoms",False,none,molecular_modelling,False,high,
https://openalex.org/W4413760672,https://doi.org/10.2139/ssrn.5405666,2025.0,Binding Mechanisms of Titanium Dioxide-Amino Acid Complexes and Aspergillus Fumigatus Proteins in Natural Polymer Production: A Computational Study Using Molecular Docking and Density Functional Theory,,,,,low,
https://openalex.org/W2164398475,https://doi.org/10.3390/ijms12031672,2011.0,"Preliminary Study of Conformation and Drug Release Mechanism of Doxorubicin-Conjugated Glycol Chitosan, via cis-Aconityl Linkage, by Molecular Modeling",True,chitosan,qc,False,high,
https://openalex.org/W3044810886,https://doi.org/10.1021/acs.biomac.0c00889,2020.0,Gold Nanoparticle Promoted Formation and Biological Properties of Injectable Hydrogels,True,other,qc,True,high,
https://openalex.org/W3125027752,https://doi.org/10.1021/acssuschemeng.0c07683,2021.0,Access to Biorenewable and CO2-Based Polycarbonates from Exovinylene Cyclic Carbonates,True,other,qc,True,high,
https://openalex.org/W1554285591,https://doi.org/10.1023/a:1016272412775,1995.0,"Stabilization of the Hydrophilic Sphere of lobitridol, an lodinated Contrast Agent, as Revealed by Experimental and Computational Investigations",False,none,md,True,high,
https://openalex.org/W1965384491,https://doi.org/10.1021/jp804512f,2008.0,Incorporation of a QM/MM Buffer Zone in the Variational Double Self-Consistent Field Method,False,none,qc,False,high,
https://openalex.org/W2588228112,https://doi.org/10.1016/j.colsurfb.2017.02.013,2017.0,Surfactant–cobalt(III) complexes: The impact of hydrophobicity on interaction with HSA and DNA – insights from experimental and theoretical approach,False,none,docking,True,high,
https://openalex.org/W3043188420,https://doi.org/10.1039/d0cp02416c,2020.0,Decoupling between the translation and rotation of water in the proximity of a protein molecule,False,protein,md,True,high,
https://openalex.org/W4313894265,https://doi.org/10.3390/jcm12020532,2023.0,Future of Orthodontics—A Systematic Review and Meta-Analysis on the Emerging Trends in This Field,False,none,none,False,low,
https://openalex.org/W4387358841,https://doi.org/10.1016/j.carbpol.2023.121462,2023.0,Thermo-reversible self-assembled novel gellan gum hydrogels containing amino acid biogelators with antibacterial activity,True,other_polysaccharide,docking,True,high,
https://openalex.org/W2003237169,https://doi.org/10.1063/1.1532728,2003.0,Non-Gaussian dynamics from a simulation of a short peptide: Loop closure rates and effective diffusion coefficients,False,protein,md,False,high,
https://openalex.org/W2022657586,https://doi.org/10.1063/1.4871881,2014.0,Fragmentation of the adenine and guanine molecules induced by electron collisions,False,nucleic_acid,qc,True,high,
https://openalex.org/W2949926987,https://doi.org/10.5204/thesis.eprints.129218,2019.0,Molecular Dynamics Studies of Liquids and Hydrated Biopolymers,True,protein,md,False,medium,
https://openalex.org/W2319145750,https://doi.org/10.2174/1877946811303020004,2013.0,Recent Developments In Raman Optical Activity Calculations On Biomolecules (Mini-review),False,none,qc,False,medium,
https://openalex.org/W2092081135,https://doi.org/10.1016/j.bpj.2012.08.029,2012.0,Coarse-Graining Provides Insights on the Essential Nature of Heterogeneity in Actin Filaments,False,protein,md,False,high,
https://openalex.org/W7204806486,https://doi.org/10.17983/186381,2014.0,Molecular Simulation of Biopolymers : Structure of Natural Cellulose,,,,,low,
https://openalex.org/W4213328618,https://doi.org/10.1021/scimeetings.0c00086,2020.0,Molecular dynamics simulations of molecular sliders on biopolymers,True,other,md,True,medium,
https://openalex.org/W4319052100,https://doi.org/10.1007/s00289-023-04700-0,2023.0,Experimental and DFT studies on the structural and optical properties of chitosan/polyvinyl pyrrolidone/ZnS nanocomposites,True,chitosan,qc,True,high,
https://openalex.org/W2789400533,https://doi.org/10.1016/j.jpcs.2018.03.030,2018.0,Dielectric study of polystyrene/polycaprolactone composites prepared by miniemulsion polymerization,True,other,none,True,high,
https://openalex.org/W2782914637,https://doi.org/10.2174/1385272821666170511165159,2018.0,"Chitosan-Aflatoxins B1, M1 Interaction: A Computational Approach",True,chitosan,qc,False,high,
https://openalex.org/W4319989273,https://doi.org/10.1016/j.jinorgbio.2023.112149,2023.0,"Photophysical, photobiological, and biomolecule-binding properties of new tri-cationic meso-tri(2-thienyl)corroles with Pt(II) and Pd(II) polypyridyl derivatives",False,none,docking,True,high,
https://openalex.org/W4393857827,https://doi.org/10.1016/j.corsci.2024.112037,2024.0,Dramatic improvement in corrosion inhibition effect of carboxymethyl cellulose by modified with levodopa: Experimental study and first-principles calculations,,,,,low,
https://openalex.org/W4212946115,https://doi.org/10.1021/acssuschemeng.1c06377,2022.0,Switchable Solvents for the Reversible Dissolution of Poly(3-hydroxybutyrate),True,pha,solubility,True,high,
https://openalex.org/W1966532281,https://doi.org/10.1021/ja0425886,2005.0,Protein Boson Peak Originated from Hydration-Related Multiple Minima Energy Landscape,False,protein,md,False,high,
https://openalex.org/W2782425443,https://doi.org/10.1039/c7cp07195g,2018.0,Relationship between lignocellulosic biomass dissolution and physicochemical properties of ionic liquids composed of 3-methylimidazolium cations and carboxylate anions,True,other_polysaccharide,md,True,high,
https://openalex.org/W2215246495,https://doi.org/10.1039/c5fd00132c,2015.0,Chiral self-assembly of helical particles,True,other,md,False,medium,
https://openalex.org/W4402779087,https://doi.org/10.1039/d4cp02001d,2024.0,Perspectives on solution-based small angle X-ray scattering for protein and biological macromolecule structural biology,False,protein,md,False,medium,
https://openalex.org/W2025248837,https://doi.org/10.1002/bip.21458,2010.0,Computational approaches to therapeutic peptide discovery,False,protein,ml,False,high,
https://openalex.org/W3112574555,https://doi.org/10.1002/chem.202005228,2020.0,Systematic Structural Characterization of Chitooligosaccharides Enabled by Automated Glycan Assembly,True,chitosan,md,True,high,
https://openalex.org/W1991217231,https://doi.org/10.1016/j.jmr.2007.03.022,2007.0,Determination of the 19F NMR chemical shielding tensor and crystal structure of 5-fluoro-dl-tryptophan,False,none,qc,True,high,
https://openalex.org/W2156352678,https://doi.org/10.1002/bip.21006,2008.0,Folding propensity and biological activity of peptides: The effect of a single stereochemical isomerization on the conformational properties of bombinins in aqueous solution,False,protein,md,True,high,
https://openalex.org/W7110907268,https://doi.org/10.5281/zenodo.17864170,2025.0,Bridging the gap between molecular dynamics simulations and 'Flash DSC' measurements of a highly crystalline biodegradable polymer,,,,,low,
https://openalex.org/W3150777274,,2020.0,Molecular Simulation of Biopolymers: Application to Bacterial Chromosome and Biomaterials,True,protein,md,True,medium,
https://openalex.org/W1978472179,https://doi.org/10.1016/0921-4526(96)00257-8,1996.0,Neutron studies of the dynamics of biological water,,,,,low,
https://openalex.org/W7127883817,https://doi.org/10.5281/zenodo.18506932,2026.0,Bridging the gap between molecular dynamics simulations and 'Flash DSC' measurements of a highly crystalline biodegradable polymer,True,pha,md,True,high,
https://openalex.org/W2011161184,https://doi.org/10.1002/btpr.189,2009.0,Theoretical design of bioinspired macromolecular electrets based on anthranilamide derivatives,True,protein,qc,False,high,
https://openalex.org/W2790147836,https://doi.org/10.1016/j.molstruc.2018.03.047,2018.0,A vibrational study of inulin by means of experimental and theoretical methods,True,other_polysaccharide,qc,True,high,
https://openalex.org/W3136828651,https://doi.org/10.3390/app11062820,2021.0,Decomposition Factor Analysis Based on Virtual Experiments throughout Bayesian Optimization for Compost-Degradable Polymers,True,other,ml,True,medium,
https://openalex.org/W3203293311,https://doi.org/10.1016/j.jclepro.2021.129182,2021.0,Enhanced sludge dewaterability via ozonation catalyzed by sludge derived biochar loaded with MnFe2O4: Performance and mechanism investigation,,,,,low,
https://openalex.org/W4411254873,https://doi.org/10.1002/adhm.202500271,2025.0,Advanced Oral Delivery Systems for Nutraceuticals,True,other,none,False,medium,
https://openalex.org/W7110779423,https://doi.org/10.5281/zenodo.17864171,2025.0,Bridging the gap between molecular dynamics simulations and 'Flash DSC' measurements of a highly crystalline biodegradable polymer,,,,,low,
https://openalex.org/W2005155696,https://doi.org/10.1002/bip.360240204,1985.0,Determinations of atomic partial charges for nucleic acid constituents from x‐ray diffraction data. I. 2′‐Deoxycytidine‐5′‐monophosphate,False,nucleic_acid,qc,True,high,
https://openalex.org/W1967839908,https://doi.org/10.1080/1023666x.2014.864461,2013.0,Thymopentin Magnetic Molecularly Imprinted Polymers with Room Temperature Ionic Liquids as a Functional Monomer by Surface-Initiated ATRP,True,other,md,True,medium,
https://openalex.org/W7128033331,https://doi.org/10.5281/zenodo.18506931,2026.0,Bridging the gap between molecular dynamics simulations and 'Flash DSC' measurements of a highly crystalline biodegradable polymer,True,pha,md,True,high,
https://openalex.org/W4388195562,https://doi.org/10.1016/j.carbpol.2023.121520,2023.0,Functional magnetic alginate/gelatin sponge-based flexible sensor with multi-mode response and discrimination detection properties for human motion monitoring,True,alginate,none,True,high,
https://openalex.org/W1794550686,https://doi.org/10.1039/c5sm00837a,2015.0,"Effects of excluded volume and hydrodynamic interaction on the deformation, orientation and motion of ring polymers in shear flow",True,other,md,False,high,
https://openalex.org/W4390612144,https://doi.org/10.1039/d3nr04029a,2024.0,Ion transport mechanisms in pectin-containing EC–LiTFSI electrolytes,True,pectin,md,False,high,
https://openalex.org/W1985436680,https://doi.org/10.1016/j.jphotobiol.2015.03.010,2015.0,Biological assessment of neonicotinoids imidacloprid and its major metabolites for potentially human health using globular proteins as a model,False,protein,md,True,high,
https://openalex.org/W7167632591,https://doi.org/10.3390/f17060727,2026.0,A Review of Intelligent Identification Technologies for the Collection of Tree-Derived Bio-Based Polymer Materials: Multimodal Perception and Machine Learning Methods,True,other,ml,False,medium,
https://openalex.org/W1995558067,https://doi.org/10.1021/jf9022146,2009.0,Dissolution Mechanism of Crystalline Cellulose in H3PO4As Assessed by High-Field NMR Spectroscopy and Fast Field Cycling NMR Relaxometry,True,cellulose,none,True,high,
https://openalex.org/W3178495771,https://doi.org/10.3390/polym13142275,2021.0,"Preparation, Characterization, and Evaluation of Macrocrystalline and Nanocrystalline Cellulose as Potential Corrosion Inhibitors for SS316 Alloy during Acid Pickling Process: Experimental and Computational Methods",True,cellulose,qc,True,high,
https://openalex.org/W2165781781,https://doi.org/10.1098/rsif.2010.0318,2010.0,Polarization at metal–biomolecular interfaces in solution,True,protein,md,False,high,
https://openalex.org/W2015162181,https://doi.org/10.1002/adfm.201404372,2015.0,Triggering Mechanism for DNA Electrical Conductivity: Reversible Electron Transfer between DNA and Iron Oxide Nanoparticles,True,nucleic_acid,qc,True,high,
https://openalex.org/W4401323293,https://doi.org/10.1021/jacs.4c04740,2024.0,Highly Selective O -Phenylene Bisurea Catalysts for ROP: Stabilization of Oxyanion Transition State by a Semiflexible Hydrogen Bond Pocket,True,other,qc,True,high,
https://openalex.org/W2803802824,https://doi.org/10.1016/j.molliq.2018.05.077,2018.0,Multi experimental and computational studies for DNA and HSA interaction of new nano-scale ultrasound-assisted synthesized Pd(II) complex as a potent anticancer drug,False,none,docking,True,high,
https://openalex.org/W4353050239,https://doi.org/10.1016/j.cej.2023.142575,2023.0,One-pot production of 5-methylfurfural (5-MF) and enhanced dewaterability of waste activated sludge by hydrothermal treatment with natural deep eutectic solvents (NADES): Experimental and theoretical studies,,,,,low,
https://openalex.org/W4416952773,https://doi.org/10.2139/ssrn.5853590,2025.0,Grow up together with Chinese Molecular dynamics simulation and NMR for studying biomacromolecules,,,,,low,
https://openalex.org/W4366438863,https://doi.org/10.1021/acssuschemeng.3c00003,2023.0,Effects of Different Isomers of Thiophenedicarboxylic Acids on the Synthesis and Properties of Thiophene-Based Sustainable Polyesters,True,other,molecular_modelling,True,high,
https://openalex.org/W2910475826,https://doi.org/10.1371/journal.pone.0209492,2019.0,Energy landscape for the insertion of amphiphilic nanoparticles into lipid membranes: A computational study,False,none,md,False,high,
https://openalex.org/W4376506755,https://doi.org/10.1016/j.ijbiomac.2023.124780,2023.0,"Highly stretchable, tough and conductive chitin nanofiber composite hydrogel as a wearable sensor",True,other_polysaccharide,none,True,high,
https://openalex.org/W4383215454,https://doi.org/10.1016/j.pmatsci.2023.101130,2023.0,Universal properties of relaxation and diffusion in complex materials: Originating from fundamental physics with rich applications,False,none,none,True,medium,
https://openalex.org/W4394617581,https://doi.org/10.1016/j.jece.2024.112745,2024.0,"Ambient-dried, scalable and biodegradable cellulose nanofibers aerogel for oil-spill cleanup",,,,,low,
https://openalex.org/W1984139612,https://doi.org/10.1063/1.1609197,2003.0,A constrained maximum entropy method in polymer statistics,True,other,md,False,medium,
https://openalex.org/W2060092486,https://doi.org/10.1016/s0006-3495(00)76574-x,2000.0,Structure and Dynamics of K Channel Pore-Lining Helices: A Comparative Simulation Study,False,protein,md,False,high,
https://openalex.org/W7128422529,https://doi.org/10.1007/s10853-026-12302-0,2026.0,"Review: solvent systems in electrospinning—polymer compatibility, toxicological risks, and environmental considerations",,,,,low,
https://openalex.org/W2009985304,https://doi.org/10.1021/bm5011382,2014.0,Effect of Surface Modification and Macrophage Phenotype on Particle Internalization,True,other,qsar,True,medium,
https://openalex.org/W4403144308,https://doi.org/10.1016/j.omtn.2024.102351,2024.0,Mechanistic insights into ASO-RNA complexation: Advancing antisense oligonucleotide design strategies,False,nucleic_acid,md,False,high,
https://openalex.org/W2036140803,https://doi.org/10.1016/j.carbpol.2013.09.043,2013.0,Acylation of cellulose in a novel solvent system: Solution of dibenzyldimethylammonium fluoride in DMSO,True,cellulose,md,True,high,
https://openalex.org/W4411364902,https://doi.org/10.1021/acsfoodscitech.5c00403,2025.0,Sustainable Food Production and Valorization of Food and Agricultural Waste: Recent Advances and Future Prospects,False,none,none,False,low,
https://openalex.org/W3096430435,https://doi.org/10.1016/j.foodchem.2020.128516,2020.0,Potential ability of different types of cyclodextrins to modulate the interaction between bovine serum albumin and 1-hydroxypyrene,False,other_polysaccharide,docking,True,medium,
https://openalex.org/W7128784271,https://doi.org/10.1016/b978-0-443-40453-5.00007-1,2026.0,Biopolymers,,,,,low,
https://openalex.org/W2081408512,https://doi.org/10.1063/1.2046609,2005.0,Mechanical unfolding of ubiquitin molecules,False,protein,md,False,high,
https://openalex.org/W4399430675,https://doi.org/10.1039/bk9781837673377-00235,2024.0,Elementary Processes of Molecular Dynamics in Aqueous Biopolymer Systems,False,protein,md,True,medium,
https://openalex.org/W2318699781,https://doi.org/10.1021/jp411488a,2014.0,"Cα–H Carries Information of a Hydrogen Bond Involving the Geminal Hydroxyl Group: A Case Study with a Hydrogen-Bonded Complex of 1,1,1,3,3,3-Hexafluoro-2-propanol and Tertiary Amines",False,none,qc,True,high,
https://openalex.org/W1953665561,https://doi.org/10.1007/978-3-642-28554-7,2014.0,Computational methods to study the structure and dynamics of biomolecules and biomolecular processes : from bioinformatics to molecular quantum mechanics,,,,,low,
https://openalex.org/W2304723371,,2013.0,Molecular Simulation of Biopolymers : Optimization of Natural Cellulose Crystallites,,,,,low,
https://openalex.org/W2349706276,,2011.0,Three Dimensional Reconstruction from Cryoelectron Tomography of Biomacromolecules and Molecular Simulation Techniques,False,protein,md,False,medium,
https://openalex.org/W4409076504,https://doi.org/10.26434/chemrxiv-2025-4rq77,2025.0,Bayesian Optimization of Biodegradable Polymers via Machine Learning Driven Features from Low-Field NMR Data,True,pla,ml,True,high,
https://openalex.org/W7204805624,https://doi.org/10.17983/173969,2013.0,Molecular Simulation of Biopolymers : Optimization of Natural Cellulose Crystallites,,,,,low,
https://openalex.org/W4413286299,https://doi.org/10.9734/ejnfs/2025/v17i81815,2025.0,Smart and Sustainable: Review of AI-Driven Approaches in Biodegradable Food Packaging Systems,True,other,ml,False,high,
https://openalex.org/W3196398055,https://doi.org/10.1016/j.foodhyd.2021.107159,2021.0,Enhanced foaming properties of lactoferrin by forming functional complexes with ginsenoside Re and Rb1,True,protein,docking,True,high,
https://openalex.org/W4399428721,https://doi.org/10.1039/bk9781837671915-00235,2024.0,Elementary Processes of Molecular Dynamics in Aqueous Biopolymer Systems,False,protein,md,True,medium,
https://openalex.org/W2091668866,https://doi.org/10.1007/s00894-008-0343-7,2008.0,Continuous metadynamics in essential coordinates as a tool for free energy modelling of conformational changes,False,protein,md,False,high,
https://openalex.org/W7164167439,https://doi.org/10.5281/zenodo.20624758,2026.0,A Review on Biodegradable Polymer-Based Drug Delivery Systems,True,chitosan,none,False,medium,
https://openalex.org/W7204115211,https://doi.org/10.1002/jctb.70256,2026.0,Circular bioeconomy using artificial intelligence: valorizing agri‐food waste into sustainable bioplastics,True,pha,ml,False,medium,
https://openalex.org/W7164164221,https://doi.org/10.5281/zenodo.20624759,2026.0,A Review on Biodegradable Polymer-Based Drug Delivery Systems,True,chitosan,none,False,medium,
https://openalex.org/W4415615509,https://doi.org/10.1021/acs.macromol.5c01166,2025.0,Atomistic Polymer Modeling: Recent Advances and Challenges in Building and Parametrization Workflows,True,other,md,False,high,
https://openalex.org/W4409813190,https://doi.org/10.21203/rs.3.rs-6364337/v1,2025.0,Bayesian Optimization of Biodegradable Polymers via Machine Learning Driven Features from Low-Field NMR Data,True,pla,ml,True,high,
https://openalex.org/W2041334380,https://doi.org/10.1016/j.bpj.2013.02.049,2013.0,Substrate Dynamics in Enzyme Action: Rotations of Monosaccharide Subunits in the Binding Groove are Essential for Pectin Methylesterase Processivity,False,pectin,md,False,high,
https://openalex.org/W2972630443,https://doi.org/10.3390/molecules24183365,2019.0,Development and Validation of a Virtual Gelatin Model Using Molecular Modeling Computational Tools,True,protein,md,False,high,
https://openalex.org/W4310704855,https://doi.org/10.1016/j.sbi.2022.102501,2022.0,Structural ensembles of disordered proteins from hierarchical chain growth and simulation,False,protein,md,False,high,
https://openalex.org/W2404486324,https://doi.org/10.1016/j.bpj.2016.04.013,2016.0,SAXS/SANS on Supercharged Proteins Reveals Residue-Specific Modifications of the Hydration Shell,False,protein,md,True,high,
https://openalex.org/W2059075763,https://doi.org/10.1140/epje/i2013-13053-8,2013.0,Structure and mechanism of maximum stability of isolated alpha-helical protein domains at a critical length scale,False,protein,md,False,high,
https://openalex.org/W2605321426,,2013.0,Micro fabrication of biodegradable polymer drug delivery devices,True,pla,solubility,True,high,
https://openalex.org/W2119315537,https://doi.org/10.1021/ct3006387,2012.0,Multiscale Coarse-Graining via Normal Mode Analysis,False,protein,md,False,high,
https://openalex.org/W4409209662,https://doi.org/10.1002/smll.202412538,2025.0,Cellulose Gels: Functional Design and Promising Smart Applications,True,cellulose,none,False,high,
https://openalex.org/W2022459858,https://doi.org/10.1080/01496395.2014.980001,2015.0,Superparamagnetic Molecularly Imprinting Polymers for Adsorbent and Separation Pentapeptides by Surface ATRP,True,other,md,True,medium,
https://openalex.org/W4225015865,https://doi.org/10.3390/jfb13020048,2022.0,Functionalized Graphene Oxide with Chitosan for Dopamine Biosensing,True,chitosan,qc,True,high,
https://openalex.org/W4400955396,https://doi.org/10.1007/s12274-024-6831-y,2024.0,"Biodegradable, strong, and clear wood package for plastic alternative",True,cellulose,md,True,high,
https://openalex.org/W3192376587,https://doi.org/10.1021/acsnano.0c07740,2021.0,"All-Optical Wide-Field Selective Imaging of Fluorescent Nanodiamonds in Cells, In Vivo and Ex Vivo",False,none,none,True,high,
https://openalex.org/W7201936080,,2023.0,Understanding Green Plasticizers for Machine Learning Assisted Discovery in Cellulose Bioplastics.,True,cellulose,ml,False,medium,
https://openalex.org/W4400040426,https://doi.org/10.37493/2307-910x.2023.4.14,2023.0,Computer quantum-chemical simulation of the interaction of calcium carbonate with biopolymers,True,other_polysaccharide,qc,False,high,
https://openalex.org/W4234464199,https://doi.org/10.26434/chemrxiv.13207967,2020.0,Ab Initio Molecular Dynamics Simulation of Zinc metalloproteins with Enhanced Self-Organizing Incremental High Dimensional Neural Network,False,protein,md,False,high,
https://openalex.org/W2899471775,https://doi.org/10.1039/c8ob02182a,2018.0,RNA-based boronate internucleosidic linkages: an entry into reversible templated ligation and loop formation,False,nucleic_acid,md,True,high,
https://openalex.org/W3135653503,https://doi.org/10.1021/acs.nanolett.0c05142,2021.0,DNA Knot Malleability in Single-Digit Nanopores,False,nucleic_acid,md,True,high,
https://openalex.org/W2744304094,https://doi.org/10.1002/pro.3268,2017.0,Visualizing correlated motion with HDBSCAN clustering,False,protein,md,False,high,
https://openalex.org/W3113018336,https://doi.org/10.26434/chemrxiv.13207967.v1,2020.0,Ab Initio Molecular Dynamics Simulation of Zinc metalloproteins with Enhanced Self-Organizing Incremental High Dimensional Neural Network,False,protein,md,False,high,
https://openalex.org/W4414785797,https://doi.org/10.1016/j.matchemphys.2025.131639,2025.0,"Smart and green corrosion inhibitors: Mechanisms, computational tools, and sustainable protection strategies",,,,,low,
https://openalex.org/W2043926629,https://doi.org/10.1063/1.1586914,2003.0,Conformational distribution functions extracted from residual dipolar couplings: A hybrid model based on maximum entropy and molecular field theory,False,none,md,False,high,
https://openalex.org/W4406081653,https://doi.org/10.1002/adhm.202404911,2025.0,Silicene‐Based Quantum Dots Nanocomposite Coated Functional UV Protected Textiles With Antibacterial and Antioxidant Properties: A Versatile Solution for Healthcare and Everyday Protection,True,cellulose,md,True,high,
https://openalex.org/W4409160310,https://doi.org/10.1080/87559129.2025.2482150,2025.0,"The State-of-the-Art on Exploring Polysaccharide-Protein Interactions and Its Mechanisms, Stability, and Their Role in Food Systems",True,other_polysaccharide,none,True,medium,
https://openalex.org/W3209968826,https://doi.org/10.3390/polysaccharides2040052,2021.0,Characterization of Cassava Starch and Its Structural Changes Resulting of Thermal Stress by Functionally-Enhanced Derivative Spectroscopy (FEDS),True,starch,qc,True,high,
https://openalex.org/W7164141592,https://doi.org/10.1021/acs.biomac.6c00211,2026.0,Challenges and Vision for Standardization of Biopolymer Data Sets for Machine Learning,True,other,ml,False,high,
https://openalex.org/W2989286859,https://doi.org/10.1007/s11814-019-0379-7,2019.0,Influence of the parameters of chitin deacetylation process on the chitosan obtained from crab shell waste,,,,,low,
https://openalex.org/W2046726741,https://doi.org/10.1371/journal.pone.0106003,2014.0,Molecular Interaction Mechanism between 2-Mercaptobenzimidazole and Copper-Zinc Superoxide Dismutase,False,protein,docking,True,high,
https://openalex.org/W4200031278,https://doi.org/10.1016/j.enzmictec.2021.109979,2021.0,Rational engineering of cofactor specificity of glutamate dehydrogenase for poly-γ-glutamic acid synthesis in Bacillus licheniformis,True,other,md,True,high,
https://openalex.org/W2353803169,,2003.0,The parallel operation on computer simulation of biomacromolecule,False,protein,md,False,medium,
https://openalex.org/W4381308702,https://doi.org/10.1021/acs.biomac.3c00433,2023.0,Self-Supporting Hyaluronic Acid-Functionalized G-Quadruplex-Based Perfusable Multicomponent Hydrogels Embedded in Photo-Cross-Linkable Matrices for Bioapplications,True,other_polysaccharide,md,True,high,
https://openalex.org/W2475907332,https://doi.org/10.1021/bk-2001-0794.ch008,2001.0,Descriptors for Structure—Property Correlation Studies of Odorants,False,protein,qsar,False,medium,
https://openalex.org/W4327729040,https://doi.org/10.1002/app.53880,2023.0,Mechanical properties and structure of injection molded poly(hydroxybutyrate‐co‐hydroxyvalerate)/poly(butylene adipate‐co‐terephthalate) ( PHBV / PBAT ) blends,True,pha,md,True,high,
https://openalex.org/W4293776532,https://doi.org/10.3390/gels8090549,2022.0,Hydrogel Beads of Amidoximated Starch and Chitosan as Efficient Sorbents for Inorganic and Organic Compounds,True,other_polysaccharide,md,True,high,
https://openalex.org/W4408536850,https://doi.org/10.1007/s10562-025-04974-1,2025.0,Comparative In Silico Structural Analysis of PHA Synthases from Industrially Prominent PHA Producers,True,pha,docking,False,high,
https://openalex.org/W4256013443,https://doi.org/10.1002/ange.201406145,2014.0,Exploration of Conformational Spaces of High‐Mannose‐Type Oligosaccharides by an NMR‐Validated Simulation,False,other_polysaccharide,md,True,high,
https://openalex.org/W3153289031,https://doi.org/10.1016/j.csbj.2021.04.019,2021.0,"Automated and semi-automated enhancement, segmentation and tracing of cytoskeletal networks in microscopic images: A review",False,protein,ml,False,high,
https://openalex.org/W3175881849,https://doi.org/10.1021/acs.macromol.1c00834,2021.0,Influence of Side-Chain Length and Relative Rigidities of Backbone and Side Chains on Glass Formation of Branched Polymers,True,other,md,False,high,
https://openalex.org/W4409171866,https://doi.org/10.14569/ijacsa.2025.0160316,2025.0,Bioplastic Thickness Estimation Using Terahertz Time-Domain Spectroscopy and Machine Learning,True,starch,ml,True,high,
https://openalex.org/W2050252708,https://doi.org/10.1080/10942912.2013.853185,2014.0,Comparative Spectroscopic Studies on Curcumin Stabilization by Association to Bovine Serum Albumin and Casein: A Perspective on Drug-Delivery Application,False,protein,docking,True,high,
https://openalex.org/W3195629649,,2015.0,Synchrotron X-ray Scattering and Molecular Dynamics Studies on Three-Dimensional Structures of Biomacromolecules,False,nucleic_acid,md,True,high,
https://openalex.org/W2951008949,https://doi.org/10.1002/chin.199410335,1994.0,ChemInform Abstract: Molecular Dynamics in Biopolymers as Studied by Magnetic Resonance,,,,,low,
https://openalex.org/W2583367304,https://doi.org/10.1016/j.bpj.2016.11.845,2017.0,Defect-Guided Transport of Biomacromolecules,,,,,low,
https://openalex.org/W4405808607,https://doi.org/10.3390/ijms26010110,2024.0,"RNA Structure: Past, Future, and Gene Therapy Applications",False,nucleic_acid,ml,False,medium,
https://openalex.org/W4403633139,https://doi.org/10.1016/j.psep.2024.10.083,2024.0,Computational insights into pectin and chitosan-enhanced MOFs: A green pathway for pollutant remediation,,,,,low,
https://openalex.org/W3031101153,https://doi.org/10.1016/j.molliq.2020.113478,2020.0,Salt induced fluffy structured electrospun fibrous matrix,True,other,qc,True,high,
https://openalex.org/W2094671873,https://doi.org/10.1016/j.polymer.2007.03.026,2007.0,The domain structure and mobility of semi-crystalline poly(3-hydroxybutyrate) and poly(3-hydroxybutyrate-co-3-hydroxyvalerate): A solid-state NMR study,,,,,low,
https://openalex.org/W610675618,https://doi.org/10.1007/978-1-4757-3218-4,2000.0,Optimization in computational chemistry and molecular biology : local and global approaches,,,,,low,
https://openalex.org/W4391282476,https://doi.org/10.1007/s11082-023-05978-0,2024.0,"Spectroscopic, Hartree–Fock and DFT study of the molecular structure and electronic properties of functionalized chitosan and chitosan-graphene oxide for electronic applications",True,chitosan,qc,True,high,
https://openalex.org/W3199554132,https://doi.org/10.21577/0100-4042.20170821,2021.0,"CONSTRUÇÃO, OTIMIZAÇÃO E ANCORAGEM MOLECULAR DE SUBSTÂNCIAS BIOATIVAS EM BIOMACROMOLÉCULAS: UM TUTORIAL PRÁTICO",False,none,docking,False,high,
https://openalex.org/W4287447809,https://doi.org/10.1063/5.0099094,2022.0,Protein folding intermediates on the dimensionality reduced landscape with UMAP and native contact likelihood,False,protein,md,False,high,
https://openalex.org/W1985444137,https://doi.org/10.1016/j.colsurfa.2011.03.031,2011.0,A theoretical study of colloidal forces near amphiphilic polymer brushes,,,,,low,
https://openalex.org/W7118022177,https://doi.org/10.56042/ijbb.v63i1.16424,2026.0,"Interaction of 7,8-dihydroxycoumarin with a biopolymer bromelain: Synthesis, spectroscopic and molecular docking insights",False,protein,docking,True,high,
https://openalex.org/W3174236011,,2021.0,Investigation of the Physical and Thermodynamic Properties of Polymer Lactic Acid (PLA) Biodegradable Polymer,True,pla,md,False,high,
https://openalex.org/W4386647538,https://doi.org/10.1016/j.jes.2023.09.004,2023.0,Co-adsorption and selective-adsorption of heavy metals and dyes from aqueous solution by bio-based humus/chitosan hydrogels,True,chitosan,qc,True,high,
https://openalex.org/W1974168595,https://doi.org/10.1002/bip.21122,2008.0,"Influence of the dye presence on the conformational preferences of CREKA, a tumor homing linear pentapeptide",False,protein,md,False,high,
https://openalex.org/W4395702092,https://doi.org/10.1016/j.indcrop.2024.118534,2024.0,"An investigation of modified dialdehyde starch as a highly efficient green corrosion inhibitor for carbon steel in 1 M HCl medium: Synthesis, experimental and theoretical studies",True,starch,qc,True,medium,
https://openalex.org/W4380136971,https://doi.org/10.48550/arxiv.2306.05396,2023.0,Asymmetric periodic boundary conditions for molecular dynamics and coarse-grained simulations of nucleic acids,False,nucleic_acid,md,False,high,
https://openalex.org/W4395059820,https://doi.org/10.61841/turcomat.v10i3.14578,2019.0,ASYMMETRIC PERIODIC BOUNDARY CONDITIONS FOR MOLECULAR DYNAMICS AND COARSE-GRAINED SIMULATIONS OF NUCLEIC ACIDS,False,nucleic_acid,md,False,high,
https://openalex.org/W4407490834,https://doi.org/10.1016/j.ijbiomac.2025.141028,2025.0,"Integrating spectroscopic analysis and theoretical calculations to elucidate the adsorption efficiency and mechanisms of Cd, Pb, and Cu using novel carboxymethyl cellulose/pectin-based hydrogel beads",True,other_polysaccharide,qc,True,high,
https://openalex.org/W4378782113,https://doi.org/10.1073/pnas.2220014120,2023.0,Proximity to criticality predicts surface properties of biomolecular condensates,False,protein,md,False,high,
https://openalex.org/W4401760605,https://doi.org/10.47709/ijmdsa.v3i3.4568,2024.0,3D Printing Techniques: Transforming Manufacturing with Precision and Sustainability,False,none,none,False,low,
https://openalex.org/W2187705968,https://doi.org/10.1021/bi00127a014,1992.0,Uniform nitrogen-15 labeling of a fungal peptide: The structure and dynamics of an alamethicin by nitrogen-15 and proton NMR spectroscopy,False,protein,none,True,high,
https://openalex.org/W2140145408,https://doi.org/10.1093/bioinformatics/btm269,2007.0,StrBioLib: a Java library for development of custom computational structural biology applications,False,protein,ml,False,medium,
https://openalex.org/W2955830588,https://doi.org/10.3390/ijms20133120,2019.0,MPLs-Pred: Predicting Membrane Protein-Ligand Binding Sites Using Hybrid Sequence-Based Features and Ligand-Specific Models,False,protein,ml,False,high,
https://openalex.org/W4404143040,https://doi.org/10.37493/2307-910x.2024.2.4,2024.0,The computer quantum chemical modeling of basic magnesium carbonate stabilized by biopolymers,True,other_polysaccharide,qc,False,high,
https://openalex.org/W1860856129,https://doi.org/10.1063/1.4934667,2015.0,Vibrational solvatochromism. III. Rigorous treatment of the dispersion interaction contribution,False,protein,md,False,high,
https://openalex.org/W4377289835,https://doi.org/10.1038/s41467-023-38539-w,2023.0,"A method for restoring signals and revealing individual macromolecule states in cryo-ET, REST",False,nucleic_acid,ml,False,high,
https://openalex.org/W4390703870,https://doi.org/10.1021/acspolymersau.3c00029,2024.0,Calculating Pairwise Similarity of Polymer Ensembles via Earth Mover’s Distance,True,other,informatics,False,medium,
https://openalex.org/W2914284596,https://doi.org/10.2174/1389203720666190123163907,2019.0,Application of the Monte Carlo Method for the Prediction of Behavior of Peptides,False,protein,molecular_modelling,False,medium,
https://openalex.org/W2266295588,https://doi.org/10.1039/c5cp07385e,2016.0,Biophysical evaluation of protein structural flexibility for ligand biorecognition in solid solution,False,protein,md,True,high,
https://openalex.org/W4410923393,https://doi.org/10.1038/s41467-025-60258-7,2025.0,Charting unknown metabolic reactions by mass spectrometry-resolved stable-isotope tracing metabolomics,False,none,none,True,high,
https://openalex.org/W1968298662,https://doi.org/10.1002/bip.21034,2008.0,Theoretical and experimental study of the complexation of valinomycin with ammonium cation,False,other,qc,True,high,
https://openalex.org/W3083110110,https://doi.org/10.1016/j.carbpol.2020.117038,2020.0,Structural insights in interactions between RNase from Bacillus Intermedius and rhamnogalacturonan I from potato,True,pectin,md,True,high,
https://openalex.org/W2082273127,https://doi.org/10.1016/j.sbi.2013.02.005,2013.0,"Where soft matter meets living matter—protein structure, stability, and folding in the cell",False,protein,md,False,high,
https://openalex.org/W2061820700,https://doi.org/10.1002/bip.21046,2008.0,Acidic‐basic properties of three alanine‐based peptides containing acidic and basic side chains: Comparison between theory and experiment,False,protein,md,True,high,
https://openalex.org/W2029505593,https://doi.org/10.1070/rc1984v053n12abeh003143,1984.0,Free-radical Mechanisms in the Cytotoxic Action of Antitumour Antibiotics,False,none,qc,True,medium,
https://openalex.org/W2138758586,https://doi.org/10.1002/marc.201500036,2015.0,X-Band DNP Hyperpolarization of Viscous Liquids and Polymer Melts,True,other,none,True,high,
https://openalex.org/W3024133016,https://doi.org/10.1016/j.bioorg.2020.103936,2020.0,"Modified pyrazole platinum(II) complex can circumvent albumin and glutathione: Synthesis, structure and cytotoxic activity",False,none,docking,True,high,
https://openalex.org/W3034227768,https://doi.org/10.48550/arxiv.2006.07078,2020.0,TorsionNet: A Reinforcement Learning Approach to Sequential Conformer Search,True,lignin,ml,False,high,
https://openalex.org/W4327913861,https://doi.org/10.1021/acsanm.2c05140,2023.0,Biomimetic Flexible Electronic Materials from Silk Fibroin-MXene Composites Developed via Mussel-Inspired Chemistry as Wearable Pressure Sensors,True,protein,none,True,high,
https://openalex.org/W4295886804,https://doi.org/10.1016/j.jece.2022.108573,2022.0,Systematic solvent screening and selection for polyhydroxyalkanoates (PHBV) recovery from biomass,True,pha,solubility,True,high,
https://openalex.org/W3004198485,https://doi.org/10.1007/978-1-0716-0270-6_14,2020.0,BioMagResBank (BMRB) as a Resource for Structural Biology,False,none,none,False,high,
https://openalex.org/W2764272964,https://doi.org/10.2174/187794680503160223163623,2016.0,Comparison of Experimental and Theoretical Data on the Structural and Electronic Characterization of Chitin and Chitosan,True,chitosan,qc,True,high,
https://openalex.org/W2522109520,,2013.0,Molecular Understanding of the Interaction of Biomacromolecules with Polymers,False,other,md,True,medium,
https://openalex.org/W7118081503,https://doi.org/10.1016/j.rechem.2026.103028,2026.0,"Green synthesis of zinc oxide nanoparticles: Advances, applications, and AI-driven innovations for sustainability",False,none,ml,False,high,
https://openalex.org/W4211060888,https://doi.org/10.1016/j.bpj.2021.11.2789,2022.0,CHARMM-GUI multicomponent assembler for modeling and simulation of complex multicomponent systems,,,,,low,
https://openalex.org/W2083334308,https://doi.org/10.1039/c3mb70249a,2013.0,Thermodynamics of interfacial changes in a protein–protein complex,False,protein,md,False,high,
https://openalex.org/W7160274386,https://doi.org/10.1007/978-3-032-15306-7_12,2026.0,Integrating Artificial Intelligence Aided Vibrational Spectroscopy Applied to Medical Biopolymer Applications,,,,,low,
https://openalex.org/W2897218988,,2003.0,The formation of metal clusters on biopolymers investigated by first principles molecular dynamics,,,,,low,
https://openalex.org/W4412522342,https://doi.org/10.1016/j.ijpharm.2025.125972,2025.0,Advanced biomaterials in immune modulation: The future of regenerative therapies,True,other,none,False,medium,
https://openalex.org/W7124422102,https://doi.org/10.1038/s41428-025-01139-0,2026.0,Interfacial water states and the biocompatibility of biomaterials: The role of intermediate water,,,,,low,
https://openalex.org/W3005204573,https://doi.org/10.1016/j.bbagen.2020.129547,2020.0,The relation between lignin sequence and its 3D structure,True,lignin,md,False,high,
https://openalex.org/W3214129713,https://doi.org/10.3390/foods10112724,2021.0,Water Behavior of Aerogels Obtained from Chemically Modified Potato Starches during Hydration,True,starch,none,True,medium,
https://openalex.org/W2165079041,,2009.0,Probing the structure and function of biopolymer-carbon nanotube hybrids with molecular dynamics,True,nucleic_acid,md,False,high,
https://openalex.org/W7116663310,https://doi.org/10.3390/biomass6010001,2025.0,Bio-Circular Economy and Digitalization: Pathways for Biomass Valorization and Sustainable Biorefineries,False,none,none,False,medium,
https://openalex.org/W3013602991,https://doi.org/10.1021/acs.bioconjchem.0c00020,2020.0,Functionalized Pt(II) and Ir(III) NIR Emitters and Their Covalent Conjugates with Polymer-Based Nanocarriers,True,pla,qc,True,high,
https://openalex.org/W4415753789,https://doi.org/10.1088/2632-2153/ae1a35,2025.0,Inferring spatially varying bending stiffness of biopolymers with deep-learning approach,False,nucleic_acid,ml,False,high,
https://openalex.org/W4402271200,https://doi.org/10.1002/adhm.202401461,2024.0,Integration of Functional Polymers and Biosensors to Enhance Wound Healing,True,other_polysaccharide,ml,False,medium,
https://openalex.org/W2334886217,https://doi.org/10.1166/jnn.2006.455,2006.0,Gliadin Characterization by Sans and Gliadin Nanoparticle Growth Modelization,True,protein,solubility,True,high,
https://openalex.org/W2979462671,https://doi.org/10.1016/j.enmm.2019.100264,2019.0,Rod–shaped Ca–Zn@Chitin composite for fluoride removal studies by adsorption and statistical experiments,True,chitin,qc,True,high,
https://openalex.org/W2885703039,https://doi.org/10.1016/j.jtice.2018.07.004,2018.0,Green approach toward sustainable adhesive: Synthesis and characterization of poly(myrcene sulfone),True,other,solubility,True,high,
https://openalex.org/W4385638949,https://doi.org/10.1111/febs.16924,2023.0,The metagenome‐derived esterase PET40 is highly promiscuous and hydrolyses polyethylene terephthalate ( PET ),True,other,docking,True,high,
https://openalex.org/W4387539983,https://doi.org/10.1021/acssuschemeng.3c04451,2023.0,Copolymers Based on PBS and Polydimethylsiloxane with Improved Properties and Novel Functions: Effect of Molecular Weight of Polydimethylsiloxane,True,other,solubility,True,high,
https://openalex.org/W2024508679,https://doi.org/10.1021/jp8013767,2008.0,A Polarizable Force Field for Computing the Infrared Spectra of the Polypeptide Backbone,True,protein,md,False,high,
https://openalex.org/W4411363105,https://doi.org/10.1101/2025.06.12.659266,2025.0,Inferring Spatially Varying Bending Stiffness of Biopolymers with Deep-Learning Approach,False,nucleic_acid,ml,False,high,
https://openalex.org/W3097180104,https://doi.org/10.1007/s13738-020-02098-4,2020.0,"Preparation, characterization, DNA/BSA interaction and computational binding analyses of a dinuclear, biopotency Pd+2 coordinated with 1,4-phenylenediamine and ethylenediamine as ligands",,,,,low,
https://openalex.org/W2501272420,https://doi.org/10.1016/j.jct.2016.07.051,2016.0,Implicit and explicit solvent models to understand the d(+)-glucose solvation in aqueous protic ionic liquid solution: Volumetric and computational approach,True,other_polysaccharide,qc,True,medium,
https://openalex.org/W4410755796,https://doi.org/10.1021/acsnano.5c04142,2025.0,Decoding Dual-Ion Synergy in AlCl 3 /ZnCl 2 Hydrates: An Atomic “Interaction–Penetration–Dispersion” Mechanism for Ambient Cellulose Valorization,True,cellulose,qc,True,high,
https://openalex.org/W4414302667,https://doi.org/10.1016/j.mtcomm.2025.113821,2025.0,Fabrication and application of polycaprolactone-based composite scaffolds in tissue engineering: A review,True,other,none,False,high,
https://openalex.org/W2000554658,https://doi.org/10.1016/j.jmb.2005.11.058,2005.0,The Solvation Interface is a Determining Factor in Peptide Conformational Preferences,False,protein,md,False,high,
https://openalex.org/W4389371596,https://doi.org/10.1007/s10570-023-05635-5,2023.0,Emerging dissolving strategy of cellulose nanomaterial for flexible electronics sensors in wearable devices: a review,,,,,low,
https://openalex.org/W2358463681,,2010.0,Progress in study on translocation of biomacromolecules through a nanopore,False,nucleic_acid,md,True,medium,
https://openalex.org/W1884246999,https://doi.org/10.1111/j.1742-4658.2011.08440.x,2011.0,Solution structure of a truncated anti‐MUC1 DNA aptamer determined by mesoscale modeling and NMR,False,nucleic_acid,md,True,high,
https://openalex.org/W3127350580,https://doi.org/10.3389/fbioe.2021.633028,2021.0,A High-Efficiency Artificial Synthetic Pathway for 5-Aminovalerate Production From Biobased L-Lysine in Escherichia coli,False,none,md,True,medium,
https://openalex.org/W4318816704,https://doi.org/10.1016/j.ijhydene.2023.01.112,2023.0,Is chitin a promising hydrogen storage material? A thorough quantum mechanical study,,,,,low,
https://openalex.org/W4376891216,https://doi.org/10.3390/molecules28104110,2023.0,Reduced Chitosan as a Strategy for Removing Copper Ions from Water,True,chitosan,md,True,high,
https://openalex.org/W2158969943,https://doi.org/10.1002/masy.200450113,2004.0,Role of hydration in the phase transition of polypeptides investigated by NMR and Raman spectroscopy,True,protein,qc,True,high,
https://openalex.org/W3213173925,https://doi.org/10.1007/s10847-021-01112-3,2021.0,"Lanthanide complexes with polyaminopolycarboxylates as prospective NMR/MRI diagnostic probes: peculiarities of molecular structure, dynamics and paramagnetic properties",False,none,none,False,high,
https://openalex.org/W2341138935,https://doi.org/10.1039/c5cp07754k,2016.0,Biophysical exploration of protein–flavonol recognition: effects of molecular properties and conformational flexibility,False,protein,md,True,high,
https://openalex.org/W4413262963,https://doi.org/10.2139/ssrn.5383439,2025.0,Simultaneous Multimodal and Multitask Strategies for Diverse Biodegradable Polymers Powered by Nmr Data Science,,,,,low,
https://openalex.org/W2108669265,https://doi.org/10.1002/bip.20890,2007.0,From helix–coil transitions to protein folding,False,protein,md,True,high,
https://openalex.org/W2906226230,https://doi.org/10.18063/ijb.v5i1.164,2018.0,Electrohydrodynamic printing process monitoring by microscopic image identification,True,other,ml,True,medium,
https://openalex.org/W4409447234,https://doi.org/10.1021/acs.accounts.5c00120,2025.0,Elucidating the Structure of Melanin and Its Structure–Property Correlation,True,other,ml,False,high,
https://openalex.org/W4281634729,https://doi.org/10.1002/smtd.202200320,2022.0,Probing the Structural Details of Chitin Nanocrystal–Water Interfaces by Three‐Dimensional Atomic Force Microscopy,True,chitin,md,True,high,
https://openalex.org/W7130981095,https://doi.org/10.1007/978-981-95-5807-0_7,2026.0,Polypropylene (PP) Bioplastic with Coir Fibers as a Reinforcement in Concrete Composites Using Artificial Neural Networks,,,,,low,
https://openalex.org/W4400768545,https://doi.org/10.1016/j.psep.2024.07.063,2024.0,Significance of enzymes for the recycling of wasted non-food biomass to value added products: A sustainable stewardship towards the cleaner environment,True,other_polysaccharide,ml,False,medium,
https://openalex.org/W4416892291,https://doi.org/10.1016/j.carbpol.2025.124770,2025.0,Emerging strategies for polysaccharide modification and functional enhancement in food systems,True,other_polysaccharide,none,False,medium,
https://openalex.org/W2890652704,https://doi.org/10.1016/j.carbpol.2018.09.032,2018.0,Comparative molecular dynamic simulation study on the use of chitosan for temperature stabilization of interferon αII,True,chitosan,md,False,high,
https://openalex.org/W4392520701,https://doi.org/10.1061/9780784485347.005,2024.0,The Effect of Biopolymer Pore Fluids on Soil Properties Using Molecular Dynamics Simulations,True,other_polysaccharide,md,False,medium,
https://openalex.org/W2905739273,https://doi.org/10.1021/acsomega.8b02478,2018.0,Development of Organo-Dispersible Graphene Oxide via Pseudo-Surface Modification for Thermally Conductive Green Polymer Composites,True,pha,qc,True,high,
https://openalex.org/W1974794189,https://doi.org/10.1002/bip.21077,2008.0,Influence of charge and size of terminal amino‐acid residues on local conformational states and shape of alanine‐based peptides,False,protein,md,True,high,
https://openalex.org/W4402989791,https://doi.org/10.1515/chem-2024-0090,2024.0,Molecular docking analysis of subtilisin-like alkaline serine protease (SLASP) and laccase with natural biopolymers,True,other_polysaccharide,docking,False,high,
https://openalex.org/W2075537772,https://doi.org/10.1002/pamm.200310002,2003.0,The formation of metal clusters in solution and on biopolymers investigated by first‐principles molecular dynamics,True,nucleic_acid,md,True,high,
https://openalex.org/W7167796838,https://doi.org/10.1080/10426914.2026.2698480,2026.0,Modelling and visualisation of laser micromachining of biopolymers using Fibonacci-inspired neural networks,True,pla,ml,True,high,
https://openalex.org/W2990398581,https://doi.org/10.1080/07391102.2019.1695668,2019.0,Understanding the dual mechanism of bioactive peptides targeting the enzymes involved in Renin Angiotensin System (RAS): An in-silico approach,False,protein,md,False,high,
https://openalex.org/W4395479097,https://doi.org/10.1038/s41598-024-60208-1,2024.0,Novel PLGA-encapsulated-nanopiperine promotes synergistic interaction of p53/PARP-1/Hsp90 axis to combat ALX-induced-hyperglycemia,True,pla,docking,True,high,
https://openalex.org/W4207052383,https://doi.org/10.1021/acsnano.1c04923,2022.0,Predictive Theoretical Framework for Dynamic Control of Bioinspired Hybrid Nanoparticle Self-Assembly,True,protein,md,True,high,
https://openalex.org/W4399993034,https://doi.org/10.1016/j.ijbiomac.2024.133430,2024.0,Characterization and properties of phenolic resin doped modified lignin,True,lignin,qc,True,high,
https://openalex.org/W7213746919,https://doi.org/10.1007/s10853-026-13764-y,2026.0,Review: surface degradation and structure–property evolution of biodegradable polymer mulch films,,,,,low,
https://openalex.org/W7153632629,https://doi.org/10.1155/int/2260439,2026.0,Large Language Models in Cellulose Biopolymer Studies: Evaluating ChatGPT and Microsoft Copilot for Information and Reference Accuracy,False,cellulose,generative,False,high,
https://openalex.org/W4410444889,https://doi.org/10.1002/anie.202504347,2025.0,Fine‐Tuned Charge Density of Pt Single‐Atom Sites for Controllable Hydrodeoxygenation of Lignin,True,lignin,qc,True,high,
https://openalex.org/W4308743454,https://doi.org/10.1016/j.jelechem.2022.116937,2022.0,Application for the porous structure of cellulose separators: Ionic conduction path in lithium-ion battery,,,,,low,
https://openalex.org/W3155458894,https://doi.org/10.1016/j.memsci.2021.119320,2021.0,Long-term fouling evolution of polyvinyl chloride ultrafiltration membranes in a hybrid short-length sedimentation/ ultrafiltration process for drinking water production,True,other,ml,True,high,
https://openalex.org/W1525978891,,2011.0,"Polymer Thermodynamics: Blends, Copolymers and Reversible Polymerization",True,other,none,False,low,
https://openalex.org/W4411056498,https://doi.org/10.1007/s10311-025-01855-2,2025.0,Chemical and microalgal conversion of carbon dioxide into fuels and materials: a review,,,,,low,
https://openalex.org/W1794232736,https://doi.org/10.1039/c5cp04621a,2015.0,Effects of the amino acid sequence on thermal conduction through β-sheet crystals of natural silk protein,True,protein,md,False,high,
https://openalex.org/W2888475355,https://doi.org/10.1016/j.ijbiomac.2018.08.102,2018.0,High concentration solubility and stability of ɛ-poly-l-lysine in an ammonium-based ionic liquid: A suitable media for polypeptide packaging and biomaterial preparation,True,protein,docking,True,high,
https://openalex.org/W3194046426,https://doi.org/10.4274/tjps.galenos.2021.71363,2021.0,Preparation and Characterization of Orlistat Bionanocomposites Using Natural Carriers,True,other_polysaccharide,solubility,True,medium,
https://openalex.org/W4254639546,https://doi.org/10.33263/briac101.734739,2019.0,Molecular properties of polyvinyl alcohol/ sodium alginate composite,True,alginate,qc,False,high,
https://openalex.org/W4409993971,https://doi.org/10.1016/j.plana.2025.100156,2025.0,Nanoparticle-facilitated targeted nutrient delivery in plants: Breakthroughs and mechanistic insights,True,chitosan,none,False,medium,
https://openalex.org/W7213346042,https://doi.org/10.5281/zenodo.22753289,2026.0,Computational Structural Models and Molecular Dynamics Data for Biopolymer-Rigidity-Controlled Drug Release,True,protein,md,False,high,
https://openalex.org/W7213284783,https://doi.org/10.5281/zenodo.22753288,2026.0,Computational Structural Models and Molecular Dynamics Data for Biopolymer-Rigidity-Controlled Drug Release,True,protein,md,False,high,
https://openalex.org/W2946039419,https://doi.org/10.1021/acsapm.9b00089,2019.0,Experimental and Predictive Description of the Morphology of Wet-Spun Fibers,True,other,solubility,True,medium,
https://openalex.org/W3197365879,https://doi.org/10.1021/acsinfecdis.1c00063,2021.0,"Docusate-Based Ionic Liquids of Anthelmintic Benzimidazoles Show Improved Pharmaceutical Processability, Lipid Solubility, and in Vitro Activity against Cryptococcus neoformans",False,none,docking,True,high,
https://openalex.org/W2966214817,https://doi.org/10.1039/9781788016483-00001,2019.0,Applications of NMR in Polymer Characterization – An Introduction,True,other,none,True,medium,
https://openalex.org/W4403303767,https://doi.org/10.1016/j.molstruc.2024.140345,2024.0,A cobalt coordination complex binds on a unique binding site between domain-I and domain-III of serum albumin,,,,,low,
https://openalex.org/W2593432397,https://doi.org/10.1039/c6cp07669f,2017.0,On the coupling between the dynamics of protein and water,False,protein,md,False,high,
https://openalex.org/W2766744455,https://doi.org/10.1021/acs.iecr.7b01583,2017.0,Multifaceted Analysis of the Noncovalent Interactions of Myoglobin with Finely Tuned Gemini Surfactants: A Comparative Study,False,protein,docking,True,high,
https://openalex.org/W7161510874,https://doi.org/10.5281/zenodo.20258647,2025.0,Biodegradable Polymer‑Based Pharmaceutical Packaging and Digital Technology for Waste Circularity: An Integrative Review,True,pla,ml,False,medium,
https://openalex.org/W2037443618,https://doi.org/10.1016/s0021-9673(01)91628-0,1991.0,"Toroidal coil centrifugal partition chromatography, a method for measuring partition coefficients",,,,,low,
https://openalex.org/W7161477821,https://doi.org/10.5281/zenodo.20258646,2025.0,Biodegradable Polymer‑Based Pharmaceutical Packaging and Digital Technology for Waste Circularity: An Integrative Review,True,pla,ml,False,medium,
https://openalex.org/W4321483523,https://doi.org/10.1016/j.bioadv.2023.213353,2023.0,Anisotropic 3D scaffolds for spinal cord guided repair: Current concepts,True,other,none,False,medium,
https://openalex.org/W7119476549,https://doi.org/10.1016/j.ccr.2025.217563,2026.0,Modulating selectivity in polymerization catalysis through noncovalent interactions: insights from experiments and DFT studies,True,other,qc,True,medium,
https://openalex.org/W2088946917,https://doi.org/10.1002/bip.20658,2006.0,Simulation of β‐depsipeptides: The effect of missing hydrogen‐bond donors on their folding equilibria,False,protein,md,True,high,
https://openalex.org/W2061725042,https://doi.org/10.1002/bip.21294,2009.0,Conformational stability of the full‐atom hexameric model of the ClpB chaperone from Escherichia coli,False,protein,md,False,high,
https://openalex.org/W4385202219,https://doi.org/10.3390/polym15143133,2023.0,"Design, Synthesis, and Comparison of PLA-PEG-PLA and PEG-PLA-PEG Copolymers for Curcumin Delivery to Cancer Cells",True,pla,md,True,high,
https://openalex.org/W3186222806,https://doi.org/10.1007/978-3-030-72284-5_19,2021.0,In silico Studies of Biologically Active Molecules,,,,,low,
https://openalex.org/W4309269754,https://doi.org/10.1016/j.jphotochem.2022.114425,2022.0,A comprehensive in vitro exploration into the interaction mechanism of coumarin derivatives with bovine hemoglobin: Spectroscopic and computational methods,,,,,low,
https://openalex.org/W2092007985,https://doi.org/10.1002/bip.20768,2007.0,"Conformational solution studies of the SDS micelle‐bound 11‐28 fragment of two Alzheimer's β‐amyloid variants (E22K and A21G) using CD, NMR, and MD techniques",False,protein,md,True,high,
https://openalex.org/W2006385704,https://doi.org/10.1205/fbp.05008,2006.0,Enhancement of PHB Biosynthesis by Ralstonia Eutropha in Fed-batch Cultures by Neural Filtering and Control1,,,,,low,
https://openalex.org/W4415350758,https://doi.org/10.1590/1980-5373-mr-2025-0142,2025.0,Artificial Intelligence Applied to the Production of Biopolymers with a Sustainability Approach and the Use of the Extended Finite Element Method,True,other,ml,False,medium,
https://openalex.org/W4386569710,https://doi.org/10.1016/j.jhazmat.2023.132513,2023.0,Compound effect and mechanism of oxidative damage induced by nanoplastics and benzo [a] pyrene,False,none,md,True,high,
https://openalex.org/W2415520623,,2010.0,[Application of fragment molecular orbital (FMO) method to biomacromolecules].,False,protein,qc,False,high,
https://openalex.org/W2045086607,https://doi.org/10.4028/www.scientific.net/msf.518.485,2006.0,Quantum Decoherence and Quantum-Holographic Information Processes: From Biomolecules to Biosystems,False,protein,qc,False,medium,
https://openalex.org/W3178304688,https://doi.org/10.3390/polym13142306,2021.0,Lignin-Based Gel Polymer Electrolyte for Cationic Conductivity,True,lignin,qc,True,high,
https://openalex.org/W4407633638,https://doi.org/10.70322/sbe.2025.10001,2025.0,High-Temperature Catalytic Platform Powered by Thermophilic Microorganisms and Thermozymes,False,none,none,False,low,
https://openalex.org/W2991421308,https://doi.org/10.2147/ijn.s224805,2019.0,Design and Synthesis of Gold-Gadolinium-Core-Shell Nanoparticles as Contrast Agent: a Smart Way to Future Nanomaterials for Nanomedicine Applications,True,other,qc,True,medium,
https://openalex.org/W4324094643,https://doi.org/10.3390/polym15061419,2023.0,Exclusive Biosynthesis of Pullulan Using Taguchi’s Approach and Decision Tree Learning Algorithm by a Novel Endophytic Aureobasidium pullulans Strain,True,other_polysaccharide,ml,True,high,
https://openalex.org/W2135434779,https://doi.org/10.1002/bip.20270,2005.0,Characterization and structural role of disulfide bonds in a highly knotted thionin from Pyrularia pubera,False,protein,md,True,high,
https://openalex.org/W2324163927,https://doi.org/10.1021/jp107598m,2010.0,Depletion Effect on Polymers Induced by Small Depleting Spheres,False,other,md,False,medium,
https://openalex.org/W4387936425,https://doi.org/10.2139/ssrn.4612849,2023.0,Machine Learning-Based Analysis and Prediction Model on the Strengthening Mechanism of Biopolymer-Based Soil Treatment,,,,,low,
https://openalex.org/W4416502598,https://doi.org/10.7490/f1000research.1120055.1,2025.0,Molecular dynamics simulations of bacterial and plant-derived nanocelluloses: Impact on the properties of polyhydroxybutyrate biopolymer,True,cellulose,md,False,high,
https://openalex.org/W2607659653,,2017.0,Water content dependent mechanical properties of biopolymer thin films: A molecular dynamics study,,,,,low,
https://openalex.org/W4414826580,https://doi.org/10.1101/2025.10.03.679414,2025.0,RNA sequence design and protein–DNA specificity prediction with NA-MPNN,False,nucleic_acid,ml,False,high,
https://openalex.org/W2092362162,https://doi.org/10.1002/mrc.2788,2011.0,Magnetic resonance analysis of capillary formation reaction front dynamics in alginate gels,True,alginate,none,True,high,
https://openalex.org/W4413001486,https://doi.org/10.1016/j.carbpol.2025.124185,2025.0,Polydopamine-functionalized graphene for stabilizing starch-based 3D networks and synergistically enhancing film properties,True,starch,qc,True,high,
https://openalex.org/W2969760642,https://doi.org/10.20964/2019.10.11,2019.0,Corrosion by Polyaniline/Salicylaldehyde Modified Chitosan in Hydrochloric Acid Solution,True,chitosan,qc,True,high,
https://openalex.org/W2949293298,https://doi.org/10.1021/acs.jpcb.6b13100,2017.0,Collapse Precedes Folding in Denaturant-Dependent Assembly of Ubiquitin,False,protein,md,False,high,
https://openalex.org/W2912926408,,2012.0,Molecular simulation and experimental analysis of heterogeneous systems based on biodegradable polymers: polymer blends and nanocomposites/modelización molecular y análisis experimental de sistemas he,True,pla,md,True,high,
https://openalex.org/W4402973019,https://doi.org/10.2139/ssrn.4972444,2024.0,Insights into the Mechanism Underpinning Composite Molecular Docking During the Self-Assembly of Fucoidan Biopolymers with Peptide Nanofibrils,,,,,low,
https://openalex.org/W4412860392,https://doi.org/10.1080/00194506.2025.2531919,2025.0,Improvement of lactic acid production for bioplastics application using response surface methodology and artificial neural network,True,pla,ml,True,high,
https://openalex.org/W4319300238,https://doi.org/10.21203/rs.3.rs-2539315/v1,2023.0,Insights into interactions of N-ethylpentylone drug with water and biomacromolecules,False,nucleic_acid,docking,True,high,
https://openalex.org/W3204107595,https://doi.org/10.1021/acs.jcim.1c00844,2021.0,Conformational Fluctuations in GTP-Bound K-Ras: A Metadynamics Perspective with Harmonic Linear Discriminant Analysis,False,protein,md,False,high,
https://openalex.org/W4393094469,https://doi.org/10.1007/s10953-024-01369-5,2024.0,Insights into Interactions of N-Ethylpentylone Drug with Water and Biomacromolecules,False,nucleic_acid,docking,True,high,
https://openalex.org/W7211873115,https://doi.org/10.1021/acs.langmuir.6c02916,2026.0,Synergistic Mechanisms of Bio-Based Polymers and Silica Nanoparticles in Foam-Based Biomass Dust Suppression: Experiments and MD Simulations,True,other_polysaccharide,md,True,high,
https://openalex.org/W2021076428,https://doi.org/10.3233/spe-2010-0409,2010.0,Dynamics of a globular protein and its hydration water studied by neutron scattering and MD simulations,False,protein,md,True,high,
https://openalex.org/W4401856125,https://doi.org/10.1093/carcin/bgae059,2024.0,Advanced glycation end products promote the progression of endometrial cancer via activating the RAGE/CHKA/PI3K/AKT signaling pathway,False,none,md,True,high,
https://openalex.org/W2951556526,https://doi.org/10.3389/fpls.2019.00775,2019.0,Systems and Synthetic Biology of Forest Trees: A Bioengineering Paradigm for Woody Biomass Feedstocks,True,lignin,ml,False,medium,
https://openalex.org/W2149602912,https://doi.org/10.4028/www.scientific.net/ast.76.16,2010.0,Molecular Modeling and Experimental Investigation of Hydrolytically Degradable Polymeric Biomaterials,True,pla,md,True,high,
https://openalex.org/W7213539274,https://doi.org/10.1080/10837450.2026.2737199,2026.0,Natural Biodegradable Polymer-Based Microneedles for Controlled Drug Delivery: A Rational Design Framework and Translational Perspectives,True,other,ml,False,medium,
https://openalex.org/W1991722852,https://doi.org/10.1016/j.cbi.2013.07.006,2013.0,"Antioxidant, metal-binding and DNA-damaging properties of flavonolignans: A joint experimental and computational highlight based on 7-O-galloylsilybin",False,none,qc,True,high,
https://openalex.org/W1972174570,https://doi.org/10.3109/00498259109039468,1991.0,Prediction of the reactivities of cyclopenta-polynuclear aromatic hydrocarbons by quantum mechanical methods,False,none,qc,False,high,
https://openalex.org/W1964463823,https://doi.org/10.1002/(sici)1097-0134(199609)26:1<9::aid-prot2>3.0.co;2-e,1996.0,"Structural model of the anti-snake-toxin antibody, Mα2,3",False,protein,md,False,high,
https://openalex.org/W4385310165,https://doi.org/10.1016/j.cclet.2023.108861,2023.0,Key progresses of MOE key laboratory of macromolecular synthesis and functionalization in 2022,,,,,low,
https://openalex.org/W3010771472,https://doi.org/10.1039/d0sm00046a,2020.0,Lipid-specific interactions determine the organization and dynamics of membrane-active peptide melittin,False,none,md,False,high,
https://openalex.org/W3209309534,https://doi.org/10.1002/marc.202100608,2021.0,A Novel Schiff Base‐Modified Dialdehyde Cellulose‐Based Fluorescent Probe for Al3+ and Its Application in Environmental Analysis,True,cellulose,qc,True,high,
https://openalex.org/W4387247565,https://doi.org/10.18845/te.v17i1.6475,2023.0,Prospective of the circular economy in a banana agri-food chain,False,none,ml,False,medium,
https://openalex.org/W4292336547,https://doi.org/10.1016/j.jddst.2022.103671,2022.0,Modeling the effect of physical crosslinking degree of pH and temperature responsive poly(NIPAAm-co-VSA)/alginate IPN hydrogels on drug release behavior,,,,,low,
https://openalex.org/W2767476373,https://doi.org/10.1021/acs.biomac.7b01280,2017.0,Squid Suckerin Biomimetic Peptides Form Amyloid-like Crystals with Robust Mechanical Properties,True,protein,md,True,high,
https://openalex.org/W3117548372,https://doi.org/10.1016/j.ijbiomac.2020.12.165,2020.0,"Preparation of alpha cellulose from sugarcane bagasse and its cationization: Synthesis, characterization, validation and application as wet-end additive",True,cellulose,ml,True,high,
https://openalex.org/W2059850146,https://doi.org/10.1063/1.3224122,2009.0,Transport properties of water at functionalized molecular interfaces,False,protein,md,False,medium,
https://openalex.org/W2733697433,https://doi.org/10.2174/9781681084534117010019,2017.0,Theoretical Models for Biopolymers,True,other_polysaccharide,md,False,medium,
https://openalex.org/W2167383879,https://doi.org/10.1002/bip.21049,2008.0,"The role of weakly polar and H‐bonding interactions in the stabilization of the conformers of FGG, WGG, and YGG; An aqueous phase computational study",False,protein,qc,False,high,
https://openalex.org/W3091773267,https://doi.org/10.1101/2020.10.10.334441,2020.0,Simulation of FUS protein condensates with an adapted coarse-grained model,False,protein,md,False,high,
https://openalex.org/W4213008807,https://doi.org/10.1016/j.molliq.2022.118777,2022.0,Morphological and biophysical insights into the gold nanorods binding interaction of haemoglobin/myoglobin by hybrid spectroscopic approaches with bacterial cytotoxicity evaluation,,,,,low,
https://openalex.org/W4241924907,https://doi.org/10.26226/morressier.5f5f8e69aa777f8ba5bd6174,2020.0,Tuning the processing capacity of plant-based biopolymers with a high-throughput machine learning approach,,,,,low,
https://openalex.org/W4412800568,https://doi.org/10.1021/acs.accounts.5c00346,2025.0,Regulation of the Light Absorption and Photothermal Performance of Melanin-Like Polymers,True,other,ml,True,high,
https://openalex.org/W2000480454,https://doi.org/10.1021/jp057567s,2006.0,Hydrogen Exchange and Hydration Dynamics in Gelatin Gels,True,protein,none,True,medium,
https://openalex.org/W4308992427,https://doi.org/10.1021/acs.jafc.2c04597,2022.0,Interactions between Extracellular DNA and Perfluoroalkyl Acids (PFAAs) Decrease the Bioavailability of PFAAs in Pakchoi (Brassica chinensis L.),False,nucleic_acid,md,True,high,
https://openalex.org/W2091303853,https://doi.org/10.1002/bip.21507,2010.0,Downhill binding energy surface of the barnase–barstar complex,False,protein,md,False,high,
https://openalex.org/W3190158271,https://doi.org/10.3390/molecules26164837,2021.0,"ATR-FTIR-MIR Spectrometry and Pattern Recognition of Bioactive Volatiles in Oily versus Microencapsulated Food Supplements: Authenticity, Quality, and Stability",True,other_polysaccharide,ml,True,medium,
https://openalex.org/W1967242595,https://doi.org/10.1002/bip.21162,2009.0,"Conformational evaluation of labeled C3′‐O‐P‐13CH2‐O‐C4″ phosphonate internucleotide linkage, a phosphodiester isostere",False,nucleic_acid,md,True,high,
https://openalex.org/W2173568906,https://doi.org/10.1016/j.indcrop.2015.08.015,2015.0,Imidazole-catalyzed esterification of cellulose in ionic liquid/molecular solvents: A multi-technique approach to probe effects of the medium,True,cellulose,md,True,high,
https://openalex.org/W7167689133,https://doi.org/10.1201/9781003637158-13,2026.0,Artificial Intelligence and Machine Learning Approach in Sustainable Biomanufacturing,False,none,ml,False,medium,
https://openalex.org/W4381940591,https://doi.org/10.1016/j.ijbiomac.2023.125547,2023.0,"Penicillium citrinum NP4 mediated production, extraction, physicochemical characterization of the melanin, and its anticancer, apoptotic, photoprotection properties",True,other,docking,True,high,
https://openalex.org/W2182063884,https://doi.org/10.1146/annurev.physchem.36.1.159,1985.0,Effects of Electric Fields on Biopolymers,True,other,ml,False,low,
https://openalex.org/W7168347015,https://doi.org/10.1088/2631-8695/ae8747,2026.0,Data-driven multi-objective optimization of 3D-printed biodegradable polymer optical fiber preforms,True,pla,ml,True,high,
https://openalex.org/W2756326126,https://doi.org/10.1021/acscatal.7b01569,2017.0,A Comprehensive Study on Metal Triflate-Promoted Hydrogenolysis of Lactones to Carboxylic Acids: From Synthetic and Mechanistic Perspectives,True,pha,qc,True,high,
https://openalex.org/W2334809200,https://doi.org/10.1021/jp512630s,2015.0,Protein–Protein Interactions Affect Alpha Helix Stability in Crowded Environments,False,protein,md,False,high,
https://openalex.org/W4398172195,https://doi.org/10.1021/acsami.4c03834,2024.0,Oligo-Adenine and Cyanuric Acid Supramolecular DNA-Based Hydrogels Exhibiting Acid-Resistance and Physiological pH-Responsiveness,True,nucleic_acid,md,True,high,
https://openalex.org/W1520498435,https://doi.org/10.1155/2010/284639,2010.0,Dynamics of a globular protein and its hydration water studied by neutron scattering and MD simulations,False,protein,md,True,high,
https://openalex.org/W4200391900,https://doi.org/10.1016/j.sbi.2021.11.010,2021.0,Multiscale simulations of protein and membrane systems,False,none,md,False,high,
https://openalex.org/W1560743866,https://doi.org/10.1007/0-306-48244-4_17,2003.0,Perspectives in Polymer Blend Technology,,,,,low,
https://openalex.org/W4315436627,https://doi.org/10.1002/cbic.202200703,2023.0,Missing Pieces in Structure Puzzles: How Hyperpolarized NMR Spectroscopy Can Complement Structural Biology and Biochemistry,False,none,none,False,high,
https://openalex.org/W3048775499,https://doi.org/10.1016/j.jphotobiol.2020.111990,2020.0,"Nucleic acid binding mechanism of flavone derivative, riviciclib: Structural analysis to unveil anticancer potential",False,nucleic_acid,docking,True,high,
https://openalex.org/W7162865437,https://doi.org/10.1016/j.indcrop.2026.123590,2026.0,"Biopolymer-stabilized essential oil emulsions as dual-action biopesticides: Efficacy against Myzus persicae and Dermacentor reticulatus with insights from molecular docking, molecular dynamics simulations, and phytotoxicity assessment",True,cellulose,md,True,high,
https://openalex.org/W2099793913,https://doi.org/10.1002/bip.20531,2006.0,Solution scattering studies of conformation stability of xylanase XYNII from Trichoderma longibrachiatum,False,protein,molecular_modelling,True,high,
https://openalex.org/W4280581303,https://doi.org/10.1002/cbic.202200248,2022.0,"Bromo‐Substituted Diazenyl‐pyrazolo[1,5‐a]pyrimidin‐2‐amines: Sonogashira Cross‐Coupling Reaction, Photophysical Properties, Bio‐interaction and HSA Light‐Up Sensor",False,none,docking,True,high,
https://openalex.org/W7167889756,https://doi.org/10.1007/s13726-026-01713-0,2026.0,Molecular dynamics insights into essential oil-enriched biopolymer films: structural stability and functional performance for active packaging,,,,,low,
https://openalex.org/W4394894028,https://doi.org/10.1016/j.ijbiomac.2024.131659,2024.0,Insights into heterogeneous surface induced bubble nucleation mechanisms in cellulose reinforced polylactic acid foams,True,cellulose,qc,True,high,
https://openalex.org/W2155610159,,2009.0,COMBINED LATTICE-BOLTZMANN AND MOLECULAR-DYNAMICS SIMULATION OF BIOPOLYMER TRANSLOCATION THROUGH AN ARTIFICIAL NANO-PORE,False,nucleic_acid,md,False,high,
https://openalex.org/W2015851732,https://doi.org/10.1039/c4ra08018a,2014.0,Electrochemistry and molecular modeling of the hemoglobin–benzene interaction with a nanocrystalline mixed metal oxide,False,alginate,docking,True,high,
https://openalex.org/W2318530711,https://doi.org/10.1021/jp2100304,2011.0,Structural Heterogeneity in the Collision Complex between Organic Dyes and Tryptophan in Aqueous Solution,False,none,none,True,high,
https://openalex.org/W3085219488,https://doi.org/10.1103/physreve.102.042602,2020.0,Structure and position-dependent properties of inhomogeneous suspensions of responsive colloids,False,none,molecular_modelling,False,high,
https://openalex.org/W4415291474,https://doi.org/10.1016/j.molliq.2025.128743,2025.0,Molecular dynamics simulation and development of biopolymer electrolyte membrane based on melezitose for energy storage devices,True,other_polysaccharide,md,True,medium,
https://openalex.org/W7170032567,https://doi.org/10.1021/acsomega.5c10279,2026.0,Comparative Evaluation of Machine Learning-Assisted Statistical Modeling of Biopolymer Hydrogel Swelling for Material Optimization,True,alginate,ml,True,high,
https://openalex.org/W2080107963,https://doi.org/10.1088/0022-3727/41/9/095301,2008.0,Single-molecule measurements and dynamical simulations of protein molecules near silicon substrates,False,protein,md,True,high,
https://openalex.org/W4402997488,https://doi.org/10.54517/ps.v5i2.2741,2024.0,Stochastic dynamics mass spectrometric and Fourier transform infrared spectroscopic structural analyses of composite biodegradable plastics,True,other_polysaccharide,qc,True,medium,
https://openalex.org/W4403823217,https://doi.org/10.1007/s11947-024-03642-3,2024.0,Gluten-Based Composite Film for Smart Food Packaging Applications,,,,,low,
https://openalex.org/W4394070484,https://doi.org/10.6084/m9.figshare.23656828,2023.0,Shrinkage prediction and correction in material extrusion of cellulose-chitin biopolymers using neural network regression,True,other_polysaccharide,ml,True,high,
https://openalex.org/W4413336293,https://doi.org/10.1002/smll.202506259,2025.0,Pioneering 3D and 4D Bioprinting Strategies for Advanced Wound Management: From Design to Healing,True,other,none,False,medium,
https://openalex.org/W136155174,https://doi.org/10.1007/978-94-009-7642-9_13,1982.0,13C-NMR Analysis of Essential Oils,,,,,low,
https://openalex.org/W4382777655,https://doi.org/10.1038/s41598-023-37490-6,2023.0,Green solvent mediated extraction of micro- and nano-plastic particles from water,True,pla,md,True,medium,
https://openalex.org/W2001646092,https://doi.org/10.1109/iccis.2010.5518542,2010.0,Inferential estimation of biopolymer (polyester) quality using bootstrap re-sampling neural network technique,True,pha,ml,False,medium,
https://openalex.org/W7130617682,,2026.0,Retrieval Augmented Generation of Literature-derived Polymer Knowledge: The Example of a Biodegradable Polymer Expert System,True,pha,generative,False,high,
https://openalex.org/W2883172937,https://doi.org/10.1039/c8ob01678j,2018.0,Studies on a landscape of perfluoroaromatic-reactive peptides,False,protein,molecular_modelling,True,medium,
https://openalex.org/W7130544725,https://doi.org/10.48550/arxiv.2602.16650,2026.0,Retrieval Augmented Generation of Literature-derived Polymer Knowledge: The Example of a Biodegradable Polymer Expert System,True,pha,generative,False,high,
https://openalex.org/W4404636627,https://doi.org/10.1016/j.carbpol.2024.123054,2024.0,"Insight into the structural, interfacial and functional properties of soybean 11S globulin-debranched starch conjugates through alkaline Maillard reaction",True,starch,docking,True,high,
https://openalex.org/W4283711329,https://doi.org/10.1016/j.colsurfa.2022.129595,2022.0,Insights into catalytic reduction of dyes catalyzed by nanocomposite beads Alginate@Fe3O4: Experimental and DFT study on the mechanism of reduction,,,,,low,
https://openalex.org/W3210402268,https://doi.org/10.1038/s41428-021-00569-w,2021.0,"Computational study of the interaction between natural rubber α-terminal groups and l-quebrachitol, one of the major components of natural rubber",True,other,md,False,high,
https://openalex.org/W4401697083,https://doi.org/10.3390/separations11080250,2024.0,Evaluation of Differences in Solubility in Organic Solvents of Softwood/Hardwood-Based Industrial Kraft Lignins Using Hansen Parameters and FTIR,True,lignin,solubility,True,high,
https://openalex.org/W7135173361,https://doi.org/10.1038/s41529-026-00764-1,2026.0,Time-series profiling of structure–property relationships in biodegradable polymers via NMR-driven data science,True,pha,ml,True,high,
https://openalex.org/W2894917032,https://doi.org/10.1038/s41467-018-06576-5,2018.0,High-performance nanomaterials formed by rigid yet extensible cyclic β-peptide polymers,True,protein,md,True,high,
https://openalex.org/W4400156066,https://doi.org/10.1002/app.55947,2024.0,"A theoretical and experimental study on the degradation mechanism of polyglycolic acid under acidic, neutral, and basic conditions",True,other,qc,True,high,
https://openalex.org/W4411033470,https://doi.org/10.1007/s11220-025-00613-6,2025.0,Sensing of Microplastics Using Advanced Materials: A Comprehensive Review,,,,,low,
https://openalex.org/W2966091569,https://doi.org/10.1016/j.mtcomm.2019.100585,2019.0,"Thermal, nanoindentation and dielectric study of nanocomposites based on poly(propylene furanoate) and various inclusions",True,other,none,True,high,
https://openalex.org/W4414881688,https://doi.org/10.1080/00194506.2025.2566080,2025.0,"Membrane bioreactors for wastewater treatment: advances, fouling control strategies, and integration into the circular economy",False,none,ml,False,medium,
https://openalex.org/W2307558568,,1998.0,Multipole electrostatic methods for protein modeling with reaction field treatment,False,none,md,False,high,
https://openalex.org/W2908416755,https://doi.org/10.1016/j.chemosphere.2018.12.194,2019.0,"Interaction of bisphenol A 3, 4-quinone metabolite with human hemoglobin, human serum albumin and cytochrome c in vitro",False,protein,docking,True,high,
https://openalex.org/W4411033470,https://doi.org/10.1007/s11220-025-00613-6,2025.0,Sensing of Microplastics Using Advanced Materials: A Comprehensive Review,,,,,low,
https://openalex.org/W4390989444,https://doi.org/10.1039/d3cc06137j,2024.0,Structure prediction from spectra amidst dynamical heterogeneity in melanin,True,other,molecular_modelling,False,medium,
https://openalex.org/W7131760686,,2017.0,A study of the interactions of cytotoxic amino acid derivatives of avarone with biomacromolecules,False,nucleic_acid,docking,True,high,
https://openalex.org/W3213024602,https://doi.org/10.1016/j.jinorgbio.2021.111659,2021.0,"Zinc(II) complexes of 3,5–dibromo–salicylaldehyde and α–diimines: Synthesis, characterization and in vitro and in silico biological profile",False,none,docking,True,high,
https://openalex.org/W1988825806,https://doi.org/10.1016/j.chemolab.2005.05.011,2005.0,Proteomic analysis of amniotic fluids using analysis of variance-principal component analysis and fuzzy rule-building expert systems applied to matrix-assisted laser desorption/ionization mass spectrometry,,,,,low,
https://openalex.org/W2090237969,https://doi.org/10.1142/s0219633604001045,2004.0,MFCC-DOWNHILL SIMPLEX METHOD FOR MOLECULAR STRUCTURE OPTIMIZATION,False,none,qc,False,high,
https://openalex.org/W3041065925,https://doi.org/10.1021/acsami.0c08571,2020.0,Co-assembling Polysaccharide Nanocrystals and Nanofibers for Robust Chiral Iridescent Films,True,cellulose,md,True,high,
https://openalex.org/W4225278481,https://doi.org/10.1002/cphc.202200127,2022.0,PHRONESIS: A One‐Shot Approach for Sequential Assignment of Protein Resonances by Ultrafast MAS Solid‐State NMR Spectroscopy,False,protein,ml,True,high,
https://openalex.org/W1997105497,https://doi.org/10.1002/bip.20893,2007.0,Cluster analysis of hydration waters around the active sites of bacterial alanine racemase using a 2‐ns MD simulation,False,protein,md,False,high,
https://openalex.org/W4383621491,https://doi.org/10.1007/s42107-023-00800-4,2023.0,The influence of fines on the hydro-mechanical behavior of sand for sustainable compacted liner and sub-base construction applications,,,,,low,
https://openalex.org/W7204885201,https://doi.org/10.1002/ppap.70246,2026.0,Predicting Cold Atmospheric Plasma‐Induced Wettability Transformations in Biopolymers: A Stacked Ensemble Machine Learning Framework,True,other,ml,False,high,
https://openalex.org/W3205928386,https://doi.org/10.48550/arxiv.2101.11712,2021.0,Predicting the Mechanical Properties of Biopolymer Gels Using Neural Networks Trained on Discrete Fiber Network Data,True,protein,ml,False,high,
https://openalex.org/W7211870588,https://doi.org/10.1016/j.jhazmat.2026.143538,2026.0,"Biodegradable polymer backbone shapes plastisphere assembly, enhancing antibiotic sorption and reshaping aquatic microbial communities",True,pla,qc,True,high,
https://openalex.org/W2114448873,https://doi.org/10.1557/proc-292-199,1992.0,Mechanical Properties of Biopolymer Chains,,,,,low,
https://openalex.org/W4404026447,https://doi.org/10.1016/j.jddst.2024.106377,2024.0,"A new insight into the mechanism of loading of Granisetron, Naltrexone and Risperidone in poly(ortho ester) and poly (lactic-co-glycolic acid) as the controlled release drug delivery systems using a computational molecular approach",,,,,low,
https://openalex.org/W4285049165,https://doi.org/10.1007/978-3-031-07127-0_2,2022.0,Emerging Technologies,,,,,low,
https://openalex.org/W4411348134,https://doi.org/10.1007/978-1-0716-4646-5_9,2025.0,Green Valorization Protocols for Producing Bioplastics from Food Waste,,,,,low,
https://openalex.org/W4406903830,https://doi.org/10.33915/etd.12649,2024.0,Conformational Investigation of Biopolymers through Molecular Dynamics (MD) Simulations and in-Droplet HDX-MS utilizing cVSSI,False,protein,md,True,high,
https://openalex.org/W3175777109,https://doi.org/10.1021/acssuschemeng.1c02492,2021.0,Cellulose Preferentially Dissolved over Xylan in Ionic Liquids through Precise Anion Interaction Regulated by Bulky Cations,True,cellulose,md,True,high,
https://openalex.org/W4408592187,https://doi.org/10.1038/s41467-025-58060-6,2025.0,Multiphasic condensates formed with mono-component of tetrapeptides via phase separation,False,protein,md,True,high,
https://openalex.org/W1975296271,https://doi.org/10.1007/bf01677277,1988.0,Future in biomolecular computation,False,none,md,False,high,
https://openalex.org/W2744576020,,2017.0,Molecular dynamics of flour biopolymers and water during bread making using temperature-controlled 1H NMR,,,,,low,
https://openalex.org/W4309720296,https://doi.org/10.1016/j.colsurfa.2022.130548,2022.0,pH/temperature-responsive salt-tolerant Pickering emulsion formed by PNIPAM-modified chitosan particles,,,,,low,
https://openalex.org/W1965796655,https://doi.org/10.1021/jp3062306,2012.0,On Protein Crowding and Bilayer Bulging in Spontaneous Vesicle Formation,False,none,md,False,high,
https://openalex.org/W7172216761,https://doi.org/10.1016/j.jhazmat.2026.143159,2026.0,Landfill aging enhances chlorinated organophosphate adsorption on microplastics: Mechanistic insights and elevated risks for biodegradable polymers,True,other,qc,True,high,
https://openalex.org/W2549350888,,2014.0,STUDY OF MACHINING PARAMETERS ON NATURAL FIBER PARTICLE REINFORCED POLYMER COMPOSITE MATERIAL,True,other,ml,True,medium,
https://openalex.org/W3177998703,https://doi.org/10.1016/j.arabjc.2021.103325,2021.0,"Theoretical study for determining the type of interactions between a GG block of an alginate chain with metals Cu2+, Mn2+, Ca2+ and Mg2+",True,alginate,qc,False,high,
https://openalex.org/W789094276,https://doi.org/10.13016/m28w2v,2014.0,Jamming effects in glasses and biopolymers,True,other,md,False,medium,
https://openalex.org/W7115614928,,2025.0,Biodegradation and Upcycling of Bioplastics and Paper Waste by Streptomyces microflavus DG19,True,pha,docking,True,high,
https://openalex.org/W7125612913,https://doi.org/10.3390/coatings16020150,2026.0,Recent Progress in Organic Inhibitors for Anticorrosion in Complex Acid Environments,False,none,molecular_modelling,False,medium,
https://openalex.org/W3093434296,https://doi.org/10.1063/4.0000036,2020.0,Anomalous sub-diffusion of water in biosystems: From hydrated protein powders to concentrated protein solution to living cells,False,protein,md,True,high,
https://openalex.org/W7203833589,https://doi.org/10.2139/ssrn.7322258,2026.0,A Deep Neural Network Framework for Prediction of Steady-Shear Flow Behavior in Multicomponent Biopolymer–Surfactant Systems,,,,,low,
https://openalex.org/W4206351191,https://doi.org/10.3390/pharmaceutics14010112,2022.0,"Formulation of Nano/Micro-Carriers Loaded with an Enriched Extract of Coffee Silverskin: Physicochemical Properties, In Vitro Release Mechanism and In Silico Molecular Modeling",True,other_polysaccharide,docking,True,medium,
https://openalex.org/W3217008295,https://doi.org/10.1021/acsbiomaterials.1c00713,2021.0,Oriented Crystallization of Hydroxyapatite in Self-Assembled Peptide Fibrils as a Bonelike Material,True,protein,md,True,high,
https://openalex.org/W2302004315,https://doi.org/10.1007/s00289-016-1646-y,2016.0,Diethylene glycol monobutyl ether adipate as a novel plasticizer for biodegradable polylactide,,,,,low,
https://openalex.org/W4287734266,https://doi.org/10.1016/j.jinorgbio.2022.111942,2022.0,"Copper(II) complexes with 4-(diethylamino)salicylaldehyde and α-diimines: Anticancer, antioxidant, antigenotoxic effects and interaction with DNA and albumins",False,none,docking,True,high,
https://openalex.org/W7166037633,https://doi.org/10.1021/acsanm.6c01622,2026.0,Biopolymer-Templated Titania Film Formation for Nanostructured Coatings Revealed by Machine Learning-Supported Time-Resolved Analysis,True,other_polysaccharide,ml,True,medium,
https://openalex.org/W4400805078,https://doi.org/10.1016/j.compeleceng.2024.109473,2024.0,A method to predict the percentage of biodegradation in polymeric materials,,,,,low,
https://openalex.org/W4414453118,https://doi.org/10.6000/1929-5995.2025.14.15,2025.0,"Biomedical Applications of Polycaprolactone (PCL) Composites: Structure, Properties, and Future Prospects",True,other,none,False,high,
https://openalex.org/W2032962964,https://doi.org/10.1002/bip.20276,2005.0,Structural characterization of human elastin derived peptides containing the GXXP sequence,False,protein,md,False,high,
https://openalex.org/W4388478933,https://doi.org/10.1039/d3bm01138k,2023.0,Covalent drugs based on small molecules and peptides for disease theranostics,False,none,none,False,high,
https://openalex.org/W2046760754,https://doi.org/10.1007/s00289-015-1349-9,2015.0,Molecular modeling study of CO2 plasticization and sorption onto absorbable polyesters,,,,,low,
https://openalex.org/W2131193369,https://doi.org/10.1007/128_2013_453,2013.0,Interconversion of Stereochemically Labile Enantiomers (Enantiomerization),False,none,none,True,medium,
https://openalex.org/W4378172121,https://doi.org/10.1021/acs.jpcb.3c00551,2023.0,"Structural Insight into Groove Binding of Yohimbine with Calf Thymus DNA: A Spectroscopic, Calorimetric, and Computational Approach",False,nucleic_acid,docking,True,high,
https://openalex.org/W2588178786,https://doi.org/10.1007/s00894-017-3257-4,2017.0,The role of weak interactions in lignin polymerization,True,lignin,qc,False,high,
https://openalex.org/W4310169471,https://doi.org/10.1016/j.jcis.2022.11.136,2022.0,Designing sequence-defined peptoids for fibrillar self-assembly and silicification,True,other,md,True,high,
https://openalex.org/W3103989857,https://doi.org/10.1016/j.ijbiomac.2020.11.001,2020.0,A novel mechanism of β-glucosidase stimulation through a monosaccharide binding-induced conformational change,False,none,md,True,high,
https://openalex.org/W4396671422,https://doi.org/10.1021/acs.jpcc.4c01128,2024.0,Efficient Descriptor for Designing High-Performance Cu-Based Catalysts for the Hydrogenation of Dimethyl Oxalate to Methyl Glycolate,False,none,qc,False,high,
https://openalex.org/W3193360181,https://doi.org/10.1016/j.molliq.2021.117234,2021.0,Comparing the interaction of four structurally similar coumarins from Fraxinus Chinensis Roxb. with HSA through multi-spectroscopic and docking studies,False,none,docking,True,low,
https://openalex.org/W4415711903,https://doi.org/10.1016/j.biteb.2025.102385,2025.0,"Phycoremediation of industrial wastewater: Mechanisms, efficiency, and future prospects",,,,,low,
https://openalex.org/W2571217440,https://doi.org/10.1007/s10237-016-0870-6,2017.0,Heterogeneous nanomechanical properties of type I collagen in longitudinal direction,True,protein,md,False,high,
https://openalex.org/W4391576110,https://doi.org/10.3390/su16041365,2024.0,AI Applied to the Circular Economy: An Approach in the Wastewater Sector,False,none,ml,False,high,
https://openalex.org/W2043854841,https://doi.org/10.1093/protein/7.2.221,1994.0,A method for rapidly assessing and refining simple solvent treatments in molecular modelling. Example studies on the antigen-combining loop H2 from FAB fragment McPC603,False,protein,md,False,high,
https://openalex.org/W4319294860,https://doi.org/10.1021/acs.langmuir.2c02878,2023.0,Adsorption and Assembly of Octenyl Succinic Anhydride Starch/Chitosan Electrostatic Complexes at Oil–Water Interface,True,starch,md,True,high,
https://openalex.org/W2070603460,https://doi.org/10.1002/bip.20267,2005.0,Applying the stochastic difference equation to DNA conformational transitions: A study of B–Z and B–A DNA transitions,False,nucleic_acid,md,False,high,
https://openalex.org/W3112772004,https://doi.org/10.26565/2220-637x-2020-34-01,2020.0,Recent advances in theoretical investigation of titanium dioxide nanomaterials. A review,False,none,md,False,high,
https://openalex.org/W4390807582,https://doi.org/10.1016/j.carbpol.2024.121799,2024.0,Elucidation of temperature-induced water structuring on cellulose surfaces for environmental and energy sustainability,True,cellulose,md,False,high,
https://openalex.org/W4412977134,https://doi.org/10.1007/s00170-025-16184-5,2025.0,Exploring abrasive flow finishing media: from research gaps to synthesis methods and evaluation,,,,,low,
https://openalex.org/W4411021900,https://doi.org/10.1016/j.envres.2025.122023,2025.0,Engineered clay-alginate composites for tetracycline removal: Mechanistic insights and sustainable processing,True,alginate,md,True,high,
https://openalex.org/W4397289331,https://doi.org/10.1016/j.padiff.2024.100726,2024.0,Computational and molecular characterization of Chitosan derivatives by means of graph-theoretic parameters,True,chitosan,qsar,False,high,
https://openalex.org/W4210521124,https://doi.org/10.1016/j.jes.2021.11.010,2022.0,Insight into the interaction between trimethoprim and soluble microbial products produced from biological wastewater treatment processes,False,none,qc,True,high,
https://openalex.org/W7132814867,https://doi.org/10.3390/polym18050598,2026.0,Recent Developments in the Mechanical Behavior of Polymer-Based Composites,True,other,ml,False,medium,
https://openalex.org/W2766173088,https://doi.org/10.1002/admi.201700995,2017.0,Interface Strain Induced Hydrophobic Facet Suppression in Cellulose Nanocomposite Embedded with Highly Oxidized Monolayer Graphene Oxide,True,cellulose,md,True,high,
https://openalex.org/W4414498356,https://doi.org/10.1016/j.tifs.2025.105336,2025.0,"AI-integrated bio-nanocomposite food packaging: Sustainable, functional, and intelligent solutions",,,,,low,
https://openalex.org/W7203520756,,2021.0,Mechanical phase transitions in biopolymer networks,True,protein,md,False,high,
https://openalex.org/W3025548619,https://doi.org/10.1021/acs.macromol.0c00252,2020.0,Two Principles for Polymersomes with Ultrahigh Biomacromolecular Loading Efficiencies: Acid-Induced Adsorption and Affinity-Enhanced Attraction,True,other,md,True,high,
https://openalex.org/W7205707577,https://doi.org/10.3390/polym18172145,2026.0,Machine-Learning-Guided Experimental Prioritization of Seaweed-Derived Bioplastic Films Toward an LDPE-like Mechanical Target Using Sparse Literature Data,True,other_polysaccharide,ml,False,high,
https://openalex.org/W2051610536,https://doi.org/10.1016/j.bpj.2014.11.2563,2015.0,Molecular Dynamics Study of the Biodegradation Process of the Biopolymer Poly (LACTIC)/Poly (VINYL) Scaffold for Bone Tissue Engineering,,,,,low,
https://openalex.org/W2088612105,https://doi.org/10.4131/jshpreview.7.1297,1998.0,Pressure Effects on Biopolymers: Facts and Hypotheses.,False,protein,md,True,medium,
https://openalex.org/W2621068199,https://doi.org/10.1021/acssuschemeng.7b00634,2017.0,A Novel Multiblock Copolymer of CO2-Based PPC-mb-PBS: From Simulation to Experiment,True,other,md,True,high,
https://openalex.org/W4412737935,https://doi.org/10.1016/j.polymdegradstab.2025.111582,2025.0,Insight into the foaming behavior and mechanism of chain–extended PBAT nanocellular foams regulated by heterogeneous interfaces,,,,,low,
https://openalex.org/W4399018998,https://doi.org/10.1002/adfm.202406097,2024.0,Artificial Spores as Multi‐Functional Biocatalysts to Perform Biosynthetic Cascades,True,other,qc,True,medium,
https://openalex.org/W4292826185,https://doi.org/10.2142/biophysico.bppb-v19.0028,2022.0,Phase separation by biopolymers: Basics and applications,False,protein,md,False,medium,
https://openalex.org/W4409581001,https://doi.org/10.1109/ojemb.2025.3562382,2025.0,Biomimetic Chitosan-Based Hydrogels for Sustainable Wound Healing With AI/ML Insights,True,chitosan,ml,False,medium,
https://openalex.org/W4298130501,https://doi.org/10.1016/j.optlaseng.2022.107305,2022.0,Micro-tomographic and infrared spectral data mining for breast cancer diagnosis,,,,,low,
https://openalex.org/W3122014139,https://doi.org/10.1021/acssuschemeng.0c06733,2021.0,Lipase-Catalyzed Fully Aliphatic Copolyesters Based on Renewable Isohexide Isomers,True,other,md,True,high,
https://openalex.org/W4311278216,https://doi.org/10.1016/j.molliq.2022.120976,2022.0,The molecular interaction of three haloacetic acids with bovine serum albumin and the underlying mechanisms,,,,,low,
https://openalex.org/W2889999189,https://doi.org/10.1016/j.biochi.2018.08.010,2018.0,Structure basis of the improved sweetness and thermostability of a unique double-sites single-chain sweet-tasting protein monellin (MNEI) mutant,False,protein,docking,True,high,
https://openalex.org/W4392123869,https://doi.org/10.1186/s12985-024-02315-z,2024.0,Green synthesis of MnO2 NPs using Arabic gum: assessing its potential antiviral activity against influenza A/H1N1,False,other_polysaccharide,docking,True,medium,
https://openalex.org/W4288060889,https://doi.org/10.1016/j.ijbiomac.2022.07.179,2022.0,"Degradation of mycotoxins in mixtures by combined proteinous nanobiocatalysts: In silico, in vitro and in vivo",False,protein,docking,True,medium,
https://openalex.org/W2899791448,https://doi.org/10.1080/07391102.2018.1541142,2018.0,Location of multiple binding sites for testo and testo–Pt(II) with tRNA,False,nucleic_acid,docking,True,medium,
https://openalex.org/W1988241071,https://doi.org/10.1002/cplx.21434,2012.0,Protein dynamics: Complex by itself,False,protein,md,False,high,
https://openalex.org/W7168090999,https://doi.org/10.1080/17425247.2026.2702442,2026.0,Bioinspired synthetic strategies for enhanced cell membrane interactions for targeted delivery of biomacromolecules,False,none,none,False,high,
https://openalex.org/W3110641224,https://doi.org/10.1021/acsami.0c16653,2020.0,Acidic Polysaccharides as Green Alternatives for Barite Scale Dissolution,True,alginate,md,True,high,
https://openalex.org/W4280638222,https://doi.org/10.1021/acsnano.1c11272,2022.0,Multilayered Ordered Protein Arrays Self-Assembled from a Mixed Population of Virus-like Particles,True,protein,md,True,high,
https://openalex.org/W3016144585,https://doi.org/10.1101/2020.04.08.031948,2020.0,SweetOrigins: Extracting Evolutionary Information from Glycans,True,other_polysaccharide,ml,False,high,
https://openalex.org/W4412535594,https://doi.org/10.1016/j.ijpharm.2025.125985,2025.0,Design of paclitaxel-loaded PLGA nanoparticles assisted by compatibility modeling,True,pla,solubility,True,high,
https://openalex.org/W4399280395,https://doi.org/10.1007/978-3-031-42022-1_11,2023.0,Computational Protein Binding,,,,,low,
https://openalex.org/W4404839765,https://doi.org/10.1002/anie.202411097,2024.0,Property Prediction of Bio‐Derived Block Copolymer Thermoplastic Elastomers Using Graph Kernel Methods,True,other,ml,False,high,
https://openalex.org/W7161822305,https://doi.org/10.1016/j.memsci.2026.125693,2026.0,Biomacromolecule-regulated monomer diffusion in interfacial polymerization for high-performance nanofiltration membranes,,,,,low,
https://openalex.org/W2808281526,https://doi.org/10.1103/physics.11.59,2018.0,The Dance of Water Molecules around Proteins,False,protein,md,True,high,
https://openalex.org/W7130959843,https://doi.org/10.1016/j.chroma.2026.466838,2026.0,Advances in chromatography for biomacromolecules and bioparticles (2019–2024): Focus on materials and industrial applications,False,none,none,False,high,
https://openalex.org/W4396675237,https://doi.org/10.1002/adma.202312299,2024.0,Accelerated Engineering of ELP‐Based Materials through Hybrid Biomimetic‐De Novo Predictive Molecular Design,True,protein,ml,True,high,
https://openalex.org/W4404815122,https://doi.org/10.1016/j.ijbiomac.2024.138158,2024.0,Sodium alginate and its modified counterpart as sustainable-based corrosion inhibitors for N80 pipeline carbon steel: Experimental and theoretical approach,True,alginate,md,True,high,
https://openalex.org/W2909086392,https://doi.org/10.1021/acs.jpcb.8b09357,2019.0,Rheological Tuning of Entangled Polymer Networks by Transient Cross-links,True,other,md,False,medium,
https://openalex.org/W4391476245,https://doi.org/10.1021/acs.jcim.3c01691,2024.0,Parameterization of General Organic Polymers within the Open Force Field Framework,True,other,md,False,high,
https://openalex.org/W2067185315,https://doi.org/10.1016/0921-4526(92)90037-s,1992.0,The power of quasielectric neutron scattering to probe biophysical systems,,,,,low,
https://openalex.org/W4405217263,https://doi.org/10.1007/s10924-024-03462-8,2024.0,Sustainable Chitosan-Aminated Starch Blends as Innovative Materials for Advanced Optical Applications,,,,,low,
https://openalex.org/W2005630956,https://doi.org/10.1002/bip.20605,2006.0,Synchrotron radiation small angle scattering studies of thermal stability of xylanase XYNII from Trichoderma longibrachiatum,False,protein,molecular_modelling,True,high,
https://openalex.org/W2070815353,https://doi.org/10.1016/j.bpj.2008.12.1508,2009.0,Introducing A Software Package For The Simulation Of Biomacromolecules Using The ABSINTH Implicit Solvation Model,,,,,low,
https://openalex.org/W4399019335,https://doi.org/10.1002/rpm.20240002,2024.0,Challenges and opportunities in piezoelectric polymers: Effect of oriented amorphous fraction in ferroelectric semicrystalline polymers,True,other,md,True,high,
https://openalex.org/W4412506427,https://doi.org/10.1186/s13068-025-02657-y,2025.0,Nitrogen limitation causes a seismic shift in redox state and phosphorylation of proteins implicated in carbon flux and lipidome remodeling in Rhodotorula toruloides,False,none,none,True,high,
https://openalex.org/W7106005043,https://doi.org/10.7939/83469,2025.0,Approaches to the Development and Utilization of Rapeseed Protein-Based Bioplastics for Sustainable Food Packaging Applications,True,protein,ml,True,high,
https://openalex.org/W4385409478,https://doi.org/10.1021/acsanm.3c02233,2023.0,Energy Harvesting Using High-Strength and Flexible 3D-Printed Cellulose/Hexagonal Boron Nitride Nanosheet Composites,True,cellulose,qc,True,high,
https://openalex.org/W2766638174,,2017.0,Exploring Biopolymers by the Fibre Bundle Model,True,other,md,False,medium,
https://openalex.org/W2900616440,https://doi.org/10.1021/acs.chemmater.8b03753,2018.0,"Exploring pH-Responsive, Switchable Crosslinking Mechanisms for Programming Reconfigurable Hydrogels Based on Aminopolysaccharides",True,chitosan,md,False,high,
https://openalex.org/W2902037505,https://doi.org/10.1002/slct.201803000,2018.0,Selective and Green Sulfoxidation in Water using a New Chitosan Supported Mo(VI) Complex as Heterogeneous Catalyst,True,chitosan,qc,True,high,
https://openalex.org/W576630945,,1991.0,Mathematical modeling in chemistry,,,,,low,
https://openalex.org/W2281217631,https://doi.org/10.1002/bip.22800,2015.0,Dual‐drug RGD conjugates provide enhanced cytotoxicity to melanoma and non‐small lung cancer cells,False,protein,md,True,high,
https://openalex.org/W7167818652,https://doi.org/10.1016/j.mtsust.2026.101420,2026.0,Platforms based on gum biopolymers for controlled drug delivery,True,other_polysaccharide,none,False,medium,
https://openalex.org/W4414062590,https://doi.org/10.3390/macromol5030040,2025.0,"Starch Science Advancement: Isolation Techniques, Modification Strategies, and Multifaceted Applications",True,starch,none,False,high,
https://openalex.org/W2085616298,https://doi.org/10.1002/bip.22049,2012.0,UNAC tetraloops: to what extent do they mimic GNRA tetraloops?,False,nucleic_acid,md,True,high,
https://openalex.org/W7203672489,https://doi.org/10.3390/macromol6030063,2026.0,"Bioplastics for a Circular Economy: Feedstocks, Processing, Lifecycle Sustainability, and Pathways to Industrial Scale",True,other,ml,False,medium,
https://openalex.org/W4285735829,https://doi.org/10.1016/j.csbj.2022.07.013,2022.0,3- O -Sulfation induces sequence-specific compact topologies in heparan sulfate that encode a dynamic sulfation code,True,other_polysaccharide,md,False,high,
https://openalex.org/W4403980103,https://doi.org/10.3390/jfb15110326,2024.0,The Impact of Helium and Nitrogen Plasmas on Electrospun Gelatin Nanofiber Scaffolds for Skin Tissue Engineering Applications,True,protein,qc,True,high,
https://openalex.org/W2057987710,https://doi.org/10.1115/nemb2010-13123,2010.0,Divide-and-Conquer Based Adaptive Coarse Grained Simulation of RNA,False,nucleic_acid,md,False,high,
https://openalex.org/W2885068041,https://doi.org/10.1021/acs.jpcb.8b05221,2018.0,Temperature-Induced Collapse of Elastin-like Peptides Studied by 2DIR Spectroscopy,True,protein,md,True,high,
https://openalex.org/W2999806296,https://doi.org/10.1002/mabi.201900421,2020.0,"20 Years of Biopolymers, Biomaterials, and Biomimetics",,,,,low,
https://openalex.org/W2595577365,,2009.0,Three dimensional structure determination of a biopolymer using molecular dynamics and experimental restraints measured in isotropic media and oriented phases,False,protein,md,True,high,
https://openalex.org/W2528784530,https://doi.org/10.1002/app.44485,2016.0,Performance evaluation of sodium alginate–Pebax polyion complex membranes for application in direct methanol fuel cells,True,alginate,md,True,high,
https://openalex.org/W4399676831,https://doi.org/10.1021/acsapm.4c00340,2024.0,Enhanced Flame Retardancy and Mechanical Properties of Polylactic Acid Composites with Phytate-Chelated Nanotitanium Dioxide-Modified Bagasse Cellulose,True,pla,md,True,high,
https://openalex.org/W4403082769,https://doi.org/10.1016/j.cej.2024.156304,2024.0,Innovative microwave and continuous flow synthesis of 5-Hydroxymethylfurfural from Biomass-Derived Resources using Deep eutectic solvents,False,none,md,True,high,
https://openalex.org/W2086753777,https://doi.org/10.1088/0953-8984/17/18/014,2005.0,The influence of conformational fluctuations on enzymatic activity: modelling the functional motion of β-secretase,False,protein,md,False,high,
https://openalex.org/W2087905769,https://doi.org/10.1002/bip.20538,2006.0,Modeling H3 histone N‐terminal tail and linker DNA interactions,False,protein,md,False,high,
https://openalex.org/W7168248719,https://doi.org/10.1016/j.checir.2026.100070,2026.0,Predictive discovery of sustainable biopolymers for circularity by design,True,other,ml,False,medium,
https://openalex.org/W2495250397,https://doi.org/10.1021/bk-2010-1061.ch015,2010.0,Interactions between Biopolymers and Polysiloxanes: A Theoretical Study,True,protein,docking,False,medium,
https://openalex.org/W4404110024,https://doi.org/10.3390/macromol4040047,2024.0,Polysaccharides and Composite Adsorbents in the Spotlight for Effective Agrochemical Residue Removal from Water,True,other_polysaccharide,none,False,medium,
https://openalex.org/W4386602477,https://doi.org/10.3390/ijms241813954,2023.0,Photonics of Some Monomethine Cyanine Dyes in Solutions and in Complexes with Biomolecules,False,nucleic_acid,docking,True,high,
https://openalex.org/W2110192689,https://doi.org/10.1016/j.apgeochem.2007.03.023,2007.0,A stochastic model for the synthesis and degradation of natural organic matter. Part III: Modeling Cu(II) complexation,,,,,low,
https://openalex.org/W7213793001,https://doi.org/10.1007/s12596-026-03285-x,2026.0,Surface plasmon resonance-based gold nanorod–biopolymer hybrid films with machine learning for intelligent heavy metal detection in drinking water,,,,,low,
https://openalex.org/W4388840935,https://doi.org/10.1021/acs.macromol.3c01526,2023.0,Effect of Stiffness on the Dynamics of Entangled Nanofiber Networks at Low Concentrations,True,cellulose,md,False,high,
https://openalex.org/W4406932684,https://doi.org/10.1021/acs.jcim.4c02268,2025.0,EFGs: A Complete and Accurate Implementation of Ertl’s Functional Group Detection Algorithm in RDKit,False,none,informatics,False,high,
https://openalex.org/W7171486694,https://doi.org/10.14459/2026mp1855186,2026.0,Biopolymer-Templated Titania Film Formation for Sustainable Nanostructured Coatings Revealed by Machine Learning-Supported Time-Resolved Analysis,True,other,ml,True,medium,
https://openalex.org/W3209294003,https://doi.org/10.1016/j.jksus.2021.101661,2021.0,Multispectroscopic and molecular modeling strategy to explore the interaction of cholest-5-en-7-one with human serum albumin: DFT and Hirshfeld surface analysis,False,none,qc,True,high,
https://openalex.org/W7126828568,,2023.0,Understanding Processing-Structure-Mechanical Property Relationships in Sustainable Biopolymer-based Composites Using Design of Experiments and Machine Learning,True,other,ml,True,low,
https://openalex.org/W2044405541,https://doi.org/10.1016/j.polymer.2009.06.055,2009.0,A systematic procedure to build a relaxed dense-phase atomistic representation of a complex amorphous polymer using a coarse-grained modeling approach,True,other,md,False,high,
https://openalex.org/W4405877236,https://doi.org/10.1016/j.watres.2024.123069,2024.0,New insight into enhanced permanganate oxidation by lignocellulose-derived biochar: The overlooked role of persistent free radicals,True,lignin,qsar,True,high,
https://openalex.org/W4414780425,https://doi.org/10.1016/j.saa.2025.126953,2025.0,"Synthesis of a triphenylamine-based “ON-OFF” type fluorescent probe: Cu2+ detection, DNA binding studies and theoretical calculations",False,none,qc,True,high,
https://openalex.org/W4229781243,https://doi.org/10.1016/s1351-4180(08)70375-1,2008.0,Carbon dioxide and monoxide used to make biopolymers,,,,,low,
https://openalex.org/W2968317706,https://doi.org/10.1515/zpch-2018-1299,2019.0,Finding Solvent for Polyamide 11 Using a Computer Software,True,other,solubility,False,high,
https://openalex.org/W3139350245,https://doi.org/10.1016/j.jinorgbio.2021.111426,2021.0,Quantum-refinement studies of the bidentate ligand of V‑nitrogenase and the protonation state of CO-inhibited Mo‑nitrogenase,False,none,qc,True,high,
https://openalex.org/W7203511336,,2025.0,Effect of composite elements on the mechanics of biopolymer networks,True,protein,md,False,high,
https://openalex.org/W3172985317,https://doi.org/10.3389/fmolb.2021.682858,2021.0,Structural Basis of the Function of Yariv Reagent—An Important Tool to Study Arabinogalactan Proteins,True,other_polysaccharide,md,False,high,
https://openalex.org/W3181262506,https://doi.org/10.1021/acs.jctc.1c00554,2021.0,Spectrally Resolved Estimation of Water Entropy in the Active Site of Human Carbonic Anhydrase II,False,protein,md,False,high,
https://openalex.org/W7162561975,https://doi.org/10.1016/b978-0-323-99507-8.00066-4,2026.0,Solvent-mediated modulation of biopolymer interactions and aggregation,,,,,low,
https://openalex.org/W2952545346,https://doi.org/10.48550/arxiv.physics/0703086,2007.0,Multiscale modeling of biopolymer translocation through a nanopore,False,nucleic_acid,md,False,medium,
https://openalex.org/W2067614365,https://doi.org/10.1002/bip.20458,2006.0,Phosphorylated and nonphosphorylated epitopes of the La/SSB autoantigen: Comparison of their antigenic and conformational characteristics,False,protein,md,True,high,
https://openalex.org/W2917952902,https://doi.org/10.1063/1.5083891,2019.0,Identification of slow relaxation modes in a protein trimer via positive definite relaxation mode analysis,False,protein,md,False,high,
https://openalex.org/W4384296120,https://doi.org/10.1016/j.apt.2023.104154,2023.0,Enhanced compressive strength of preheated limonite pellets with biomass-derived binders,,,,,low,
https://openalex.org/W2555581906,https://doi.org/10.1109/ceidp.1978.7728223,1978.0,Electric moment autocorrelation function of a model biopolymer,True,protein,md,False,medium,
https://openalex.org/W4321329181,https://doi.org/10.1186/s12958-023-01070-0,2023.0,Can biomarkers identified from the uterine fluid transcriptome be used to establish a noninvasive endometrial receptivity prediction tool? A proof-of-concept study,False,nucleic_acid,ml,True,high,
https://openalex.org/W2539027490,https://doi.org/10.1002/slct.201600603,2016.0,Probe the Binding Mode of Aristololactam‐β‐D‐glucoside to Phenylalanine Transfer RNA in Silico,False,nucleic_acid,md,True,high,
https://openalex.org/W1964321576,https://doi.org/10.1016/j.theochem.2003.08.050,2003.0,Solid state physics of biological macromolecules: the legacy of Albert Szent-Györgyi,,,,,low,
https://openalex.org/W4396568102,https://doi.org/10.1016/j.molliq.2024.124898,2024.0,Evaluation of Modified Asphalt Binders with Soybean Oil-Based Polymers: Preparation Temperature and Rheological Characterization,,,,,low,
https://openalex.org/W4200416809,https://doi.org/10.3390/polym14010013,2021.0,Dissolution of Silk Fibroin in Mixtures of Ionic Liquids and Dimethyl Sulfoxide: On the Relative Importance of Temperature and Binary Solvent Composition,True,protein,md,True,high,
https://openalex.org/W4408069007,https://doi.org/10.1016/j.jwpe.2025.107327,2025.0,"Chitosan-based materials for emerging contaminants removal: Bibliometric analysis, research progress, and directions",,,,,low,
https://openalex.org/W7134134314,https://doi.org/10.1038/s41467-026-70251-3,2026.0,Accelerated discovery of highly active enzyme nanohybrids with parallelized Bayesian optimization in hybrid space,False,none,ml,True,high,
https://openalex.org/W4407196342,https://doi.org/10.1016/j.jece.2025.115703,2025.0,Valorization of extractible soybean by-products for polymer composite and industrial applications,,,,,low,
https://openalex.org/W2114459217,https://doi.org/10.1134/s0006350915050206,2015.0,A relaxation model of ideal folding in a homogenous viscous medium,False,protein,md,False,medium,
https://openalex.org/W1670020134,,2000.0,Semiflexible biopolymers: Microrheology and single filament condensation.,True,other,md,True,medium,
https://openalex.org/W2063328303,https://doi.org/10.1016/0045-2068(82)90007-4,1982.0,The role of the environment around the catalytic triad in β-trypsin: A molecular orbital study,,,,,low,
https://openalex.org/W2541549701,https://doi.org/10.1139/cjc-2016-0296,2016.0,Base sequence specificity of counterion binding to DNA: what can MD simulations tell us?,False,nucleic_acid,md,False,high,
https://openalex.org/W2159142026,https://doi.org/10.1016/j.polymer.2012.04.009,2012.0,"Study of molecular structure and vibrational spectra of poly (β,-l-malic acid) [PMLA] using DFT approach",True,other,qc,True,high,
https://openalex.org/W4404172502,https://doi.org/10.1002/9781394231249.ch9,2024.0,Innovative Techniques for Soil and Water Conservation,False,none,none,False,low,
https://openalex.org/W2760949758,https://doi.org/10.1371/journal.pone.0185888,2017.0,Microsecond time-scale kinetics of transient biochemical reactions,False,protein,none,True,high,
https://openalex.org/W4406235545,https://doi.org/10.1016/j.matt.2024.101941,2025.0,The role of biomolecular building blocks on the cohesion of biomatter plastics,,,,,low,
https://openalex.org/W7166093819,https://doi.org/10.1016/b978-0-443-43964-3.00008-7,2026.0,Industrialization application of biopolymer-based intelligent packaging,,,,,low,
https://openalex.org/W4395053685,https://doi.org/10.1016/j.molliq.2024.124808,2024.0,Unlocking the enormous potential of biological materials: Polymer-assisted foam for enhanced oil recovery in fractured porous media,,,,,low,
https://openalex.org/W2242844688,,2013.0,Mesoscopic Dynamics of Biopolymers and Protein Molecular Machines,False,protein,md,False,high,
https://openalex.org/W2293356684,https://doi.org/10.1021/acs.jpcb.6b00028,2016.0,Reorientation Motion and Preferential Interactions of a Peptide in Denaturants and Osmolyte,False,protein,md,True,high,
https://openalex.org/W7166735846,https://doi.org/10.13005/ojc/420309,2026.0,Molecular Docking-Based Approach to Elucidate the Efficacy and Toxicity of a Synthetic Biopolymer 1-(Carboxyamino) ethyl carbamic Acid for Use as a Coating Material on Cardiac Stents,True,other,docking,False,medium,
https://openalex.org/W4406422007,https://doi.org/10.1094/phyto-12-24-0397-r,2025.0,Inhibitory and Curative Effects and Mode of Action of Hydroxychloroquine on Botrytis cinerea of Tomato,False,none,docking,True,high,
https://openalex.org/W7125514859,https://doi.org/10.2139/ssrn.6121532,2026.0,"Green-Engineered Domperidone Oral Fast Dissolving Film Using Artocarpus heterophyllus Fruit Pulp Biopolymer: Physicochemical, Biopharmaceutical Characterization and Molecular Docking-Driven Interaction Analysis",,,,,low,
https://openalex.org/W3193632605,https://doi.org/10.1016/j.apsusc.2021.150998,2021.0,Structural stability and electronic characteristics of cellulose nanowires on graphene-like systems,,,,,low,
https://openalex.org/W2065162855,https://doi.org/10.1016/s0022-2836(02)01235-4,2002.0,Three-dimensional Structure–Activity Relationship Modeling of Cocaine Binding to Two Monoclonal Antibodies by Comparative Molecular Field Analysis,False,protein,qsar,True,high,
https://openalex.org/W4410463627,https://doi.org/10.1093/pnasnexus/pgaf157,2025.0,Molecular choreography of sludge extracellular polymeric substances—From biomolecule identification to energetics and assembly dynamics,True,other_polysaccharide,md,False,medium,
https://openalex.org/W1889327264,https://doi.org/10.1002/bip.22751,2015.0,A comparison of four different conformations adopted by human telomeric G‐quadruplex using computer simulations,False,nucleic_acid,md,False,high,
https://openalex.org/W4412809076,https://doi.org/10.14233/ajchem.2025.33992,2025.0,Synthesis and DFT Analysis of Thermoplastic Starch Bioplastics: A Sustainable Alternative for Green Packaging,True,starch,qc,True,high,
https://openalex.org/W2857835481,https://doi.org/10.1007/s40011-018-1009-6,2018.0,Preparation and Optimization of Chitosan/pDNA Nanoparticles Using Electrospray,,,,,low,
https://openalex.org/W4413177796,https://doi.org/10.36868/medmater.2024.04.03.103,2024.0,3D TECHNOLOGIES IN THE DEVELOPMENT OF BIOMATERIALS FOR ORTHOPEDICS: EFFICIENCY AND PRECISION IN MODERN SURGERY,True,other,none,False,low,
https://openalex.org/W4292858637,https://doi.org/10.1016/j.matpr.2022.08.163,2022.0,Unravelling the bio-molecular interaction of plant alkaloid Harmane with CT and HT DNA: A bioinformatics outlook,False,nucleic_acid,docking,False,low,
https://openalex.org/W4391527148,https://doi.org/10.1021/acs.jpcb.3c07023,2024.0,Formalizing Coarse-Grained Representations of Anisotropic Interactions at Multimeric Protein Interfaces Using Virtual Sites,False,protein,md,False,high,
https://openalex.org/W1999613565,https://doi.org/10.1002/qua.560440715,1992.0,"The interaction of Na(I), Ca(II), and Mg(II) metal ions with duplex DNA: A theoretical modeling study",False,nucleic_acid,md,False,high,
https://openalex.org/W3087764348,https://doi.org/10.1002/adom.202001039,2020.0,Dye Stabilization and Wavelength Tunability in Lasing Fibers Based on DNA,True,nucleic_acid,qc,True,high,
https://openalex.org/W4320883600,https://doi.org/10.1016/j.arabjc.2023.104676,2023.0,New potential anti-SARS-CoV-2 and anti-cancer therapies of chitosan derivatives and its nanoparticles: Preparation and characterization,True,chitosan,docking,True,high,
https://openalex.org/W1963480235,https://doi.org/10.1371/journal.pone.0074830,2013.0,Atomic-Accuracy Prediction of Protein Loop Structures through an RNA-Inspired Ansatz,False,protein,molecular_modelling,False,high,
https://openalex.org/W4388569488,https://doi.org/10.3390/polym15224374,2023.0,Emerging Robust Polymer Materials for High-Performance Two-Terminal Resistive Switching Memory,True,other,none,False,medium,
https://openalex.org/W4412521132,https://doi.org/10.1016/j.ijbiomac.2025.146121,2025.0,"Effects of morphology and extraction procedures on the chemical, thermal and dielectric properties of ulvan polysaccharides",True,other_polysaccharide,none,True,high,
https://openalex.org/W1964294114,https://doi.org/10.1016/s0020-1693(00)92170-4,1980.0,Solvent organisation in biomacromolecule-water systems: Theoretical approaches via model building and computer simulation,,,,,low,
https://openalex.org/W2533780355,https://doi.org/10.1016/j.carbon.2016.10.061,2016.0,Interfacial Li-ion localization in hierarchical carbon anodes,,,,,low,
https://openalex.org/W4382794664,https://doi.org/10.1021/acsomega.3c03244,2023.0,Hydrogen-Bonding Interactions of 8-Substituted Purine Derivatives,False,nucleic_acid,qc,True,high,
https://openalex.org/W2104919260,https://doi.org/10.1002/bip.21474,2010.0,Characterization of a clinical polymer‐drug conjugate using multiscale modeling,True,other,md,True,high,
https://openalex.org/W2334924359,https://doi.org/10.1021/jp201452g,2011.0,Temperature Dependence of 1HN–1HN Distances in Ubiquitin As Studied by Exact Measurements of NOEs,False,protein,none,True,high,
https://openalex.org/W7161036573,https://doi.org/10.2174/9798898815493126040008,2026.0,Extending Bayesian Classification to Predict Phase Transition in Biopolymer,True,protein,ml,True,medium,
https://openalex.org/W1576797844,https://doi.org/10.48550/arxiv.0710.1272,2007.0,Coupling Lattice Boltzmann with Atomistic Dynamics for the multiscale simulation of nano-biological flows,False,nucleic_acid,md,False,medium,
https://openalex.org/W4400926094,https://doi.org/10.54517/ps.v5i1.2741,2024.0,Stochastic dynamics mass spectrometric and Fourier transform infrared spectroscopic structural analyses of composite biodegradable plastics,True,other_polysaccharide,qc,True,medium,
https://openalex.org/W2234408502,https://doi.org/10.1021/acs.jpcb.5b10575,2016.0,β-Hairpin Crowding Agents Affect α-Helix Stability in Crowded Environments,False,protein,md,False,high,
https://openalex.org/W4392453264,https://doi.org/10.1016/j.foodchem.2024.138951,2024.0,"Formation mechanism, environmental sensitivity and functional characteristics of succinylated ovalbumin/ε-polylysine electrostatic complexes: The roles of succinylation modification and ε-polylysine combination",True,protein,docking,True,high,
https://openalex.org/W4400094477,https://doi.org/10.1038/s41598-024-64698-x,2024.0,Molecular modeling analysis for functionalized graphene/sodium alginate composite,True,alginate,qc,False,high,
https://openalex.org/W4409291991,https://doi.org/10.1515/ntrev-2025-0159,2025.0,"Principles, applications and future prospects in photodegradation systems",False,none,none,False,low,
https://openalex.org/W4416812403,https://doi.org/10.1016/j.biteb.2025.102449,2025.0,"Intelligent packaging of functional foods: A comprehensive review of its advances, recyclability, and regulatory frameworks",,,,,low,
https://openalex.org/W4379375333,https://doi.org/10.1063/5.0147211,2023.0,Programmable phase behavior in fluids with designable interactions,True,other,md,False,medium,
https://openalex.org/W1996510238,https://doi.org/10.48550/arxiv.0711.2665,2007.0,Parallel multiscale modeling of biopolymer dynamics with hydrodynamic correlations,True,nucleic_acid,md,False,medium,
https://openalex.org/W2825476496,https://doi.org/10.1021/acsami.8b10764,2018.0,Assembly Pathway Selection of Designer Self-Assembling Peptide and Fabrication of Hierarchical Scaffolds for Neural Regeneration,True,protein,md,True,high,
https://openalex.org/W4284669130,https://doi.org/10.1002/qua.26976,2022.0,Comparative study of chitosan derivatives through CoM ‐polynomial,True,chitosan,qsar,False,high,
https://openalex.org/W4414646412,https://doi.org/10.1021/acsapm.5c02075,2025.0,Deciphering CO2 Adsorption Mechanisms at the Atomic Scale in Cellulose and Chitosan Aerogels,True,other_polysaccharide,qc,True,high,
https://openalex.org/W4387936509,https://doi.org/10.1021/acscentsci.3c00930,2023.0,Designer Adaptor Proteins for Functional Conversion of Peptides to Small-Molecule Ligands toward In-Cell Catalytic Protein Modification,False,protein,md,True,high,
https://openalex.org/W2588941690,https://doi.org/10.1002/9781118935682.ch5,2017.0,Thermal Properties of Food and Biopolymer Using Relaxation Techniques,True,other_polysaccharide,none,False,medium,
https://openalex.org/W4320716829,https://doi.org/10.1088/1361-6528/acbbd1,2023.0,Enhanced luminescence sensing performance and increased intrachain order in blended films of P3HT and cellulose nanocrystals,True,cellulose,md,True,high,
https://openalex.org/W4380737980,https://doi.org/10.1016/j.mtcomm.2023.106430,2023.0,Biopolymer-based advanced materials applied in bio-nanomedicine,,,,,low,
https://openalex.org/W4410990637,https://doi.org/10.1016/j.foodchem.2025.145033,2025.0,Biomimetic antimicrobial packaging: Malus sylvestris polyphenols derived tripolymeric active films for extended shelf life and quality maintenance of beef,True,other_polysaccharide,docking,True,high,
https://openalex.org/W2946808414,https://doi.org/10.1016/j.bpc.2019.106192,2019.0,How do ribozymes accommodate additional water molecules upon hydrostatic compression deep into the kilobar pressure regime?,False,nucleic_acid,md,False,high,
https://openalex.org/W7147397686,https://doi.org/10.48393/imist.prsm/jases-v8i4.65744,2026.0,Green Synthesis of Nanoparticles Using Plant Extracts and Biopolymers,True,other_polysaccharide,none,False,medium,
https://openalex.org/W1999973385,https://doi.org/10.1039/c2jm30645j,2012.0,Unusual aggregation of poly(rC)-wrapped carbon nanotubes in aqueous suspension induced by cationic porphyrin,True,nucleic_acid,md,True,high,
https://openalex.org/W7160664084,https://doi.org/10.1080/01694243.2026.2660781,2026.0,Deep learning-assisted design of eco-friendly intrinsic self-healing biopolymer/ZnO nanocomposite coatings for corrosion protection of aluminium 7075,True,chitosan,ml,True,high,
https://openalex.org/W4213122996,https://doi.org/10.2139/ssrn.3976148,2021.0,"Synthesis, Characterization, and Utilization of Poly-Amino Acid Functionalized Lignin for Efficient and Selective Removal of Lead Ion from Aqueous Solution",,,,,low,
https://openalex.org/W4295253044,https://doi.org/10.1007/pl00020466,1981.0,Non-empirical SCF MO studies on the protonation of biopolymer constituents,,,,,low,
https://openalex.org/W4403660722,https://doi.org/10.1016/j.isci.2024.111227,2024.0,Fabrication of crosslinker free hydrogels with diverse properties: An interplay of multiscale physical forces within polymer matrix,True,alginate,md,True,high,
https://openalex.org/W7116916151,https://doi.org/10.3390/gels12010012,2025.0,"Thermo-Responsive Smart Hydrogels: Molecular Engineering, Dynamic Cross-Linking Strategies, and Therapeutics Applications",True,other,none,False,high,
https://openalex.org/W1994211317,https://doi.org/10.1002/bip.21150,2009.0,Puckering transitions of pseudoproline residues,False,protein,qc,False,high,
https://openalex.org/W4412828147,https://doi.org/10.1016/j.jwpe.2025.108333,2025.0,Sustainable kaolin-crosslinked kappa-carrageenan hydrogel as an efficient adsorbent for cationic dye removal from wastewater,,,,,low,
https://openalex.org/W2077373894,https://doi.org/10.1002/qua.560210403,1982.0,Charge transfer and induced polarization in model peptide–ion complexes,False,protein,qc,False,high,
https://openalex.org/W4414569870,https://doi.org/10.1016/j.jafr.2025.102395,2025.0,"Polysaccharide-based hydrogels: Materials, preparation, and applications in medicine, food, adsorption, and agriculture",True,other_polysaccharide,none,False,high,
https://openalex.org/W7152078306,https://doi.org/10.3390/polym18070897,2026.0,A Data-Driven Framework for Predicting PHBV Biodegradation-Induced Weight Loss Based on Laboratory and Real-Environment Condition Tests,True,pha,qsar,False,high,
https://openalex.org/W7130939795,https://doi.org/10.1016/j.ijbiomac.2026.151040,2026.0,Targeting phase separation of TSWV nucleocapsid protein with novel methyl vanillate derivative A10 to inhibit biomacromolecule aggregate formation,False,protein,md,True,high,
https://openalex.org/W4386424891,https://doi.org/10.1016/j.nbt.2023.09.001,2023.0,Biomaterials text mining: A hands-on comparative study of methods on polydioxanone biocompatibility,True,other,ml,False,high,
https://openalex.org/W7154975855,https://doi.org/10.1007/s12668-026-02558-w,2026.0,Combating Soil-Borne Fungal Pathogens Using a Potential Nano Zero Valent Iron Nanocomposite Based on Mechanistic Insights into Antifungal Activity,,,,,low,
https://openalex.org/W2606602222,https://doi.org/10.1021/acs.jpcb.7b00631,2017.0,Is Carbene Formation Necessary for Dissolving Cellulose in Ionic Liquids?,True,cellulose,md,False,high,
https://openalex.org/W1570969963,https://doi.org/10.1002/9780470995792.ch3,2007.0,Water Transport and Dynamics in Food,True,other,md,True,medium,
https://openalex.org/W3205056240,,2009.0,study of the structure of wood-related biopolymers by sorption methods,True,cellulose,none,True,medium,
https://openalex.org/W4306769989,https://doi.org/10.3390/pr10102109,2022.0,Low-Field NMR Analyses of Gels and Starch-Stabilized Emulsions with Modified Potato Starches,True,starch,none,True,high,
https://openalex.org/W629846372,https://doi.org/10.1007/1-4020-2173-9,2005.0,Frontiers of Multifunctional Integrated Nanosystems,,,,,low,
https://openalex.org/W3216914824,https://doi.org/10.1021/acsapm.1c01088,2021.0,On the Importance of Noncrystalline Phases in Semicrystalline Electrospun Nanofibers,True,pla,none,True,high,
https://openalex.org/W2012671091,https://doi.org/10.1209/0295-5075/105/18002,2014.0,Universal monomer dynamics of a two-dimensional semi-flexible chain,True,nucleic_acid,md,False,medium,
https://openalex.org/W2975265960,https://doi.org/10.1021/acsmacrolett.9b00519,2019.0,Brush-Like Polymers and Entanglements: From Linear Chains to Filaments,True,other,md,True,high,
https://openalex.org/W4307216035,https://doi.org/10.3390/chemosensors10110440,2022.0,Studies on the Interaction of Rose Bengal with the Human Serum Albumin Protein under Spectroscopic and Docking Simulations Aspects in the Characterization of Binding Sites,False,protein,docking,True,high,
https://openalex.org/W7168419221,https://doi.org/10.1007/s42114-026-01955-9,2026.0,Spatially programmable Janus particles from natural polymers for synergistic co-delivery of hydrophobic nutraceuticals,True,protein,md,True,high,
https://openalex.org/W2280378934,https://doi.org/10.1007/978-94-011-0371-8_135,1995.0,Raman Tensors of Some Prominent Bands of Nucleotides and Their Orientations in Biopolymers,,,,,low,
https://openalex.org/W4200103922,https://doi.org/10.1016/j.saa.2021.120744,2021.0,Meso-aryl-substituted thiacarbocyanine dyes as spectral-fluorescent probes for DNA,False,nucleic_acid,docking,True,high,
https://openalex.org/W2801924619,https://doi.org/10.4236/jbnb.2018.92010,2018.0,"Paving the High-Way to Sustainable, Value Adding Open-Innovation Integrating Bigger-Data Challenges: Three Examples from Bio-Ingredients to Robust Durable Applications of Electrochemical Impacts",True,other,none,False,low,
https://openalex.org/W2319946187,https://doi.org/10.1021/ar300017h,2012.0,Vibrational Frequency Fluctuation of Ions in Aqueous Solutions Studied by Three-Pulse Infrared Photon Echo Method,False,none,md,True,high,
https://openalex.org/W7159676480,https://doi.org/10.17605/osf.io/5c48v,2026.0,"Smart Microbial Biofactory for Biofuel, Bioplastic, and Vitamin Production in Engineered Microorganisms for Sustainable Solutions",False,pha,ml,False,medium,
https://openalex.org/W7167262496,https://doi.org/10.26434/chemrxiv.15005644/v1,2026.0,Extending Generative Machine Learning for Sustainable Polymer Design: An Integrated Workflow from Generative Models to Bio-Based Candidates,True,other,generative,False,high,
https://openalex.org/W4404115551,https://doi.org/10.1038/s41598-024-77372-z,2024.0,Reproduction of experimental data for stacked caffeine dimers using various computational methods,False,none,qc,False,high,
https://openalex.org/W4413027585,https://doi.org/10.1016/j.foodhyd.2025.111848,2025.0,pH-responsive pea protein-sodium alginate hydrogel beads for freshness monitoring in protein drinks: Structural and molecular insight,,,,,low,
https://openalex.org/W4283259720,https://doi.org/10.2166/wst.2022.194,2022.0,Monitoring PHB production in Synechocystis sp. with hyperspectral images,True,pha,ml,True,high,
https://openalex.org/W3010978866,https://doi.org/10.1021/acs.macromol.9b02123,2020.0,Why Do Elastin-Like Polypeptides Possibly Have Different Solvation Behaviors in Water–Ethanol and Water–Urea Mixtures?,True,protein,md,False,high,
https://openalex.org/W7170065406,https://doi.org/10.5281/zenodo.21487215,2026.0,Code and data for: Multimodal machine learning and explainable AI reveal structure–bioactivity relationships in Ti₃C₂Tₓ MXene-modified biopolymer hydrogels,True,alginate,ml,False,high,
https://openalex.org/W2061788916,https://doi.org/10.1016/j.bbagen.2013.01.014,2013.0,In vitro cross-linking of elastin peptides and molecular characterization of the resultant biomaterials,True,protein,md,True,high,
https://openalex.org/W7139129489,https://doi.org/10.20944/preprints202603.1425.v1,2026.0,Sustainable Bioplastic Development from Shellfish Waste of Crab (Callinectes pallidus) and Periwinkle (Thais coronata) for Circular Applications in the Blue Economy,True,chitosan,qc,True,high,
https://openalex.org/W3024726021,https://doi.org/10.1080/09205063.2020.1764162,2020.0,Preparation and modeling of electrospun polyhydroxybutyrate/polyaniline composite scaffold modified by plasma and printed by an inkjet method and its cellular study,True,pha,ml,True,high,
https://openalex.org/W4414568834,https://doi.org/10.1016/j.molstruc.2025.144185,2025.0,Molecular structure and interactions in carrageenan-gelatin complexes: A combined computational and experimental study,,,,,low,
https://openalex.org/W2288154657,,2015.0,Dynamics of biopolymers on nanomaterials studied by quasielastic neutron scattering and MD simulations,False,nucleic_acid,md,True,high,
https://openalex.org/W4405653324,https://doi.org/10.1007/s11427-024-2792-x,2024.0,Unlocking lignin valorization and harnessing lignin-based raw materials for bio-manufacturing,True,lignin,none,False,medium,
https://openalex.org/W4409545591,https://doi.org/10.3390/polym17081089,2025.0,Recent Progress in Cellulose-Based Conductive Hydrogels,True,cellulose,none,False,high,
https://openalex.org/W4292979877,https://doi.org/10.1007/978-3-031-15063-0_23,2022.0,Stock Price Prediction in Vietnam Using Stacked LSTM,,,,,low,
https://openalex.org/W1942443447,https://doi.org/10.1063/1.4929600,2015.0,Semiflexible macromolecules in quasi-one-dimensional confinement: Discrete versus continuous bond angles,True,other,md,False,high,
https://openalex.org/W2481973721,https://doi.org/10.1016/b978-0-12-415807-8.00017-1,2013.0,Quantitative Structure Property (Retention) Relationships in Liquid Chromatography,,,,,low,
https://openalex.org/W2908803930,https://doi.org/10.1021/acsbiomaterials.8b01260,2019.0,Elucidating Polymorph-Selective Bioadsorption on Chitin Surfaces,True,chitin,md,False,high,
https://openalex.org/W4406363970,https://doi.org/10.1016/j.ijbiomac.2025.139768,2025.0,"Enhancement of stability and activity of zinc carbonate nanoparticles using chitosan, hydroxyethyl cellulose, methyl cellulose and hyaluronic acid for multifaceted applications in medicine",True,chitosan,qc,True,high,
https://openalex.org/W4388039952,https://doi.org/10.1021/acsomega.3c04880,2023.0,Molecular-Scale Exploration of Mechanical Properties and Interactions of Poly(lactic acid) with Cellulose and Chitin,True,pla,md,False,high,
https://openalex.org/W4392145416,https://doi.org/10.1016/j.ijbiomac.2024.130253,2024.0,"Synthesis of biodegradable sodium alginate-based carbon dot-nanomagnetic composite (SA-FOCD) for enhanced water remediation using ANN modelling, RSM optimization, and economic analysis",True,alginate,ml,True,high,
https://openalex.org/W2272982953,https://doi.org/10.1021/acs.jpcb.5b08155,2015.0,"Evaluation of the GROMOS 56ACARBO Force Field for the Calculation of Structural, Volumetric, and Dynamic Properties of Aqueous Glucose Systems",True,cellulose,md,False,high,
https://openalex.org/W7170095155,https://doi.org/10.5281/zenodo.21487216,2026.0,Code and data for: Multimodal machine learning and explainable AI reveal structure–bioactivity relationships in Ti₃C₂Tₓ MXene-modified biopolymer hydrogels,True,alginate,ml,False,high,
https://openalex.org/W1870874070,https://doi.org/10.1002/9780470034590.emrstm1367,2014.0,Generalized Model-Free Analysis of Nuclear Spin Relaxation Experiments,False,none,molecular_modelling,True,medium,
https://openalex.org/W2804455055,https://doi.org/10.3390/polym10050560,2018.0,Hyaluronan-Chondroitin Sulfate Anomalous Crosslinking Due to Temperature Changes,True,other_polysaccharide,md,False,high,
https://openalex.org/W3129103493,https://doi.org/10.3389/fmolb.2021.638988,2021.0,Cholesterols Work as a Molecular Regulator of the Antimicrobial Peptide-Membrane Interactions,False,none,md,True,high,
https://openalex.org/W4287258891,,2021.0,BETO 2021 Peer Review - Inverse Bioproduct Design Through Machine Learning and Molecular Simulation,True,other,ml,False,medium,
https://openalex.org/W4414475566,https://doi.org/10.1016/j.nexus.2025.100543,2025.0,"Review of lignocellulosic bio-chemical production: Current challenges, advances, and future perspectives",True,lignin,none,False,medium,
https://openalex.org/W7113465223,,2024.0,Plasma-induced modifications of alginate biopolymer: atomic level modeling,True,alginate,md,False,high,
https://openalex.org/W4413744912,https://doi.org/10.1016/j.biombioe.2025.108318,2025.0,Evaluating recent developments in utilizing organic waste for biofuel production - A comprehensive review,,,,,low,
https://openalex.org/W4385390284,https://doi.org/10.1134/s1990793123030259,2023.0,Why Do Proteins Fold into Unique 3D Structures? And Other Questions...,False,protein,md,False,high,
https://openalex.org/W2729017259,https://doi.org/10.2174/9781681084534117010006,2017.0,Small Angle Scattering and ab initio Modeling,True,protein,molecular_modelling,True,medium,
https://openalex.org/W7125910929,https://doi.org/10.1093/ijfood/vvag020,2025.0,"Nanoencapsulation in functional foods: improving delivery, stability, and sustainability of bioactive compounds",True,other_polysaccharide,none,False,low,
https://openalex.org/W2342839568,https://doi.org/10.1186/s13065-016-0167-y,2016.0,Protein adsorption through Chitosan–Alginate membranes for potential applications,True,chitosan,qc,True,high,
https://openalex.org/W4391887503,https://doi.org/10.1016/j.ijbiomac.2024.130160,2024.0,"Synthesis, characterization, pharmacological and computational evaluation of hyaluronic acid modified chebulinic acid encapsulated chitosan nanocomposite for cancer therapy",True,chitosan,docking,True,high,
https://openalex.org/W4410326644,https://doi.org/10.1021/acs.jmedchem.5c00482,2025.0,Designing Lignin-Based Nanophotocomposites as Reactive Oxygen Species Generators for Inactivating Candida Strains,True,lignin,qc,True,high,
https://openalex.org/W1642857922,https://doi.org/10.1109/asap.1997.606807,2002.0,A visual computing environment for very large scale biomolecular modeling,False,none,md,False,medium,
https://openalex.org/W4405473973,https://doi.org/10.1002/bbb.2718,2024.0,Bioenergy and bioproducts from cashew apple bagasse: a scientometric overview and strategies for sustainable utilization,True,pla,none,False,medium,
https://openalex.org/W7140175358,https://doi.org/10.1002/brv.70163,2026.0,"The plastisphere as a nexus for antimicrobial resistance: micro(nano)plastics in pathogen colonization, gene transfer, and global health risks",False,none,none,False,high,
https://openalex.org/W2017559560,https://doi.org/10.1080/08927022.2014.923571,2014.0,Simulating electrostatic effects on electronic transitions in proteins,False,protein,md,False,high,
https://openalex.org/W7168019202,https://doi.org/10.1080/15538362.2026.2701727,2026.0,Enhancing Fig Fruit Shelf Life Through Biopolymer-Based Coatings: Predicting Postharvest Quality Preservation Using an Advanced XG-Boost Machine Learning Approach,True,chitosan,ml,True,high,
https://openalex.org/W4408251160,https://doi.org/10.17582/journal.nrmj/2025/9.1.13.27,2025.0,"Polyhydroxyalkanoates Biopolymer Production by Moderately Halophilic Paracoccus onubensis Strain E3: Extraction, Characterization and Synergistic Activity with Sorafenib Drug against Hepatocellular Carcinoma through Molecular Docking Approach",True,pha,docking,True,medium,
https://openalex.org/W4402976799,https://doi.org/10.1002/aenm.202470147,2024.0,Vacancy Mediated Electrooxidation of 5‐Hydroxymethyl Furfuryl Using Defect Engineered Layered Double Hydroxide Electrocatalysts (Adv. Energy Mater. 35/2024),True,other,qc,True,medium,
https://openalex.org/W2331335083,https://doi.org/10.1088/1742-6596/699/1/012005,2016.0,Protein NMR Structure Refinement based on Bayesian Inference,False,protein,md,False,high,
https://openalex.org/W4396935533,https://doi.org/10.1016/j.renene.2024.120670,2024.0,Epoxidation of Camelina sativa oil methyl esters as a second-generation biofuel with thermodynamic calculations,,,,,low,
https://openalex.org/W2001197224,https://doi.org/10.1016/j.arabjc.2015.03.015,2015.0,Fractal geometry analysis of chemical structure of natural starch modification as a green biopolymeric product,True,starch,ml,False,medium,
https://openalex.org/W4402511470,https://doi.org/10.1007/s13762-024-06016-6,2024.0,Novel magnetic chitosan Schiff base impregnated with ZnO for removal of malachite green dye from aqueous environment,,,,,low,
https://openalex.org/W4410588280,https://doi.org/10.2139/ssrn.5263391,2025.0,Enhanced Anaerobic Co-Digestion of Food Waste with Bioplastics by Applied Electrical Voltage Input,,,,,low,
https://openalex.org/W793848540,https://doi.org/10.5283/epub.31864,2016.0,Synthesis and physicochemical characterization of novel biocompatible ionic liquids for the solubilization of biopolymers,True,cellulose,solubility,True,high,
https://openalex.org/W4407479576,https://doi.org/10.1016/j.bpj.2024.11.480,2025.0,BPS2025 - High programmability of physical properties of DNA droplets and comparative analysis with coarse-grained simulation,,,,,low,
https://openalex.org/W2084452576,https://doi.org/10.1002/bip.20641,2006.0,Effects of dimerization of Serratia marcescens endonuclease on water dynamics,False,protein,md,False,high,
https://openalex.org/W3036998399,https://doi.org/10.1016/b978-0-12-816751-9.00015-5,2020.0,Computational modeling for bionanocomposites,True,other,md,False,medium,
https://openalex.org/W7161843131,https://doi.org/10.1016/j.apsusc.2026.167269,2026.0,Eco-friendly depressant Gummi Tragacanthae for selective flotation separation of fluorite from calcite: A multi-faceted approach,,,,,low,
https://openalex.org/W4365998637,https://doi.org/10.1002/cmdc.202300104,2023.0,Functionalized Cyclopentenones with Low Electrophilic Character as Anticancer Agents,False,none,qc,True,high,
https://openalex.org/W2961602769,https://doi.org/10.1016/j.chemosphere.2019.124365,2019.0,Spectroscopic and molecular modeling investigation on inhibition effect of nitroaromatic compounds on acetylcholinesterase activity,False,protein,md,True,high,
https://openalex.org/W4400623961,https://doi.org/10.1016/j.cherd.2024.07.021,2024.0,Biopolymeric electrolyte-based membrane on nanocrystalline cellulose/polyvinyl alcohol for a conceivable usage in proton exchange membrane fuel cell,,,,,low,
https://openalex.org/W7211900277,https://doi.org/10.26434/chemrxiv.15008361/v1,2026.0,Interpretable Processing–Structure Relationships in Spirulina Bioplastics through Automated Spectral and Microstructural Analysis,True,other,ml,True,high,
https://openalex.org/W7124738311,https://doi.org/10.1039/d5ra08166a,2026.0,An overview on emerging green organic corrosion inhibitors: sustainable solution for oil and gas industrial applications,True,other,ml,False,medium,
https://openalex.org/W2021292491,https://doi.org/10.1002/bip.21273,2009.0,Field‐based comparison of ligand and coactivator binding sites of nuclear receptors,False,protein,molecular_modelling,False,high,
https://openalex.org/W4389725517,https://doi.org/10.1038/s41467-023-43844-5,2023.0,Molecular sensitised probe for amino acid recognition within peptide sequences,False,protein,qc,True,high,
https://openalex.org/W2387073917,https://doi.org/10.1002/bip.22866,2016.0,Prediction of the impact of coding missense and nonsense single nucleotide polymorphisms on HD5 and HBD1 antibacterial activity against Escherichia coli,False,protein,md,False,high,
https://openalex.org/W3005000844,https://doi.org/10.1039/c9cp06683g,2020.0,The role of osmolytes in the temperature-triggered conformational transition of poly( N -vinylcaprolactam): an experimental and computational study,True,other,md,True,high,
https://openalex.org/W2117394351,https://doi.org/10.1080/07391102.2015.1095114,2015.0,Protein–protein interactions between SWCNT/chitosan/EGF and EGF receptor: a model of drug delivery system,True,chitosan,md,False,high,
https://openalex.org/W2804767331,,2018.0,Structure and Property of Polymers and Biopolymers from Molecular Dynamic Simulations,True,other,md,True,high,
https://openalex.org/W4392768686,https://doi.org/10.1016/j.matpr.2024.03.007,2024.0,Electrochemical investigation and surface interaction of thiophene based Chitosan Schiff base on mild steel surface in 1 M HCl,,,,,low,
https://openalex.org/W4412111183,https://doi.org/10.1063/5.0278134,2025.0,The sulfur lone-pair⋯π interaction: The subtle dispersion features of the sulfur interactions in model complexes of disulfides with the heteroaromatic benzofuran,False,none,qc,True,high,
https://openalex.org/W3159240424,https://doi.org/10.1021/acscentsci.1c00119,2021.0,Heterogeneous Charged Complexes of Random Copolymers for the Segregation of Organic Molecules,True,other,md,True,high,
https://openalex.org/W4240197081,https://doi.org/10.1007/978-3-540-49850-6_52,2007.0,A 57Fe Mössbauer characterization of Fe-biopolymer complexes and their relevance to biological molecules,,,,,low,
https://openalex.org/W4200515052,https://doi.org/10.1021/acs.jcim.1c01076,2021.0,DEM-Based Approach for the Modeling of Gelation and Its Application to Alginate,True,alginate,md,True,high,
https://openalex.org/W3091641319,https://doi.org/10.1039/d0sm01166e,2020.0,"Unfolding mechanism and free energy landscape of single, stable, alpha helices at low pull speeds",False,protein,md,False,high,
https://openalex.org/W4393253206,https://doi.org/10.1021/acssuschemeng.3c08571,2024.0,Sustainable Supramolecular Plastics Usable Under High Humidity: Cross-Linking Strategy Enabled by Hydrogen Bonding and Coordination Interactions,True,lignin,qc,True,high,
https://openalex.org/W4413982033,https://doi.org/10.1016/j.carbpol.2025.124343,2025.0,"Bacterial polysaccharides in the food industry: Synthesis-structure-properties relationships, AI-driven innovations, regulatory challenges, and bioeconomy prospects",True,other_polysaccharide,ml,False,medium,
https://openalex.org/W7149571333,https://doi.org/10.1016/j.wasman.2026.115504,2026.0,Enhanced thermophilic anaerobic co-digestion of food waste with bioplastics by applied electrical voltage input,True,pla,ml,True,high,
https://openalex.org/W141767623,,2013.0,Physics-Based Modeling of Engineered Biopolymers for Monitoring Gene Expression in Disease,False,nucleic_acid,md,True,medium,
https://openalex.org/W7131144393,https://doi.org/10.1007/s42250-026-01601-3,2026.0,"Ionically Crosslinked Alginate/PVA Hydrogel as Proton Exchange Membrane: Synthesis, Ionic Conductivity, and DFT Modelling",,,,,low,
https://openalex.org/W4310588977,https://doi.org/10.1039/d2cp04052b,2022.0,Benchmark of a functional-group database for distributed polarizability and dipole moment in biomolecules,True,protein,qc,False,medium,
https://openalex.org/W4398758268,https://doi.org/10.2139/ssrn.4839047,2024.0,Modelling Nacre Structure in Silico: Interactions of Biopolymers with an Aragonite Crystal Surface,,,,,low,
https://openalex.org/W4402265884,https://doi.org/10.1073/pnas.2405107121,2024.0,Molecular-level design of alternative media for energy-saving pilot-scale fibrillation of nanocellulose,True,cellulose,md,True,high,
https://openalex.org/W4409077972,https://doi.org/10.3390/nitrogen6020022,2025.0,Wastewater Denitrification with Solid-Phase Carbon: A Sustainable Alternative to Conventional Electron Donors,True,pha,ml,False,medium,
https://openalex.org/W7166546624,https://doi.org/10.2139/ssrn.6993198,2026.0,Interaction of active Babilon snail peptides with biopolymers: serum proteins and DNA,,,,,low,
https://openalex.org/W4292687058,https://doi.org/10.3390/ijms23169501,2022.0,Mechanical Properties and Diffusion Studies in Wax–Cellulose Nanocomposite Packaging Material,True,cellulose,md,False,high,
https://openalex.org/W4417446168,https://doi.org/10.1093/inteam/vjaf193,2025.0,"Plastics and the environment: challenges, impacts, and pathways to sustainability",True,other,none,False,medium,
https://openalex.org/W2305506133,https://doi.org/10.1021/acs.jpcb.6b00866,2016.0,Protein-Style Dynamical Transition in a Non-Biological Polymer and a Non-Aqueous Solvent,False,none,md,True,high,
https://openalex.org/W4366086734,https://doi.org/10.1007/s10965-023-03556-2,2023.0,"Polyhydroxybutyrate-co-hydroxyvalerate/titanium dioxide composite films: green synthesis, characterization, and photocatalytic assessment",,,,,low,
https://openalex.org/W2036861080,https://doi.org/10.1021/jp9022844,2009.0,Chiral and Achiral Fundamental Conformational Building Units of β-Peptides: A Matrix Isolation Conformational Study on Ac-β-HGly-NHMe and Ac-β-HAla-NHMe,False,protein,qc,True,high,
https://openalex.org/W4411079249,https://doi.org/10.1007/s11270-025-08171-z,2025.0,"Ecotoxicological Risk Assessment of Erythromycin and Thiophanate-Methyl on Growth, Physiological and Biochemical Responses of Spirulina (Arthrospira Platensis)",,,,,low,
https://openalex.org/W7139995183,https://doi.org/10.1007/s00203-026-04726-8,2026.0,"Next-generation strategies for PLA degradation: microbial consortia, metagenomics, enzyme engineering and AI-guided approaches",True,pla,ml,False,high,
https://openalex.org/W4403531881,https://doi.org/10.1016/j.amf.2024.200173,2024.0,Theoretical Analysis of Self-Shrinkage Spheroidization of Irregular Degradable Polymer Powder under Thermodynamic Nonequilibrium State,True,pla,md,False,high,
https://openalex.org/W2800348901,https://doi.org/10.19163/2307-9266-2018-6-2-197-210,2018.0,SELECTION OF FILMPROOFERS IN MICROCAPSULATION OF VINPOCETIN,True,other_polysaccharide,md,False,medium,
https://openalex.org/W7202047831,https://doi.org/10.1002/pat.70709,2026.0,"Bioplastic Nanoparticles as Next‐Generation Sustainable Materials: Design Principles, Technological Advances, and Translational Applications",True,other,none,False,medium,
https://openalex.org/W2051424835,https://doi.org/10.1529/biophysj.106.090324,2006.0,Simulating Force-Induced Conformational Transitions in Polysaccharides with the SMD Replica Exchange Method,True,other_polysaccharide,md,True,high,
https://openalex.org/W4256202816,https://doi.org/10.1016/j.ijpsycho.2006.05.004,2006.0,POSTERS SESSION 3,,,,,low,
https://openalex.org/W7147141575,https://doi.org/10.70675/75a09ea6z4212z4b12z886bz6c50cd3c05e8,2014.0,Synthesis and physicochemical characterization of novel biocompatible ionic liquids for the solubilization of biopolymers,True,cellulose,solubility,True,high,
https://openalex.org/W4210447306,https://doi.org/10.3390/polym14030610,2022.0,Evaluation and Characterization of Ultrathin Poly(3-hydroxybutyrate) Fibers Loaded with Tetraphenylporphyrin and Its Complexes with Fe(III) and Sn(IV),True,pha,none,True,high,
https://openalex.org/W4415157571,https://doi.org/10.1007/s43621-025-01972-6,2025.0,Recent advances in generation of bioproducts from lignin: a comprehensive review,True,lignin,none,False,high,
https://openalex.org/W4391133548,https://doi.org/10.1016/j.jmb.2024.168455,2024.0,Discovery of a trefoil knot in the RydC RNA: Challenging previous notions of RNA topology,False,nucleic_acid,md,False,high,
https://openalex.org/W4205651166,https://doi.org/10.21203/rs.3.rs-1233869/v1,2022.0,Ab Initio DFT Study of Polysaccharides To Predict Their Applicability In Wound Healing,True,other_polysaccharide,qc,False,high,
https://openalex.org/W2957580210,https://doi.org/10.1177/1747519819857505,2019.0,"Docking studies on an N 4 -donor Schiff base ligand and its Cu(II) complex supported by structural, spectral and theoretical studies",False,none,docking,True,high,
https://openalex.org/W2968748312,https://doi.org/10.1016/b978-0-12-814855-6.00018-3,2019.0,Computational molecular biology,,,,,low,
https://openalex.org/W4405842265,https://doi.org/10.1016/j.ijbiomac.2024.139266,2024.0,Explore the toxicological mechanism of 6PPD-Q on human health through a novel perspective: The interaction between lactate dehydrogenase and 6PPD-Q,False,none,docking,True,high,
https://openalex.org/W4416141236,https://doi.org/10.1093/neuonc/noaf201.0614,2025.0,"DDEL-09. Therapeutic activation of primary CNS lymphoma immunity by BBB-penetrant c-Myc targeted biopolymer, and anti-PD-1: artificial intelligence guided pathway insights",False,other,ml,True,medium,
https://openalex.org/W4315490694,https://doi.org/10.26434/chemrxiv-2022-n2z1c-v2,2023.0,Development and Benchmarking of Open Force Field 2.0.0 — the Sage Small Molecule Force Field,False,none,md,False,high,
https://openalex.org/W4395685708,https://doi.org/10.1016/j.foodhyd.2024.110144,2024.0,Chitosan/nanoclusters membrane-based sensors with antibacterial properties for rapid detection of bacterial viability and food preservation,,,,,low,
https://openalex.org/W7117540161,https://doi.org/10.1016/j.jobe.2025.115119,2025.0,Polymer and eco-friendly inhibitors for corrosion protection of reinforced concrete: A comprehensive review,,,,,low,
https://openalex.org/W4385448851,https://doi.org/10.1021/acs.chemmater.3c01313,2023.0,Mechanism of the Temperature-Dependent Self-Assembly and Polymorphism of Chitin,True,other_polysaccharide,md,False,high,
https://openalex.org/W7144140248,https://doi.org/10.1016/j.ijbiomac.2026.151722,2026.0,Chitosan-based nanocomposite membranes for dye removal via membrane filtration: A review,True,chitosan,ml,False,high,
https://openalex.org/W2117797852,https://doi.org/10.1109/ipdps.2008.4536464,2008.0,MUPHY: A parallel high performance MUlti PHYsics/Scale code,True,nucleic_acid,md,False,medium,
https://openalex.org/W7124680942,https://doi.org/10.3390/polym18020256,2026.0,Biopolymer Casein–Pullulan Coating of Fe3O4 Nanocomposites for Xanthohumol Encapsulation and Delivery,True,protein,docking,True,high,
https://openalex.org/W7213244709,https://doi.org/10.1111/1541-4337.70653,2026.0,Biomimetic Design of Biopolymer‐Based Water‐Resistant Food Packaging Materials,True,other,ml,False,medium,
https://openalex.org/W2613796782,https://doi.org/10.1016/j.colsurfa.2017.05.021,2017.0,In vitro evaluation of the non-covalent interactions of hemoglobin with distinctively modified gemini surfactants: Effect of structural variation,,,,,low,
https://openalex.org/W3123207167,https://doi.org/10.1021/acs.jcim.0c01178,2021.0,Equally Weighted Multiscale Elastic Network Model and Its Comparison with Traditional and Parameter-Free Models,False,protein,md,False,high,
https://openalex.org/W4404257606,https://doi.org/10.2478/mspe-2024-0052,2024.0,Decision Support System for the Design Process of Apatite Biopolymer Composite Parts,True,other,ml,False,medium,
https://openalex.org/W2053322112,https://doi.org/10.1016/0098-1354(96)00064-6,1996.0,Monitoring micorbial morphogenetic changes in a fermentation process by a Self-Tuning Vision System (STVS),,,,,low,
https://openalex.org/W4406544818,https://doi.org/10.1080/10934529.2025.2452722,2024.0,Application of supervised learning models for enhanced lead (II) removal from wastewater via modified cellulose nanocrystals (CNCs),True,cellulose,ml,True,high,
https://openalex.org/W7212322646,https://doi.org/10.1002/bab.70210,2026.0,"Integrated Algal Biorefineries for Biofuel and Bioplastic Co‐Production: Process Performance, Circularity, and Scale‐Up",True,other_polysaccharide,ml,False,medium,
https://openalex.org/W612683848,https://doi.org/10.1007/978-3-642-01697-4_126,2009.0,Nanostructured Biopolymer-Microglial Cell Implants for Spinal Cord/CNS Repair,,,,,low,
https://openalex.org/W4391041915,https://doi.org/10.1016/j.molliq.2024.124045,2024.0,Effects of pectin and temperature on the diffusion of ions and water in saltwater membranes,,,,,low,
https://openalex.org/W4414807178,https://doi.org/10.1016/b978-0-443-31522-0.00008-7,2025.0,Biopolymer-based composites for enhanced oil recovery in sustainable energy generation,,,,,low,
https://openalex.org/W3034190741,https://doi.org/10.1007/12_2020_61,2020.0,"Rheology, Rupture, Reinforcement and Reversibility: Computational Approaches for Dynamic Network Materials",,,,,low,
https://openalex.org/W2982222649,https://doi.org/10.1002/jcc.26089,2019.0,Smoothed Spherical Truncation based on Fuzzy Membership Functions: Application to the Molecular Encoding,False,none,qsar,False,medium,
https://openalex.org/W3089386325,https://doi.org/10.1101/2020.10.03.322354,2020.0,Actin crosslinker competition and sorting drive emergent GUV size-dependent actin network architecture,False,protein,md,True,high,
https://openalex.org/W4385824867,https://doi.org/10.1016/j.indcrop.2023.117258,2023.0,Statistical and neural intelligence modeling for basil seed mucilage extraction optimization: Implications for sustainable and cost-effective industrial plant products,,,,,low,
https://openalex.org/W2612421840,https://doi.org/10.4172/pharmaceutical-sciences.1000216,2017.0,Discerning the Potential of Chitosan Extracted from Bio Resources as a Competent Brain Drug Carrier to Cross the Blood Brain Barrier,True,chitosan,docking,True,high,
https://openalex.org/W4406769819,https://doi.org/10.1021/acssuschemeng.4c09241,2025.0,"Phosphonated Inulin as an Eco-Friendly Thermally Stable Scale Inhibitor for the Oil and Gas Industry: Synthesis, Characterization, Efficacy, and Molecular Insights",True,other_polysaccharide,qc,True,high,
https://openalex.org/W4411090576,https://doi.org/10.1016/j.colsurfa.2025.137397,2025.0,"Sustainable valorization of chicken feather waste: Keratin extraction for advanced UV-protective textile, antioxidant applications, and DFT-guided sodium sulfide dissolution",,,,,low,
https://openalex.org/W4393858448,https://doi.org/10.1016/j.jece.2024.112670,2024.0,Cellulose nanofiber-templated metal-organic frameworks for fluorescent detection of methyl parathion pesticides,True,cellulose,qc,True,high,
https://openalex.org/W3046124090,,2009.0,"Structural Studies of Biopolymers Using Computer Simulations, Optical and Magnetic Spectroscopy",False,nucleic_acid,md,True,medium,
https://openalex.org/W4387164395,https://doi.org/10.1021/acs.langmuir.3c01318,2023.0,Computational Study of Complex Formation between Hyaluronan Polymers and Polyarginine Peptides at Various Ratios,True,other_polysaccharide,md,True,high,
https://openalex.org/W4308929804,https://doi.org/10.1016/j.comptc.2022.113938,2022.0,Towards pharmaceutical protein stabilization: DFT and statistical learning studies on non-enzymatic peptide hydrolysis degradation mechanisms,,,,,low,
https://openalex.org/W2007388631,https://doi.org/10.1007/s12665-011-1308-1,2011.0,"Drinking water production from surface water sources in the tropics: Brasília DF, Brazil",,,,,low,
https://openalex.org/W4377011373,https://doi.org/10.1002/ps.7559,2023.0,Coprecipitation‐based synchronous chlorantraniliprole encapsulation with chitosan: carrier–pesticide interactions and release behavior,True,chitosan,md,True,high,
https://openalex.org/W7212131432,https://doi.org/10.1002/anie.6392855,2026.0,Coarse‐Grained Simulations Rationalize Thermosensitivity and Hydrolytic Degradation of Vinyl Copolymers Obtained by Radical Ring‐Opening Polymerization,True,other,md,False,high,
https://openalex.org/W4387439573,https://doi.org/10.1002/jsfa.13036,2023.0,"Astaxanthin encapsulation in soybean protein isolate–sodium alginate complexes‐stabilized nanoemulsions: antioxidant activities, environmental stability, and in vitro digestibility",True,protein,docking,True,high,
https://openalex.org/W7124452241,https://doi.org/10.26434/chemrxiv-2026-z70qn,2026.0,Coarse-Grained Simulations Predict Thermosensitivity and Hydrolytic Degradation of Vinyl Copolymers Obtained by Radical Ring-Opening Polymerization,True,other,md,False,high,
https://openalex.org/W4405941621,https://doi.org/10.1016/j.bioorg.2024.108120,2024.0,"A self-assembled fluorescent nanoprobe recognized by FA1 site for specifically selecting HSA: Its applications in hemin detection, cell imaging and fluorescent tracing drug delivery",False,protein,docking,True,high,
https://openalex.org/W7212129046,https://doi.org/10.1002/ange.6392855,2026.0,Coarse‐Grained Simulations Rationalize Thermosensitivity and Hydrolytic Degradation of Vinyl Copolymers Obtained by Radical Ring‐Opening Polymerization,True,other,md,False,high,
https://openalex.org/W2091297659,https://doi.org/10.1002/bip.20272,2005.0,"Complex 1H,13C‐NMR relaxation and computer simulation study of side‐chain dynamics in solid polylysine",True,protein,md,True,high,
https://openalex.org/W4390571588,https://doi.org/10.53964/jmpcm.2023005,2023.0,Advances in High Performance Polymers and Composites Materials: Development Opportunities,True,other,ml,False,medium,
https://openalex.org/W4400686855,https://doi.org/10.1016/j.commatsci.2024.113240,2024.0,Tailoring the thermal transport properties of cellulose and lignin laser-induced graphene,,,,,low,
https://openalex.org/W3194567134,https://doi.org/10.1016/j.comptc.2021.113413,2021.0,Enhanced adsorption of CO2 on cellulose and chitosan surface by H2O Co-adsorption,,,,,low,
https://openalex.org/W4384028794,https://doi.org/10.3389/fbioe.2023.1160760,2023.0,Can we achieve biomimetic electrospun scaffolds with gelatin alone?,True,protein,none,True,high,
https://openalex.org/W4414822911,https://doi.org/10.1016/b978-0-443-31522-0.00012-9,2025.0,Recent progress and future perspectives of biopolymer-based composites for energy storage and generation,,,,,low,
https://openalex.org/W7213319027,https://doi.org/10.1021/acs.jcim.6c00987,2026.0,STELLAR: A Fragment-Based Docking Workflow for Highly Flexible Long-Chain Biopolymers,False,other,docking,False,medium,
https://openalex.org/W4322762016,https://doi.org/10.1016/j.ces.2023.118587,2023.0,Atomistic origins of biomass recalcitrance in organosolv pretreatment,,,,,low,
https://openalex.org/W4414324644,https://doi.org/10.1021/acs.biomac.5c00224,2025.0,Phase Separation of Positively Charged Polypeptide Solutions: Interplay between Electrostatics and Nonelectrostatic Specific Interactions,False,protein,md,False,medium,
https://openalex.org/W2793039524,https://doi.org/10.1134/s0006350917060227,2017.0,The Topology of the Energy Landscapes of Macromolecules in the Torsion Angle Space and the Principle of the Minimum Energy Dissipation Rate in Conformational Relaxation,False,protein,md,False,medium,
https://openalex.org/W2473678223,https://doi.org/10.1039/9781782624103-00053,2016.0,Application of NMR in polymer characterization,True,other,none,True,medium,
https://openalex.org/W3127559009,https://doi.org/10.15414/jmbfs.2021.10.4.524-530,2021.0,COLD-ACTIVE MICROBIAL CELLULASE: NOVEL APPROACH TO UNDERSTAND MECHANISM AND ITS APPLICATIONS IN FOOD AND BEVERAGES INDUSTRY,True,cellulose,docking,False,high,
https://openalex.org/W3020660883,,2013.0,Adsorption of Biopolymers on SWCNT: Ordered Poly(rC) and Disordered Poly(rI) B,True,nucleic_acid,md,True,high,
https://openalex.org/W4411586260,https://doi.org/10.1007/s00604-025-07315-6,2025.0,A general strategy for constructing covalent organic frameworks chiral membranes with a wide range of enantio-selectors for efficient separations,False,none,docking,True,high,
https://openalex.org/W4413367203,https://doi.org/10.1371/journal.pone.0330708,2025.0,Interaction of nanoplastics with metronidazole and ciprofloxacin: The Trojan Horse effect,True,pla,qc,False,high,
https://openalex.org/W4416458511,https://doi.org/10.1080/10242422.2025.2587872,2025.0,Advances and challenges in keratinase-driven bioprocessing of keratinous waste,False,protein,none,False,high,
https://openalex.org/W7212193164,https://doi.org/10.58532/nbennur3218c3,2026.0,A CIRCULAR BIO-ECONOMY APPROACH ON THE VALORIZATION OF CRUSTACEAN FISHERY RESOURCES FOR THE PRODUCTION OF PEPTIDES AND BIOPOLYMERS,True,chitosan,ml,False,medium,
https://openalex.org/W7204437051,https://doi.org/10.1080/10643389.2026.2708126,2026.0,Enzymatic degradation performance of biopolymers: A systematic comparative review and meta-analysis of literature,True,other,ml,False,high,
https://openalex.org/W4417404698,https://doi.org/10.1109/democon65705.2025.11282896,2025.0,Evolution and Trends in Teaching Biopolymers Through MOOCs and Virtual Education: a Bibliometric Analysis,False,none,none,False,high,
https://openalex.org/W2609033615,https://doi.org/10.1016/j.jphotobiol.2017.04.035,2017.0,"Biological effects of α-adrenergic phentolamine on erythrocyte hemeprotein: Molecular insights from biorecognition behavior, protein dynamics and flexibility",False,protein,md,True,high,
https://openalex.org/W2913753015,https://doi.org/10.1016/j.bpj.2018.11.1596,2019.0,An Algorithm to Construct Biologically Relevant Chondroitin Sulfate Biopolymer Models at Atomic Resolution,,,,,low,
https://openalex.org/W2525522926,https://doi.org/10.3390/polym8100352,2016.0,Dynamics of DNA Squeezed Inside a Nanochannel via a Sliding Gasket,False,nucleic_acid,md,False,high,
https://openalex.org/W2601655520,,2015.0,Ab Initio studies on electronic structure and charge density of chitosan,True,chitosan,qc,False,high,
https://openalex.org/W4405877104,https://doi.org/10.1016/j.ijbiomac.2024.139248,2024.0,"A review of chitosan role in milk bioactive-based drug delivery, smart packaging and biosensors: Recent advances and developments",True,chitosan,none,False,high,
https://openalex.org/W7162874022,https://doi.org/10.2139/ssrn.6852545,2026.0,Affinity of fatty acids derived biopolymer for carbon materials based on experimental and theoretical studies,,,,,low,
https://openalex.org/W7132588422,,2016.0,Physics behind the Conformational Transitions in Biopolymers. Demystification of DNA melting and Protein Folding,False,protein,md,False,high,
https://openalex.org/W980498111,,2009.0,Szerkezeti változások monomerektől a biopolimerek felé = Structural changes from monomers to biopolymers,False,other_polysaccharide,qc,True,medium,
https://openalex.org/W1544935182,https://doi.org/10.1002/0471223840.ch15,2002.0,Molecular Modeling: Protein Modeling,False,protein,docking,False,medium,
https://openalex.org/W7128362004,https://doi.org/10.6082/uchicago.16778,2026.0,"Modeling Sequence-Defined Charged Biopolymers: RNA Folding, Polyampholyte Necklaces, and Coacervation",False,nucleic_acid,md,False,high,
https://openalex.org/W4407651525,https://doi.org/10.1021/acsami.4c19603,2025.0,Comprehensive Serum Analysis via an AI-Assisted Magnetically Driven SERS Platform for the Diagnosis and Etiological Differentiation of Childhood Epilepsy,False,none,ml,True,high,
https://openalex.org/W4318160280,https://doi.org/10.1021/acsami.2c19525,2023.0,Nucleoside-Based Cross-Linkers for Hydrogels with Tunable Properties,True,chitosan,md,True,high,
https://openalex.org/W7165154176,https://doi.org/10.6082/pc6dz-56d75,2026.0,"Modeling Sequence-Defined Charged Biopolymers: RNA Folding, Polyampholyte Necklaces, and Coacervation",False,nucleic_acid,md,False,high,
https://openalex.org/W2293367254,https://doi.org/10.1016/j.bbrc.2016.03.042,2016.0,Coiled-coil forming peptides for the induction of silver nanoparticles,True,protein,qsar,True,high,
https://openalex.org/W4367843411,https://doi.org/10.1021/acs.macromol.3c00298,2023.0,"Simultaneously Enhanced Chain Flexibility, Three Dimensional Printability, and Reduction of Shrinkage Stress in Biodegradable and Photocurable Multiblock Copolymers",True,other,md,True,high,
https://openalex.org/W2890659435,https://doi.org/10.1016/j.eurpolymj.2018.09.028,2018.0,Interactions of poly (vinyl alcohol) and poly (N-isopropylacrylamide) with tannic acid and pyrazole derivatives: The identification of H-bonds for revealing a “Two-Molecules” carrier system,True,other,qc,True,high,
https://openalex.org/W2056261012,https://doi.org/10.1115/esda2006-95671,2006.0,Molecular Modelling of Small Molecule Diffusion in Biopolymer Blends Membranes for Biomedical Applications,True,other_polysaccharide,md,False,high,
https://openalex.org/W3134815799,https://doi.org/10.1016/j.mtcomm.2021.102192,2021.0,"Effects of Ag, ZnO and TiO2 nanoparticles at low contents on the crystallization, semicrystalline morphology, interfacial phenomena and segmental dynamics of PLA",True,pla,none,True,high,
https://openalex.org/W2106647483,https://doi.org/10.1002/pro.2646,2015.0,Ca2+ and Mg2+ modulate conformational dynamics and stability of downstream regulatory element antagonist modulator,False,protein,md,True,high,
https://openalex.org/W2318764707,https://doi.org/10.1115/imece2015-52481,2015.0,An Integrated Procedure for Computer Simulation of Dynamics of Multibody Molecular Structures in Polymers and Biopolymers,True,other,md,False,medium,
https://openalex.org/W4389728779,https://doi.org/10.1021/acs.langmuir.3c02296,2023.0,Surfactant-Aided Stabilization of Individual Carbon Nanotubes in Water around the Critical Micelle Concentration,False,none,md,True,high,
https://openalex.org/W2054227672,https://doi.org/10.1002/bip.21366,2010.0,NMR structure of duplex DNA containing the α‐OH‐PdG·dA base pair: A mutagenic intermediate of acrolein,False,nucleic_acid,md,True,high,
https://openalex.org/W4313592617,https://doi.org/10.1039/d2cp05214h,2023.0,Solvent quality and solvent polarity in polypeptides,False,protein,md,False,high,
https://openalex.org/W4416392855,https://doi.org/10.1002/app.70009,2025.0,Exploring the Membrane Morphology and Performance Discrepancy of Different Grades of PLA With Different Solvents: Thermodynamics and Kinetic Aspects,True,pla,solubility,True,high,
https://openalex.org/W4410214352,https://doi.org/10.62233/ijrrr22,2025.0,Artificial Intelligence in Biotechnology,,,,,low,
https://openalex.org/W1974958453,https://doi.org/10.1070/pu2005v048n08abeh002199,2005.0,Exchange NMR spectroscopy in solids: application in large-scale conformational biopolymer dynamics studies,False,none,none,True,medium,
https://openalex.org/W2077776464,https://doi.org/10.1186/1758-2946-6-s1-o20,2014.0,New insights on the interface between metal oxide and biosystem,False,protein,md,False,medium,
https://openalex.org/W7204446750,https://doi.org/10.6084/m9.figshare.33348999,2026.0,Enzymatic degradation performance of biopolymers: A systematic comparative review and meta-analysis of literature,True,other,ml,False,high,
https://openalex.org/W4401076893,https://doi.org/10.1016/j.molstruc.2024.139486,2024.0,New degradable PCL/thiazole composite for biological applications; characterization and spectroscopic studies,True,other,qc,True,high,
https://openalex.org/W2066216143,https://doi.org/10.1115/nemb2013-93099,2013.0,A Robust Framework for Adaptive Multiscale Modeling of Biopolymers Using Highly Parallelizable Methods,False,nucleic_acid,md,False,medium,
https://openalex.org/W7204494340,https://doi.org/10.6084/m9.figshare.33348999.v1,2026.0,Enzymatic degradation performance of biopolymers: A systematic comparative review and meta-analysis of literature,True,other,ml,False,high,
https://openalex.org/W2597149476,https://doi.org/10.3233/978-1-60750-045-2-178,2009.0,Quantum Mechanical Calculations of Peptide Vibrational Force Fields and Spectral Intensities,False,protein,qc,False,high,
https://openalex.org/W4206640187,https://doi.org/10.22541/au.164138957.75951624/v1,2022.0,Understanding Proton Transfer in Non-aqueous Biopolymers based on Helical Peptides: A Quantum Mechanical Study,True,protein,qc,False,high,
https://openalex.org/W4416767812,https://doi.org/10.1021/cbmi.5c00200,2025.0,"Unraveling the Reverse Hofmeister Effect of 3,3′,5,5′-Tetramethylbenzidine for Anion-Responsive Color-Changing Hydrogels",False,other_polysaccharide,md,True,medium,
https://openalex.org/W4414989804,https://doi.org/10.1021/acs.jctc.5c02088,2026.0,How to Use Quantum Computers for Biomolecular Free Energies,False,none,qc,False,high,
https://openalex.org/W1594947394,https://doi.org/10.1007/978-1-4614-0727-0_7,2011.0,Structure and Dynamics of Biological Systems: Integration of Neutron Scattering with Computer Simulation,,,,,low,
https://openalex.org/W22124244,https://doi.org/10.1007/978-1-4684-5233-4_3,1988.0,Examples of Ab Initio Calculations on Quasi-One-Dimensional Polymers,,,,,low,
https://openalex.org/W3163271179,https://doi.org/10.1103/physreve.103.052501,2021.0,Chain stiffness boosts active nanoparticle transport in polymer networks,True,other_polysaccharide,md,False,medium,
https://openalex.org/W2945693967,https://doi.org/10.1134/s0006350919010056,2019.0,SASCUBE: An Updated Method of Cubes for Calculation of the Intensity of X-Ray Scattering by Biopolymers in Solution,False,protein,md,True,high,
https://openalex.org/W2212556086,https://doi.org/10.1021/ci0497408,2004.0,New Born Radii Deriving Method for Generalized Born Model,False,none,molecular_modelling,False,high,
https://openalex.org/W4385392025,https://doi.org/10.1016/j.mseb.2023.116770,2023.0,Fabrication of porous polymeric-based scaffold for dental tissue repair in fracture healing: RVE simulation and ANN optimization,,,,,low,
https://openalex.org/W4283383308,https://doi.org/10.1002/qua.26964,2022.0,Understanding proton transfer in non‐aqueous biopolymers based on helical peptides: A quantum mechanical study,True,protein,qc,False,high,
https://openalex.org/W3045865295,,2019.0,Biopolymers -2016: Radiation Processed Textile Sludge for Preparing Eco-friendly Bricks,True,other,none,True,medium,
https://openalex.org/W7203944616,https://doi.org/10.26740/jibr.v1i1.52269,2026.0,In silico approach to investigate the immobilized glucose isomerase from Lactobacillus reuteri using biopolymers,True,alginate,docking,False,high,
https://openalex.org/W2761992226,https://doi.org/10.1021/acs.jpcb.7b09067,2017.0,Molecular Mechanism of Self-Assembly of Aromatic Oligoamides into Interlocked Double-Helix Foldamers,False,other,md,False,high,
https://openalex.org/W2094733766,https://doi.org/10.1016/j.carbpol.2011.04.019,2011.0,Towards polysaccharide handles for single molecule experiments: Spectroscopic evidence for the selective covalent coupling of terminal sugar residues to desired substrates,True,pectin,qc,True,high,
https://openalex.org/W4404068259,https://doi.org/10.1002/adhm.202403561,2024.0,Construction of Somatostatin‐Based Multiphase “Core–Shell” Coacervates as Photodynamic Biomimetic Organelles,False,nucleic_acid,md,True,medium,
https://openalex.org/W4386166005,https://doi.org/10.1002/app.54598,2023.0,Insight into the interaction of pluronic F‐127 functionalized boron nitride nanosheets with piezoelectric poly( l ‐lactic acid) nanofiber scaffolds for bone tissue engineering applications,True,pla,qc,True,high,
https://openalex.org/W2010572457,https://doi.org/10.1163/138577210x12634700595095,2010.0,Effect of Multi-walled Carbon Nanotubes on Pervaporation Characteristics of Chitosan Membrane,True,chitosan,md,True,high,
https://openalex.org/W3140040627,https://doi.org/10.1093/glycob/cwab025,2021.0,Insights into the roles of charged residues in substrate binding and mode of action of mannuronan C-5 epimerase AlgE4,True,alginate,md,True,high,
https://openalex.org/W3112769167,https://doi.org/10.1021/acs.jpca.0c06814,2020.0,Intrastrand Photolesion Formation in Thio-Substituted DNA: A Case Study Including Single-Reference and Multireference Methods,False,nucleic_acid,qc,False,high,
https://openalex.org/W7154702704,https://doi.org/10.1021/acs.langmuir.6c00225,2026.0,"Temperature-Dependent Supramolecular Assemblies in Surfactant–Biopolymer Systems: Thermodynamic, Acoustic, and Computational Insights",True,other_polysaccharide,qc,True,high,
https://openalex.org/W7130821191,https://doi.org/10.3390/su18042123,2026.0,An Integrated Algal Biorefinery Approach for Wastewater Treatment and Biomass Valorisation,False,none,none,False,high,
https://openalex.org/W2433592360,,2012.0,"Large biomolecular simulation on HPC platforms III. AMBER, CHARMM, GROMACS, LAMMPS and NAMD",False,protein,md,False,high,
https://openalex.org/W4383743144,https://doi.org/10.1016/j.ijleo.2023.171155,2023.0,A refined method for investigating the morphological and optical properties of a biodegradable monocryl suture,,,,,low,
https://openalex.org/W570615817,,2010.0,Nanoscience : Colloidal and Interfacial Aspects,,,,,low,
https://openalex.org/W3200495070,https://doi.org/10.21203/rs.3.rs-870841/v1,2021.0,Development and Selection of Integrative Measurement Descriptors: Application for Investigating Physical Properties of Biopolymers in Hairs,True,protein,ml,True,high,
https://openalex.org/W4308331465,https://doi.org/10.3390/gels8110713,2022.0,Mechanistic Insights into the Selective Synthesis of 4H-Pyran Derivatives On-Water Using Naturally Occurring Alginate from Sargassum muticum: Experimental and DFT Study,True,alginate,qc,True,high,
https://openalex.org/W2039459211,https://doi.org/10.1007/s11947-008-0086-6,2008.0,Design Considerations in Hybrid Neural Optimization of Fed-Batch Fermentation for PHB Production by Ralstonia eutropha,,,,,low,
https://openalex.org/W7154958039,https://doi.org/10.1007/s11837-026-08310-9,2026.0,Development of Biopolymer Self-Healing Gel for Fire Prevention and Extinguishing Based on Mussel Mucin,,,,,low,
https://openalex.org/W3028253978,https://doi.org/10.1021/acs.jpcb.0c02793,2020.0,Temperature-Dependent Blue Shifting of O–H Stretching Frequencies in Crystalline Cellulose Explained,True,cellulose,md,False,high,
https://openalex.org/W4405910225,https://doi.org/10.1016/j.ijbiomac.2024.139377,2024.0,A dual-drive strategy for enhanced protein crystallization with sodium alginate/hyaluronic acid film: Protein adsorption and supersaturation regulation,True,alginate,md,True,high,
https://openalex.org/W2755004546,https://doi.org/10.1016/j.ifset.2017.09.015,2017.0,Multiscale modeling for bioresources and bioproducts,True,other,ml,True,medium,
https://openalex.org/W7171379660,https://doi.org/10.5772/intechopen.1017055,2026.0,"Chitin and Chitosan: Sustainable Biopolymers from Extraction to Advanced Applications in Microbiology, Agriculture and Nanotechnology",True,chitosan,ml,False,medium,
https://openalex.org/W4407318749,https://doi.org/10.1016/j.molliq.2025.127122,2025.0,Mechanical activation improves green depressant starch for the flotation separation of pyrite from chalcopyrite via molecular structure optimization,,,,,low,
https://openalex.org/W4402810564,https://doi.org/10.1021/acs.macromol.4c01235,2024.0,Dynamics and Structure of Unentangled Associative Polymers,True,other,md,False,medium,
https://openalex.org/W4386352233,https://doi.org/10.1101/2023.08.30.555590,2023.0,CHARMM-GUI Multicomponent Assembler for Modeling and Simulation of Complex Multicomponent Systems,False,none,md,False,medium,
https://openalex.org/W654026508,,2013.0,"Handbook of Polymer Research: Monomers, Oligomers, Polymers and Composites",,,,,low,
https://openalex.org/W4413305181,https://doi.org/10.4103/mgr.medgasres-d-25-00110,2025.0,Density Functional Theory calculations employed to describe the transport of medical gases,False,none,qc,False,medium,
https://openalex.org/W4378903096,https://doi.org/10.3390/su15118811,2023.0,Anti-Scale Performance and Mechanism of Valonia Tannin Extract for Calcium Carbonate in Circulating Cooling Water System,True,other,md,True,high,
https://openalex.org/W2916313880,https://doi.org/10.1021/ct700033y,2007.0,Sugar Folding: A Novel Structural Prediction Tool for Oligosaccharides and Polysaccharides 1,True,other_polysaccharide,md,False,high,
https://openalex.org/W4402165870,https://doi.org/10.1016/j.foodres.2024.115031,2024.0,Fabrication and characterization of whey protein isolate-tryptophan nanoparticles by pH-shifting combined with heat treatment,True,protein,docking,True,high,
https://openalex.org/W7204246674,https://doi.org/10.1039/d6gc03755k,2026.0,"Advances in molecular-scale computational modeling of lignin (2020–2026): molecular dynamics, quantum chemistry, machine learning, and the technical lignin frontier",True,lignin,molecular_modelling,False,high,
https://openalex.org/W7124561921,https://doi.org/10.1016/j.biteb.2026.102576,2026.0,Integrated biohydrogen and bioproduct generation from algal and food waste feedstocks: A techno-economic and environmental assessment,,,,,low,
https://openalex.org/W1660574459,https://doi.org/10.48550/arxiv.1104.5278,2011.0,Can biopolymer structures be sampled enumeratively? Atomic-accuracy RNA loop modeling by a stepwise ansatz,False,nucleic_acid,md,True,high,
https://openalex.org/W4387304561,https://doi.org/10.1002/admt.202301196,2023.0,Anti‐Freezing Wearable Tactile Sensors Prepared by Laser Processing of Crumpled Xanthan Gum‐Based Hydrogels,True,other_polysaccharide,none,True,high,
https://openalex.org/W4417526749,https://doi.org/10.1016/j.comptc.2025.115641,2025.0,Computational investigation of curcumin–polymer interactions: a DFT–ML integrated framework for electronic structure and biodegradation analysis of PGA and PLA complexes,,,,,low,
https://openalex.org/W2767316456,https://doi.org/10.3390/biomimetics2040021,2017.0,Kaxiras’s Porphyrin: DFT Modeling of Redox-Tuned Optical and Electronic Properties in a Theoretically Designed Catechol-Based Bioinspired Platform,True,other,qc,False,high,
https://openalex.org/W7131065552,https://doi.org/10.3389/fmicb.2026.1793191,2026.0,"Keratinases: microbial sources, mechanisms, and industrial applications in waste valorization",False,protein,none,False,high,
https://openalex.org/W7140655802,https://doi.org/10.2147/ijn.s588558,2026.0,"Peptide-Based Nanocarriers for Targeted Drug Delivery: Recent Advances, Strategies, and Therapeutic Frontiers",False,protein,none,False,high,
https://openalex.org/W4288045473,https://doi.org/10.1016/j.foodchem.2022.133800,2022.0,Introducing comprehensive multiphase NMR for the analysis of food: Understanding the hydrothermal treatment of starch-based foods,True,starch,none,True,high,
https://openalex.org/W4415908692,https://doi.org/10.1016/j.cej.2025.170319,2025.0,Natural amino acid-tailored deep eutectic solvents for comprehensive bamboo valorization under mild conditions,,,,,low,
https://openalex.org/W7117251125,https://doi.org/10.1016/j.foodres.2025.118160,2025.0,"Micro- and nanoplastics (MNPs) in liquid food: From occurrence, health risks and migration mechanisms to AI-enabled analytical and circular solutions",False,none,ml,False,medium,
https://openalex.org/W4232823669,https://doi.org/10.1002/9783906390475.ch15,2005.0,Binding Studies and Computer‐Aided Modelling of Macromolecule/Odorant Interactions,False,protein,docking,True,high,
https://openalex.org/W3173669516,https://doi.org/10.1007/s12257-020-0270-8,2021.0,Efficient Production of Phenyllactic Acid by Whole-cell Biocatalysis with Cofactor Regeneration System,,,,,low,
https://openalex.org/W1981916507,https://doi.org/10.1007/bf00617126,1996.0,"Stress relaxation: Experiment, theory, and computer simulation",,,,,low,
https://openalex.org/W4414664059,https://doi.org/10.3390/su17198741,2025.0,"Technological Innovations in Sustainable Civil Engineering: Advanced Materials, Resilient Design, and Digital Tools",False,none,none,False,low,
https://openalex.org/W2090455288,https://doi.org/10.1002/bip.21291,2009.0,Understanding the mode of action of ThDP in benzoylformate decarboxylase,False,protein,md,False,high,
https://openalex.org/W4392012409,https://doi.org/10.1007/978-981-99-7100-8_2,2023.0,Futuristic Biomaterials for 3D Printed Healthcare Devices,,,,,low,
https://openalex.org/W4414606835,https://doi.org/10.1016/j.bbrc.2025.152730,2025.0,Fungal derived chitosan nanoparticles fabricated from Aspergillus niger induces multi target molecular interaction on osteosarcoma (Saos-2 cells),True,chitosan,docking,True,high,
https://openalex.org/W2167299032,https://doi.org/10.1002/masy.200550106,2005.0,Modeling the Electrostatics and Size Effect within a Crowded Bioenvironment,False,none,qc,False,medium,
https://openalex.org/W2149743691,https://doi.org/10.1002/bip.20626,2006.0,Gas phase dimerization of neuropeptide head activator analogs useful for the noncovalent constraint of peptides,False,protein,md,True,high,
https://openalex.org/W4405562443,https://doi.org/10.48550/arxiv.2412.12847,2024.0,Ab Initio Conformational Analysis of $α$/$β$-D-Xylopyranose at Pyrolysis Conditions,True,other_polysaccharide,qc,False,high,
https://openalex.org/W7211896587,https://doi.org/10.1016/j.colsurfb.2026.116162,2026.0,From nanoformulation to field performance: A sustainable biopolymer-based azadirachtin nanoemulsion for Aphis gossypii management,True,chitosan,docking,True,high,
https://openalex.org/W4408410848,https://doi.org/10.61186/jcc.5.4.5,2023.0,Advancements in Green Composites: Materials Science Innovations for a Sustainable Future,True,other,ml,False,low,
https://openalex.org/W7134958291,https://doi.org/10.1021/acs.jpcc.5c08410,2026.0,Imidazole-Doped Chitin Oligosaccharides and Chitosan Biopolymer Composites for Anhydrous High-Temperature Proton Conduction,True,chitosan,none,True,high,
https://openalex.org/W4410449434,https://doi.org/10.1021/acs.langmuir.5c00458,2025.0,Molecular Mechanism of Polyphosphate-Mediated Nanosheet Self-Assembly,True,other,md,False,high,
https://openalex.org/W2091403030,https://doi.org/10.1002/bip.21035,2008.0,Hot‐spot residues at the E9/Im9 interface help binding via different mechanisms,False,protein,md,False,high,
https://openalex.org/W4406288096,https://doi.org/10.33263/lianbs133.124,2024.0,A Density Functional Theory Study on the Adsorption of Methyl Mercury and Arsenous Acid on Cellulose Chain,True,cellulose,qc,False,high,
https://openalex.org/W4311230871,https://doi.org/10.1016/j.carbpol.2022.120456,2022.0,Effects of mesylate-/tartrate-based ionic liquids-water mixtures on the phase transition behaviors and stability of corn starch: A comparative study,True,starch,qc,True,high,
https://openalex.org/W2501092507,https://doi.org/10.1201/9781420078497-10,2009.0,How Does the FMO Method Help in Studying Viruses and Their Binding Receptors?,False,none,qc,False,high,
https://openalex.org/W4286823324,https://doi.org/10.1007/s10570-022-04744-x,2022.0,Interfacial effects of plasticizers on the properties of cellulose diacetate materials,,,,,low,
https://openalex.org/W4306928114,https://doi.org/10.1016/j.colsurfa.2022.130409,2022.0,Microfluidic formation of biodegradable PCLDA microparticles as sustainable sorbents for treatment of organic contaminants in wastewater,,,,,low,
https://openalex.org/W4399248672,https://doi.org/10.1016/j.ijbiomac.2024.132561,2024.0,Development of cellulose nanowhisker–gallic acid antioxidant bioconjugate via covalent conjugation and supramolecular interactions: A comparative study,True,cellulose,qc,True,high,
https://openalex.org/W4385898336,https://doi.org/10.1021/acs.jpcb.3c01683,2023.0,"Conformational Fluctuations and Induced Orientation of a Protein, Its Solvation Shell, and Bulk Water in Weak Non-Unfolding External Electric Fields",False,protein,md,False,high,
https://openalex.org/W7151266348,https://doi.org/10.32604/jpm.2026.077915,2026.0,"Electrical, Structural, and Electronic Insights of Polysaccharide-Based Biopolymer Electrolytes Incorporated with Sodium Perchlorate Salt",True,other_polysaccharide,qc,True,high,
https://openalex.org/W4402239057,https://doi.org/10.1177/1478422x241272083,2024.0,Custom design approach of design of experiment as a tool for the optimisation of parameters for corrosion inhibition study of (+)-arabinogalactan on AISI 5140 steel,True,other_polysaccharide,qc,True,high,
https://openalex.org/W4378531255,https://doi.org/10.1007/s10924-023-02908-9,2023.0,Tuning Material Properties of Microbially Synthesized Poly(3-hydroxybutyrate-co-hydroxyvalerate) and Their Composites for Various Applications,,,,,low,
https://openalex.org/W1488372574,,2010.0,"Chemical reactions in gas, liquid, and solid phases : synthesis, properties, and application",,,,,low,
https://openalex.org/W2084693428,https://doi.org/10.1002/bip.20869,2007.0,c[ D ‐pro‐Pro‐ D ‐pro‐ N ‐methyl‐Ala] adopts a rigid conformation that serves as a scaffold to mimic reverse‐turns,False,protein,qc,True,high,
https://openalex.org/W4417338174,https://doi.org/10.1109/iceccme64568.2025.11277685,2025.0,Computer Vision Methodology for Monitoring Morphological Degradation in Biopolymers Using EfficientNetB3 and U-Net Architectures,True,other,ml,False,high,
https://openalex.org/W7134947672,https://doi.org/10.1016/j.isci.2026.115306,2026.0,Flexible polymeric materials and wearable biosensors for smart diabetes mellitus diagnostics and monitoring,True,other,none,False,high,
https://openalex.org/W4417154849,https://doi.org/10.28978/nesciences.1811126,2025.0,Green Biopolymer-Based Edible Coatings for Quality Retention and Extended Shelf Life of Table Eggs,True,chitosan,none,True,high,
https://openalex.org/W4308968681,https://doi.org/10.1002/cjoc.202200593,2022.0,Single Molecule Imaging with Liquid Phase Electron Microscopy,False,none,none,True,high,
https://openalex.org/W2687973147,https://doi.org/10.1016/j.jes.2017.06.012,2017.0,"An integrated theoretical and experimental investigation of insensitive munition compounds adsorption on cellulose, cellulose triacetate, chitin and chitosan surfaces",True,cellulose,qc,True,high,
https://openalex.org/W7163922532,https://doi.org/10.2139/ssrn.6901061,2026.0,Hybrid modelling for enhancing the prediction of CO2 gas separation in biopolymer based mixed matrix membranes,,,,,low,
https://openalex.org/W2151859498,https://doi.org/10.1080/09243046.2014.915117,2014.0,Hydrolysis control by introduction of photodissociable protecting groups in PLA as matrix of green composite materials,True,pla,none,True,high,
https://openalex.org/W4320006695,https://doi.org/10.1016/b978-0-323-91894-7.00015-3,2023.0,Thermodynamic and structural analysis of graphene/polymer nanocomposites for the adsorption of azo dyes present in binary mixed,,,,,low,
https://openalex.org/W4211118018,https://doi.org/10.1016/j.bpj.2021.11.1367,2022.0,"Building an open, self-consistent force field for biopolymers and small molecules with the open force field initiative infrastructure",,,,,low,
https://openalex.org/W4399437295,https://doi.org/10.1038/s41598-024-63929-5,2024.0,Assessment of sustainable baits for passive fishing gears through automatic fish behavior recognition,True,other,ml,True,medium,
https://openalex.org/W7141018076,https://doi.org/10.5281/zenodo.19242690,2026.0,Dataset of UCS and CBR Results for Biopolymer-Stabilised Soils from Multi-Additive Experimental Studies,True,other,none,True,high,
https://openalex.org/W4399588651,https://doi.org/10.1029/2023gl107066,2024.0,Data‐Driven Investigation Reveals Subaerial Proportion of Basalts Since the Early Archean,False,none,ml,False,high,
https://openalex.org/W4407706904,https://doi.org/10.1177/08839115251318682,2025.0,Integrated network pharmacology and bio-functional chitosan-hydroxyapatite scaffolds incorporating quercetin for enhanced bone regeneration in articular cartilage defects,True,chitosan,docking,True,high,
https://openalex.org/W4255930978,https://doi.org/10.1002/1097-0282(200111)59:6<396::aid-bip1044>3.3.co;2-p,2001.0,Site‐specific examination of secondary structure and orientation determination in membrane proteins: The peptidic 13C18O group as a novel infrared probe,False,protein,qc,True,high,
https://openalex.org/W4413842402,https://doi.org/10.11648/j.ijmb.20251003.13,2025.0,The Advancement of Microalgal Cultivation Technology: Current Trends and Future Prospectives,False,none,none,False,high,
https://openalex.org/W2093265586,https://doi.org/10.1002/bip.20707,2007.0,Minimum sequence requirements for the binding of paromomycin to the rRNA decoding site A,False,nucleic_acid,md,True,high,
https://openalex.org/W3036991903,https://doi.org/10.1016/b978-0-444-64070-3.00011-4,2020.0,Recent advances in quantitative structure–retention relationships,False,none,qsar,False,high,
https://openalex.org/W2471779253,https://doi.org/10.1021/acs.macromol.6b01063,2016.0,Effect of Monomer Sequence and Degree of Acetylation on the Self-Assembly and Porosity of Chitosan Networks in Solution,True,chitosan,md,False,high,
https://openalex.org/W7162108489,https://doi.org/10.1016/j.ijbiomac.2026.152650,2026.0,Development of isoxazole-functionalized chitosan for enhanced anti-ulcer activity: From shrimp waste to therapeutic biopolymer,True,chitosan,docking,True,high,
https://openalex.org/W7141598240,https://doi.org/10.5281/zenodo.19242689,2026.0,Dataset of UCS and CBR Results for Biopolymer-Stabilised Soils from Multi-Additive Experimental Studies,True,other,none,True,high,
https://openalex.org/W4414662078,https://doi.org/10.1039/d5ra05790f,2025.0,"Influence of C3′- and C4′-substitutions on fluorescence, crystal packing, and physicochemical properties of flavonol",False,none,docking,True,high,
https://openalex.org/W3186871119,https://doi.org/10.1515/pac-2020-1008,2021.0,Research frontiers of chemical detection and measurements,False,none,none,False,high,
https://openalex.org/W4415390577,https://doi.org/10.1016/j.molliq.2025.128700,2025.0,Biomacromolecular interactions and antioxidant properties of novel synthetic amino acids targeting DNA and serum albumin,False,none,docking,True,high,
https://openalex.org/W4408744630,https://doi.org/10.1007/s00289-025-05733-3,2025.0,RSM and ANN modeling-based optimization approach for the development of alginate-chitosan particles containing Rosmarinus officinalis essential oil,True,chitosan,ml,True,medium,
https://openalex.org/W4409362772,https://doi.org/10.1021/acsbiomedchemau.4c00148,2025.0,Problematic Attributions of Entropic and Hydrophobic Effects in Drug Interactions,False,none,none,True,high,
https://openalex.org/W4392292463,,2017.0,Development of a multiscale approach for the study of structural properties and reactivities of complex assemblies of biopolymers : the alginates gels,True,alginate,qc,False,high,
https://openalex.org/W4393407979,https://doi.org/10.2139/ssrn.4781819,2024.0,Superior Electrocatalytic Nitrate-to-Ammonia Conversion Activity on Cuco Bimetals in Neutral Media,,,,,low,
https://openalex.org/W4293078604,https://doi.org/10.21203/rs.3.rs-266015/v2,2022.0,Pyridine-based cross-linked chitosan: a biopolymer adsorbent for the green removal of toxic metals from water,True,chitosan,qc,True,high,
https://openalex.org/W4406059792,https://doi.org/10.1016/j.talanta.2025.127536,2025.0,"1,4-Dioxo-1,2,3,4-tetrahydrophthalazine-6-carboxylic acid as a novel MALDI matrix for enhanced analysis of metabolites induced by imidacloprid exposure",False,none,ml,True,high,
https://openalex.org/W872776149,https://doi.org/10.1016/j.eml.2015.07.001,2015.0,What is the mechanism behind biological ferroelectricity?,,,,,low,
https://openalex.org/W4417065695,https://doi.org/10.1016/b978-0-323-95464-8.00013-x,2025.0,Artificial intelligence applications in electrospinning of biocompatible polymers,,,,,low,
https://openalex.org/W818896476,,2013.0,Solubility determination and prediction of the lactide species in different solvent systems,True,pla,solubility,True,high,
https://openalex.org/W4318224834,https://doi.org/10.1007/s10812-023-01461-6,2023.0,Luminescence Spectral Properties of New Benzothiazole Polymethine Dye,False,none,qc,True,high,
https://openalex.org/W4408140034,https://doi.org/10.1016/j.cclet.2025.111029,2025.0,Photocatalytic production of high-value-added fuels from biodegradable PBAT by Nb2O5/GCN heterojunction catalyst: Performance and mechanism,,,,,low,
https://openalex.org/W4411807969,https://doi.org/10.1021/acs.jpcb.5c02022,2025.0,Coarse-Grained Insights into Insulin Aspart Adsorption on Plasticized Poly(vinyl chloride) (PVC) Surfaces,False,protein,md,False,high,
https://openalex.org/W4392029326,https://doi.org/10.2139/ssrn.4734573,2024.0,The Role of Biomolecular Building Blocks on the Cohesion of Biomatter Plastics,,,,,low,
https://openalex.org/W3158389131,https://doi.org/10.21203/rs.3.rs-266015/v1,2021.0,Pyridine based cross-linked chitosan: a biopolymer adsorbent for the green removal of toxic metals from water,True,chitosan,qc,True,high,
https://openalex.org/W4210581671,https://doi.org/10.21203/rs.3.rs-1286967/v1,2022.0,"Investigation for Enhancement of 5-hydroxymethylfurfural extraction into 2, 5-furandicarboxylic acid: an Ab initio study",True,other,qc,True,medium,
https://openalex.org/W2313666040,https://doi.org/10.1557/proc-305-39,1993.0,Ultimate Properties of Polymer Chains,,,,,low,
https://openalex.org/W4404675876,https://doi.org/10.1021/acsami.4c16504,2024.0,Preparation of pH-Sensitive Polysaccharide–Small Molecule Nanoparticles and Their Applications for Tumor Chemo- and Immunotherapy,True,other_polysaccharide,qc,True,high,
https://openalex.org/W2793513557,https://doi.org/10.1002/jsde.12016,2018.0,Ratiometric Interactions of Anionic Surfactants with Calf Thymus DNA Bound Cationic Surfactants: Study II,False,nucleic_acid,qc,True,high,
https://openalex.org/W4280591240,https://doi.org/10.1016/j.bpc.2022.106825,2022.0,Specific anion effect on properties of HRV 3C protease,False,protein,md,True,high,
https://openalex.org/W4401000269,https://doi.org/10.1007/s12274-024-6844-6,2024.0,Bioinspired coacervate-based bioinks for construction of multiscale tissue engineering scaffolds,True,protein,md,True,high,
https://openalex.org/W7171972303,https://doi.org/10.5281/zenodo.21493247,2026.0,STELLAR Enables Structural Prediction of Highly Flexible Long-Chain Biopolymers via a Novel Fragment-Based Workflow,False,protein,docking,False,medium,
https://openalex.org/W2017682106,https://doi.org/10.1149/06404.0027ecst,2014.0,"Lithium Based Ionogel as Solid State Electrolyte: Dynamics of Confined Ionic Liquid, a Neutron Diffusion Study",True,other,none,True,medium,
https://openalex.org/W4386213404,https://doi.org/10.30955/gnc2023.00566,2023.0,Removal of copper (II) from aqueous solution using biopolymer-based materials: Theoretical and statistical physics investigation for wastewater treatment,True,alginate,qc,True,high,
https://openalex.org/W2990560395,https://doi.org/10.3390/ijms20235966,2019.0,Hot Spots and Their Contribution to the Self-Assembly of the Viral Capsid: In Silico Prediction and Analysis,False,protein,md,False,high,
https://openalex.org/W2092561161,https://doi.org/10.1016/j.compstruct.2010.06.019,2010.0,Multiscale analysis of carbon nanotube-reinforced nanofiber scaffolds,,,,,low,
https://openalex.org/W4416167966,https://doi.org/10.1016/j.foodw.2025.100033,2025.0,"Polyvinyl alcohol-based sustainable packaging films incorporating glycerol monostearate: Fabrication, characterization, and intermolecular interactions analysis",True,other,md,True,high,
https://openalex.org/W4389890156,https://doi.org/10.1080/20550324.2023.2281833,2023.0,Chitosan chelated Fe 3+ nanocomposite for enhanced biomedical and environmental applications,True,chitosan,qc,True,high,
https://openalex.org/W3205979143,https://doi.org/10.1016/j.indcrop.2021.114083,2021.0,Introducing water-redispersible powderable acrylic adhesives using Persian gum,True,other_polysaccharide,solubility,True,high,
https://openalex.org/W4402775277,https://doi.org/10.1007/s11783-024-1895-1,2024.0,Binding interaction of typical emerging contaminants on Gobiocypris rarus transthyretin: an in vitro and in silico study,False,protein,docking,True,low,
https://openalex.org/W4318612971,https://doi.org/10.33927/hjic-2022-17,2022.0,Study on Adsorption of Essential Oils on Polylactic Acid Microparticles,True,pla,solubility,True,high,
https://openalex.org/W587233324,,1992.0,"Viscoelasticity of biomaterials : developed from a symposium sponsored by the Division of Cellulose, Textile, and Paper Chemistry at the 199th National Meeting of the American Chemical Society, Boston, Massachusetts, April 22-27, 1990",True,cellulose,md,True,medium,
https://openalex.org/W4414571573,https://doi.org/10.1016/b978-0-443-32796-4.00005-x,2025.0,Numerical analysis of eco-friendly fibers and polymers for the sustainable environment,,,,,low,
https://openalex.org/W2359181629,,2009.0,Homology Modeling of α-Glucosidase and Its Molecular Docking with Inhibitors,False,protein,docking,False,high,
https://openalex.org/W2522224782,https://doi.org/10.1002/bip.22889,2016.0,Structural studies and SH3 domain binding properties of a human antiviral salivary proline‐rich peptide,False,protein,md,True,high,
https://openalex.org/W7143410323,https://doi.org/10.5281/zenodo.19204099,2026.0,STELLAR Enables Structural Prediction of Highly Flexible Long-Chain Biopolymers via a Novel Fragment-Based Workflow,False,protein,docking,False,medium,
https://openalex.org/W2085567809,https://doi.org/10.1016/j.molstruc.2004.03.038,2004.0,"A scaled quantum mechanical force field for the alanine–alanine zwitterions in water based on scale factors for alanine, glycine, N-methylacetamide, acetate, formate, and methylamine",,,,,low,
https://openalex.org/W2400464405,,2000.0,[About the effect of the amplitude of fluctuations on the coefficient of rubbing of the brownian oscillator in aqueous media].,False,none,md,False,medium,
https://openalex.org/W595601447,,1991.0,Nmr and Biomolecular Structure,False,nucleic_acid,md,False,high,
https://openalex.org/W7147475512,https://doi.org/10.26434/chemrxiv-2025-nmn5s/v2,2026.0,STELLAR Enables Structural Prediction of Highly Flexible Long-Chain Biopolymers via a Novel Fragment-Based Workflow,False,other,docking,False,medium,
https://openalex.org/W2912269579,https://doi.org/10.1016/b978-0-12-805393-5.00023-3,2017.0,Quantitative structure property (retention) relationships in liquid chromatography,,,,,low,
https://openalex.org/W7143314418,https://doi.org/10.5281/zenodo.19204098,2026.0,STELLAR Enables Structural Prediction of Highly Flexible Long-Chain Biopolymers via a Novel Fragment-Based Workflow,False,protein,docking,False,medium,
https://openalex.org/W2886375494,https://doi.org/10.1109/memea.2018.8438720,2018.0,Intelligent Multi-Electrode Arrays as the Next Generation of Electrochemical Biosensors for Real-Time Analysis of Neurotransmitters,True,chitosan,ml,True,high,
https://openalex.org/W4413003030,https://doi.org/10.1021/acscentsci.5c00768,2025.0,Stereochemistry Drives the Macromolecular Conformation and Biological Activity of Glycopolymers,True,other,md,True,high,
https://openalex.org/W2994646588,https://doi.org/10.3390/ma13010039,2019.0,Edge Functionalized Graphene Layers for (Ultra) High Exfoliation in Carbon Papers and Aerogels in the Presence of Chitosan,True,chitosan,none,True,high,
https://openalex.org/W4286715901,https://doi.org/10.1007/s11270-022-05786-4,2022.0,"Synthesis, Characterization, and Evaluation of New Composites Coagulants Polyaluminum Chloride-Sodium Alginate",,,,,low,
https://openalex.org/W4411261337,https://doi.org/10.1016/j.colsurfa.2025.137498,2025.0,Synthesis of C/BiOCl/Bi2S3 heterojunction photocatalyst induced by sodium carboxymethyl cellulose and its photocatalytic performance,,,,,low,
https://openalex.org/W1979732434,https://doi.org/10.1134/s1990793114040083,2014.0,Molecular structure and the dynamics of the functioning of conformationally mobile systems,False,none,md,False,medium,
https://openalex.org/W4402838295,https://doi.org/10.1021/acsami.4c09180,2024.0,Brewer’s Spent Grain-Cellulose-Coated Copper Electrode-Based Extended Gate Field-Effect Transistor for Nonenzymatic Glucose Detection toward Diagnosis of Diabetes Mellitus,True,cellulose,qc,True,high,
https://openalex.org/W4410350000,https://doi.org/10.55041/ijsrem47900,2025.0,Leveraging Artificial Intelligence for Accelerated Polymer Synthesis and Design,True,other,ml,False,high,
https://openalex.org/W4386448293,https://doi.org/10.1101/2023.09.01.555860,2023.0,Determination of hydrogen bonds in Gromacs: new implementation to overcome the limitation,False,protein,md,True,medium,
https://openalex.org/W4394973856,https://doi.org/10.31857/s0207401x23060109,2023.0,Почему белок сворачивается в уникальную 3D-структуру? И не только это…,False,protein,md,False,medium,
https://openalex.org/W4415676114,https://doi.org/10.2139/ssrn.5679325,2025.0,Batch and Fixed-Bed Column Adsorption of Cationic Dye onto Clay Biopolymer Beads: Experimental and Modeling Approach,,,,,low,
https://openalex.org/W4410445634,https://doi.org/10.1002/ange.202504347,2025.0,Fine‐Tuned Charge Density of Pt Single‐Atom Sites for Controllable Hydrodeoxygenation of Lignin,True,lignin,qc,True,high,
https://openalex.org/W4408484852,https://doi.org/10.69613/98zkr665,2025.0,Ecofriendly Excipients for Sustainable Pharmaceutical Development,True,other_polysaccharide,ml,False,medium,
https://openalex.org/W4405870970,https://doi.org/10.1007/s43393-024-00324-1,2024.0,Methylocystis suflitae as a promising industrial workhorse for methane-based polyhydroxyalkanoate production,,,,,low,
https://openalex.org/W2761396326,https://doi.org/10.1016/b978-0-08-100764-8.00002-2,2017.0,"Microstructure, composition and their relationship with molecular mobility, food quality and stability",,,,,low,
https://openalex.org/W4413446930,https://doi.org/10.1101/2025.08.20.671282,2025.0,Computational rheometry of viscoelastic networks: From random graphs to biomolecular condensates,False,protein,md,False,medium,
https://openalex.org/W7122499044,https://doi.org/10.1016/j.biortech.2026.134000,2026.0,"Marine polysaccharide-based edible film as degradable alternative to plastic packaging: Preparations, applications and recent advances",True,other_polysaccharide,none,False,high,
https://openalex.org/W4382199060,https://doi.org/10.20944/preprints202306.1882.v1,2023.0,"Design, Synthesis, and Comparison of Pla-Peg-Pla and Peg-Pla-Peg Copolymers for Curcumin Delivery to Cancer Cells",True,pla,md,True,high,
https://openalex.org/W4409698885,https://doi.org/10.3390/su17093801,2025.0,Sustainable Novel Membranes Based on Carboxymethyl Cellulose Modified with ZIF-8 for Isopropanol/Water Pervaporation Separation,True,cellulose,qc,True,high,
https://openalex.org/W97631536,https://doi.org/10.1023/a:1023341504369,2003.0,In Silico Modeling and Conformational Mobility of DNA Duplexes,,,,,low,
https://openalex.org/W7139010711,https://doi.org/10.1088/2631-7990/ae542d,2026.0,"Flexible, biocompatible, and biodegradable memristive materials and devices for neuromorphic computing",True,other,none,False,medium,
https://openalex.org/W3166602313,https://doi.org/10.1007/s10924-021-02196-1,2021.0,Environmentally Benign Blue Emissive Films from Host-Dopant Interaction of PLA–Bischalcone Combination with High UV Endurance,,,,,low,
https://openalex.org/W1995531941,https://doi.org/10.1002/bip.21192,2009.0,"Solution structure of a novel T‐cell adhesion inhibitor derived from the fragment of ICAM‐1 receptor: Cyclo(1,8)‐Cys‐Pro‐Arg‐Gly‐Gly‐Ser‐Val‐Cys",False,protein,md,True,high,
https://openalex.org/W4224299986,https://doi.org/10.1016/j.compbiolchem.2022.107686,2022.0,STRIDER: Steric hindrance and metal coordination identifier,False,none,molecular_modelling,False,high,
https://openalex.org/W1517321481,https://doi.org/10.1002/9780470720493.ch5,1979.0,Electronic Structure of Proteins and DNA: Solid‐State Aspects,False,protein,qc,False,high,
https://openalex.org/W4402507287,https://doi.org/10.1021/acsaem.4c02027,2024.0,Agar-Activated Carbon Cathode with Optimized Redox Electrolyte for High-Energy and Stable Aqueous Zinc Hybrid Battery–Capacitor,True,other_polysaccharide,md,True,high,
https://openalex.org/W2529105274,https://doi.org/10.11159/ffhmt16.2,2016.0,Molecular Dynamics Study of Polymer Diffusion,True,other,md,False,medium,
https://openalex.org/W2576758890,https://doi.org/10.1016/b978-0-12-803581-8.10216-4,2017.0,3.13 Computational Methods Related to Molecular Structure and Reaction Chemistry of Biomaterials ☆,,,,,low,
https://openalex.org/W4405002327,https://doi.org/10.1080/1062936x.2024.2434934,2024.0,Structure-based drug design of pre-clinical candidate nanopiperine: a direct target for CYP1A1 protein to mitigate hyperglycaemia and associated microbes,False,pla,docking,True,medium,
https://openalex.org/W4385690837,https://doi.org/10.1021/acs.jpcb.3c02324,2023.0,Rotational Dynamics of a Protein under Shear Flow Studied by the Eckart Frame Formalism,False,protein,md,False,high,
https://openalex.org/W4408986451,https://doi.org/10.1016/j.ijbiomac.2025.142569,2025.0,Binding affinity and mechanism of dicofol-lysozyme interaction: Insights from multi-spectroscopy and molecular dynamic simulations,False,protein,md,True,high,
https://openalex.org/W7125679057,https://doi.org/10.1145/3736273.3736292,2025.0,Molecular Dynamics Simulations of Biomolecular Systems,False,protein,md,False,high,
https://openalex.org/W3161841150,https://doi.org/10.48550/arxiv.2105.05890,2021.0,Polyply: a python suite for facilitating simulations of (bio-)macromolecules and nanomaterials,True,other,md,False,high,
https://openalex.org/W2080031645,https://doi.org/10.1007/s10692-009-9065-6,2008.0,"A semiempirical investigtion of a model for the complex formed by fibroin with 1,1,1,3,3,3-hexafluoropropan-2-ol",,,,,low,
https://openalex.org/W1414109951,https://doi.org/10.1007/978-3-662-43880-0_27,2014.0,Adaptive Critic Design and Heuristic Search for Optimization,,,,,low,
https://openalex.org/W3159203398,https://doi.org/10.1186/s12859-021-04140-5,2021.0,JEDi: java essential dynamics inspector — a molecular trajectory analysis toolkit,False,protein,md,False,high,
https://openalex.org/W4414325539,https://doi.org/10.1021/acs.jafc.5c06202,2025.0,Modified Cellulose for Intestinal Health,True,cellulose,none,False,high,
https://openalex.org/W4416414512,https://doi.org/10.1021/acsomega.5c07809,2025.0,Computational Study of a Versatile Lipase for the Degradation of Polylactic Acid,True,pla,md,True,high,
https://openalex.org/W4412720356,https://doi.org/10.1002/slct.202500220,2025.0,A Comprehensive Review on Functionalized Graphene Oxide Nanoparticles for Fluorescence Properties and Potential in Biosensing and Water Remediation,False,none,none,False,low,
https://openalex.org/W4414458566,https://doi.org/10.17615/m6a5-9237,2025.0,A Density Functional Theory and Information-Theoretic Approach Study of Interaction Energy and Polarizability for Base Pairs and Peptides,False,nucleic_acid,qc,False,high,
https://openalex.org/W2320901107,https://doi.org/10.1002/bip.22846,2016.0,Redoubling the ring size of an endomorphin‐2 analog transforms a centrally acting mu‐opioid receptor agonist into a pure peripheral analgesic,False,protein,docking,True,high,
https://openalex.org/W7207531159,https://doi.org/10.26434/chemrxiv.15008225/v1,2026.0,Population-aware Generative Modeling of Lignin Ensemble,True,lignin,generative,False,high,
https://openalex.org/W2894975877,https://doi.org/10.1140/epjb/e2018-90408-x,2018.0,Temperature dependent volume expansion of microgel in nonequilibria,True,other,md,False,medium,
https://openalex.org/W2115146305,https://doi.org/10.1007/978-1-4020-5344-3_8,2010.0,Spin Labeling and Molecular Dynamics,,,,,low,
https://openalex.org/W7118165550,https://doi.org/10.4236/ojpchem.2025.152002,2025.0,QSPR Modeling for Mechanical Properties of Reinforced Thermoplastic Starch,True,starch,qsar,True,high,
https://openalex.org/W4382932706,https://doi.org/10.1016/j.ntt.2023.107202,2023.0,Artificial intelligence for determination of medication compatible with breastfeeding,,,,,low,
https://openalex.org/W422959155,,2010.0,"Monomers, oligomers, polymers, composites and nanocomposites research: synthesis, properties and applications",True,other_polysaccharide,none,True,low,
https://openalex.org/W4407683418,https://doi.org/10.1680/jgrma.2025.13.1.1,2025.0,Editorial: Chemistry in 2025: Shaping the future of sustainable innovation and eco-friendly materials,True,other_polysaccharide,none,True,medium,
https://openalex.org/W4403243668,https://doi.org/10.1016/j.cartre.2024.100405,2024.0,Supramolecular interactions in graphene–chitosan composites with plasmonic nanoparticles,True,chitosan,qc,True,high,
https://openalex.org/W2733923664,https://doi.org/10.1016/j.xphs.2017.06.022,2017.0,Chemical Stability of the Botanical Drug Substance Crofelemer: A Model System for Comparative Characterization of Complex Mixture Drugs,True,other_polysaccharide,ml,True,high,
https://openalex.org/W3208166532,,2020.0,Effect of acid-base equilibria on the association behaviour of polyelectrolytes,True,other,md,False,medium,
https://openalex.org/W7154838119,https://doi.org/10.71465/fcmc369,2025.0,Generative Inverse Design of Intelligent Packaging Materials with Integrated Sensing Capabilities,True,other,generative,False,medium,
https://openalex.org/W7163536113,https://doi.org/10.1016/j.foodchem.2026.149948,2026.0,In silico technologies for food-based gels: Molecular docking and molecular dynamic simulation,True,protein,md,False,medium,
https://openalex.org/W7168037926,https://doi.org/10.1007/978-3-032-26150-2_25,2026.0,Sustainable Production Optimization Through Artificial Intelligence and Robotic Systems,,,,,low,
https://openalex.org/W4410919257,https://doi.org/10.1007/s42824-025-00179-4,2025.0,"Circular Bioeconomy in Africa: Tools, Technologies, and Strategies for Sustainable Growth and Green Transition",,,,,low,
https://openalex.org/W2051853743,https://doi.org/10.1007/s00214-012-1097-y,2012.0,Imperfect periodicity and systematic changes of some structural features along linear polymers: the case of rod-like boron/nitrogen nanostructures,,,,,low,
https://openalex.org/W4413104421,https://doi.org/10.1556/066.2025.00137,2025.0,Intermolecular interaction between fucoidan and casein: A combined spectroscopic and docking study,True,other_polysaccharide,docking,True,high,
https://openalex.org/W2008633007,https://doi.org/10.1002/bip.20674,2007.0,Hydration study of homopolypeptides by 2H NMR,True,protein,md,True,high,
https://openalex.org/W7137871100,https://doi.org/10.1016/j.desal.2026.120012,2026.0,A critical review of next-generation green scale inhibitors for ultra-deep high-salinity oilfields: From kinetic mechanisms to multifunctional molecular design,,,,,low,
https://openalex.org/W4234320463,https://doi.org/10.26434/chemrxiv.14326727.v1,2021.0,Chitosan-Transition Metal Coordination Biopolymer: A Promising Heterogeneous Catalyst for Radical Ion Polymerization of Vinyl Acetate at Ambient Temperature.,True,chitosan,qc,True,high,
https://openalex.org/W2922200400,https://doi.org/10.1021/acs.jpcb.8b12577,2019.0,Unraveling the Polymer Chain-Adsorbed Constrained Interfacial Region on an Atomistically Thin Carbon Sheet,True,other,md,True,high,
https://openalex.org/W4399740116,https://doi.org/10.7554/elife.89918.3,2024.0,Structural characterization of ligand binding and pH-specific enzymatic activity of mouse Acidic Mammalian Chitinase,False,other_polysaccharide,md,True,high,
https://openalex.org/W2022703422,https://doi.org/10.1016/j.jnoncrysol.2004.03.125,2004.0,Mechanistic view of the relaxation dynamics of a simple glass-former. A bridge between the topographic and the dynamic approaches,,,,,low,
https://openalex.org/W4214851393,https://doi.org/10.1016/j.cej.2022.135578,2022.0,Determination of substrate addition order strategy for bespoke Polyhydroxyalkanoates production: A molecular modeling based approach,,,,,low,
https://openalex.org/W2031861072,https://doi.org/10.1063/1.4868549,2014.0,Theoretical volume profiles as a tool for probing transition states: Folding kinetics,False,protein,md,False,high,
https://openalex.org/W7138906645,https://doi.org/10.31224/6647,2026.0,Polyelectrolytes and Water-Soluble Polymers: AI/ML-Driven Materials and Applications,True,other,ml,False,medium,
https://openalex.org/W3017229857,https://doi.org/10.1021/acs.jpcc.0c01019,2020.0,Dimension-Controlled Dewetting in Hydrophobic Porous Nanocapsules,False,none,md,True,high,
https://openalex.org/W3179856110,https://doi.org/10.1016/j.carres.2021.108390,2021.0,Computational insights into heparin-small molecule interactions: Evaluation of the balance between stacking and non-stacking binding modes,True,other_polysaccharide,md,True,high,
https://openalex.org/W4313543516,https://doi.org/10.1021/acs.joc.2c01870,2023.0,Engineering Chiral Induction in Centrally Functionalized o -Phenylenes,False,none,qc,True,high,
https://openalex.org/W23896519,https://doi.org/10.1007/978-94-009-9882-7_33,1978.0,An in vivo 15N NMR Study of Bacterial Cell Walls,,,,,low,
https://openalex.org/W4285098393,https://doi.org/10.1016/j.foar.2022.06.010,2022.0,3D extrusion of multi-biomaterial lattices using an environmentally informed workflow,True,other,ml,True,medium,
https://openalex.org/W4414114342,https://doi.org/10.1021/acs.chemmater.5c01644,2025.0,A Learning Framework for Atomic-Level Polymer Structure Generation,True,other,generative,False,high,
https://openalex.org/W2566449825,https://doi.org/10.1109/irmmw-thz.2016.7758346,2016.0,Measuring protein elasticity with terahertz spectroscopy,True,protein,qc,True,high,
https://openalex.org/W7124830333,https://doi.org/10.1007/s00289-026-06300-0,2026.0,Alginate-based encapsulation: from historical evolution to AI-driven optimization for sustainable innovations,,,,,low,
https://openalex.org/W2944831273,https://doi.org/10.1007/978-3-030-16443-0_6,2019.0,"Mode-of-Action-Guided, Molecular Modeling-Based Toxicity Prediction: A Novel Approach for In Silico Predictive Toxicology",,,,,low,
https://openalex.org/W4402241566,https://doi.org/10.53555/jaz.v45i6.4973,2024.0,In silico analysis and Molecular docking studies of Eumelanin with Estrogen receptors – A comparative study,False,other,docking,False,medium,
https://openalex.org/W2971957623,https://doi.org/10.1107/s2053229619011719,2019.0,"Coordination of a triazine ligand with CuII and AgI investigated by spectral, structural, theoretical and docking studies",False,none,docking,True,high,
https://openalex.org/W4415121702,https://doi.org/10.2139/ssrn.5600307,2025.0,"Anionic Dye Removal by Clay-Biopolymer Hydrogel Beads: Integrating Batch Adsorption, Fixed-Bed Dynamics, and Molecular-Level Mechanisms",,,,,low,
https://openalex.org/W7171772138,https://doi.org/10.1007/s12247-026-10907-1,2026.0,Artificial Intelligence-Assisted Prediction and Experimental Assessment of Drug–Excipient Compatibility for Early Formulation Development,,,,,low,
https://openalex.org/W7149337840,https://doi.org/10.1016/j.ijbiomac.2026.151791,2026.0,"Amylopectin/poly(acrylamide-acrylic acid)/deep eutectic solvent hydrogels with good mechanical property, conductivity, freezing/fatigue resistance and biocompatibility for wearable sensors",True,starch,qc,True,high,
https://openalex.org/W2511704973,https://doi.org/10.1002/bip.22979,2016.0,M orphological and transport characteristics of swollen chitosan‐based proton exchange membranes studied by molecular modeling,True,chitosan,md,False,high,
https://openalex.org/W1608906368,,2013.0,Low-energy radiation effects in polyethylene and cellulose,True,cellulose,md,False,high,
https://openalex.org/W2979619321,https://doi.org/10.1039/c9sm01323g,2019.0,Diverse balances of tubulin interactions and shape change drive and interrupt microtubule depolymerization,False,protein,md,False,high,
https://openalex.org/W4293694585,https://doi.org/10.1557/s43577-022-00359-6,2022.0,De novo functional groups designed to enhance neuronal integrin α5β1 binding using deep reinforcement learning,False,protein,generative,False,medium,
https://openalex.org/W7134905589,https://doi.org/10.1016/j.pmatsci.2026.101700,2026.0,Next-gen cellulose therapeutics: fusing in vivo/in vitro data for precision healthcare,,,,,low,
https://openalex.org/W2521742258,https://doi.org/10.1002/bip.22870,2016.0,Characterizing the structural and folding properties of long‐sequence hypomurocin B peptides and their analogs,False,protein,md,False,high,
https://openalex.org/W7170048893,https://doi.org/10.1016/j.foodres.2026.120088,2026.0,Agricultural-based biopolymer packaging films and AI-integrated smart double-layer systems: Trends and innovations in food science and technology,True,other_polysaccharide,ml,False,medium,
https://openalex.org/W4313610829,https://doi.org/10.1002/9781119886358.ch2,2022.0,Introduction to Incoherent Neutron Scattering,False,none,none,True,high,
https://openalex.org/W2110142286,https://doi.org/10.1007/s10858-006-6889-8,2006.0,Comparison of Different Torsion Angle Approaches for NMR Structure Determination,False,protein,md,False,high,
https://openalex.org/W4412655526,https://doi.org/10.1007/978-981-96-9013-8_11,2025.0,Future Trends and Innovations,,,,,low,
https://openalex.org/W4236275360,https://doi.org/10.26434/chemrxiv.8178722,2019.0,LIGNIN-KMC: A Toolkit for Simulating Lignin Biosynthesis,True,lignin,qc,False,high,
https://openalex.org/W2014576301,https://doi.org/10.1557/proc-321-99,1993.0,"Stress Relaxation In Metals And Polymers: Theory, Experiment And Computer Simulations",,,,,low,
https://openalex.org/W7151018299,https://doi.org/10.1002/adfm.74956,2026.0,"Synergistic, Biomass‐Enhanced Hydrogels for Sustainable, All‐in‐One Sensing and Energy‐Autonomous Bioelectronics",True,cellulose,ml,True,high,
https://openalex.org/W4385897819,https://doi.org/10.1021/acs.jctc.3c00511,2023.0,Extension of the SUGRES-1P Coarse-Grained Model of Polysaccharides to Heparin,True,other_polysaccharide,md,False,high,
https://openalex.org/W4412393593,https://doi.org/10.3390/surfaces8030049,2025.0,Microbial Extracellular Polymeric Substances as Corrosion Inhibitors: A Review,True,other_polysaccharide,none,False,medium,
https://openalex.org/W2086972808,https://doi.org/10.1371/journal.pone.0010617,2010.0,On the Chiroptical Behavior of Conjugated Multichromophoric Compounds of a New Pseudoaromatic Class: Bicolchicides and Biisocolchicides,False,none,qc,True,high,
https://openalex.org/W4313648719,https://doi.org/10.3390/polym15020293,2023.0,Enhanced Synaptic Properties in Biocompatible Casein Electrolyte via Microwave-Assisted Efficient Solution Synthesis,True,protein,ml,True,high,
https://openalex.org/W2015315014,https://doi.org/10.2172/16549,1998.0,Bioconversion of Cheese Waste (Whey),True,pla,none,True,medium,
https://openalex.org/W2792297841,https://doi.org/10.1557/adv.2018.101,2018.0,Cytoskeletal Dynamics of Neurons Measured by Combined Fluorescence and Atomic Force Microscopy,,,,,low,
https://openalex.org/W7203480666,https://doi.org/10.1002/celc.70289,2026.0,Waste Adsorbent Valorization of Biopolymer‐Modified Zn–Fe Layered Double Hydroxides for Crystal Violet Removal and Enhanced Nonenzymatic Urea Detection,True,chitosan,qc,True,high,
https://openalex.org/W2088387037,https://doi.org/10.1109/cibcb.2010.5510321,2010.0,"Expanded study of efn2 thermodynamic model performance on RnaPredict, an evolutionary algorithm for RNA folding",False,nucleic_acid,molecular_modelling,False,high,
https://openalex.org/W4410505791,https://doi.org/10.1002/pol.20250225,2025.0,Mechanical Characterization of 3D ‐Printed Polylactic Acid ( PLA ) Through Molecular Dynamic Simulation,True,pla,md,True,high,
https://openalex.org/W4361000809,https://doi.org/10.1021/jasms.2c00333,2023.0,Gas-Phase Behavior of Galactofuranosides upon Collisional Fragmentation: A Multistage High-Resolution Ion Mobility Study,False,other_polysaccharide,md,True,medium,
https://openalex.org/W4402797689,https://doi.org/10.1007/s10904-024-03410-y,2024.0,Facile and Eco-friendly Synthesis of Bi2O3 Nanoparticles: Effect of Templating Agents on Morphology and Photocatalytic performance,,,,,low,
https://openalex.org/W7127082490,https://doi.org/10.3390/molecules31030504,2026.0,Iduronate Ring Puckering Effects on Preferred Glycosidic Linkage Conformations in Heparin/Heparan Sulfate and Dermatan Sulfate Disaccharides,True,other_polysaccharide,md,False,high,
https://openalex.org/W4400575609,https://doi.org/10.3390/biochem4030009,2024.0,"Evaluation of Antioxidant, Antibacterial and Enzyme-Inhibitory Properties of Dittany and Thyme Extracts and Their Application in Hydrogel Preparation",True,protein,docking,True,high,
https://openalex.org/W4390908456,https://doi.org/10.1002/cbic.202300721,2024.0,A Mutagen Acts as a Potent Reducing Agent of Glycated Hemoglobin: a Combined Ultrafast Electron Transfer and Computational Studies,False,protein,docking,True,high,
https://openalex.org/W7168348879,https://doi.org/10.1021/acs.jcim.6c00837,2026.0,Pharmacon: A Molecular Dynamics Simulation Analysis Toolkit,False,protein,md,False,high,
https://openalex.org/W7204206512,https://doi.org/10.1002/bab.70204,2026.0,Ionic Liquid Toxicity in Biotechnological Yeasts: Experimental Assessment and Molecular Docking Insights,False,none,docking,True,high,
https://openalex.org/W2784929424,https://doi.org/10.1016/j.cpc.2019.03.022,2019.0,A java application to characterize biomolecules and nanomaterials in electrolyte aqueous solutions,False,none,molecular_modelling,False,high,
https://openalex.org/W2003793887,https://doi.org/10.1002/jbm.b.32672,2012.0,Development of a probucol‐releasing antithrombogenic drug eluting stent,True,other,solubility,True,high,
https://openalex.org/W4387710740,https://doi.org/10.1016/j.chemosphere.2023.140485,2023.0,"Toward a mechanistic understanding of Rhenium(VII) adsorption behavior onto aminated polymeric adsorbents: Batch experiments, spectroscopic analyses, and theoretical computations",True,chitosan,qc,True,high,
https://openalex.org/W4415817051,https://doi.org/10.1016/j.compag.2025.111171,2025.0,Microalgal density modeling using a low-cost spectral sensor: A Kolmogorov–Arnold network approach,False,none,ml,True,high,
https://openalex.org/W4323355529,https://doi.org/10.1101/2023.03.06.531422,2023.0,Functional Ambidexterity of an Ancient Nucleic Acid-Binding Domain,False,protein,md,True,high,
https://openalex.org/W4232951503,https://doi.org/10.1016/b978-0-12-814855-6.00017-1,2019.0,Macromolecular assemblies,,,,,low,
https://openalex.org/W4410707696,https://doi.org/10.1016/j.ijbiomac.2025.144643,2025.0,Enhancing activity and stability of a GH8 chitosanase through conserved N-terminal and peripheral residue mutations for bioactive chitooligosaccharide production,False,chitosan,md,True,high,
https://openalex.org/W7130511954,https://doi.org/10.4018/979-8-3373-6127-7.ch007,2026.0,Artificial Intelligence-Assisted Design and Optimization of Bio-Nanocomposites for Biomedical and Environmental Applications,True,other,ml,False,medium,
https://openalex.org/W4416449718,https://doi.org/10.1016/j.ijbiomac.2025.149176,2025.0,"Magnetic, conductive and multifunctional flexible alginate/Ti3C2Tx MXene hydrogel sponge with uniformly oriented porous structure for gesture recognition and real-time robot control",True,alginate,ml,True,high,
https://openalex.org/W4410205440,https://doi.org/10.1016/j.molstruc.2025.142607,2025.0,"Functionalized chitosan with new acrylohydrazide derivative: Synthesis, characterization, DFT calculations, antimicrobial and antiproliferative activities",True,chitosan,qc,True,high,
https://openalex.org/W2913459518,https://doi.org/10.1039/c8sm02530d,2019.0,Topological entanglement of interlocked knotted–unknotted polymer rings,True,other,md,False,high,
https://openalex.org/W3204838741,https://doi.org/10.1515/psr-2018-0158,2021.0,Novel drug design and bioinformatics: an introduction,False,none,molecular_modelling,False,medium,
https://openalex.org/W2068467820,https://doi.org/10.1371/journal.pone.0026638,2011.0,An Alignment-Free Approach for Eukaryotic ITS2 Annotation and Phylogenetic Inference,False,nucleic_acid,ml,True,high,
https://openalex.org/W7108072041,https://doi.org/10.54660/ijmfd.2020.1.2.154-169,2020.0,Conceptual Model for Regeneration of Biodiesel from Agricultural Feedstock and Waste Materials,False,none,ml,False,medium,
https://openalex.org/W4319995920,https://doi.org/10.1063/9780735425279_005,2023.0,Simulating Membrane Proteins with Constant pH Molecular Dynamics,False,protein,md,False,high,
https://openalex.org/W4396733716,https://doi.org/10.1201/9781003441359-14,2024.0,Computational Work on Designing of Membrane Materials Useful for Petroleum Industry,True,other,md,False,medium,
https://openalex.org/W4399280407,https://doi.org/10.1007/978-3-031-42022-1_9,2023.0,Protein Structure Prediction and Analysis,,,,,low,
https://openalex.org/W2178219200,https://doi.org/10.1007/s40571-015-0057-4,2015.0,Mesoscale simulations of two model systems in biophysics: from red blood cells to DNAs,False,nucleic_acid,md,False,medium,
https://openalex.org/W7171808602,https://doi.org/10.1007/s10904-026-04487-3,2026.0,In Situ Surface-Engineered CoFe2O4 Nanocomposites via Biopolymers–Surfactant: Molecular-Level Insights into Enhanced Magnetic Hyperthermia and Selective Anticancer Performance,,,,,low,
https://openalex.org/W7203829030,https://doi.org/10.1007/s10924-026-03943-y,2026.0,GO-Modified Pectin-Based Biopolymer Hydrogel for Sustainable Basic Fuchsin Removal from Wastewater: Process Optimization and Multiscale Mechanistic Insights,,,,,low,
https://openalex.org/W3135046809,,2020.0,Evaluating sustainable materials for membrane separations through molecular simulations: the case of Polyxydroxyalkanoates (PHA),True,pha,md,True,high,
https://openalex.org/W4413682768,https://doi.org/10.1016/j.desal.2025.119335,2025.0,Thiol-ene click synthesis of a novel alginate-derived adsorbent: Synergistic adsorption and mechanistic investigation of dye and antibiotic,,,,,low,
https://openalex.org/W4409040266,https://doi.org/10.1016/j.nxmate.2025.100596,2025.0,"Data-driven approach for synthesizing, characterization, and experimental investigation of biomass-based plastic",True,protein,ml,True,high,
https://openalex.org/W3211167479,https://doi.org/10.5923/j.jlce.20210903.02,2021.0,Distance Teaching of the Undergraduate Laboratory During Pandemic Time: Dissolution of Cellulose in Mixtures of Ionic Liquids and Dimethyl Sulfoxide and Biopolymer Regeneration as Films,True,cellulose,md,True,high,
https://openalex.org/W7131409975,https://doi.org/10.1080/17568919.2026.2636825,2026.0,Synthetic strategies and anticancer applications of benzimidazole derivatives: a review,False,none,docking,False,high,
https://openalex.org/W7172206743,https://doi.org/10.1007/s13205-026-05002-8,2026.0,"A synergistic pomegranate–biopolymer bio-stimulant enhances barley growth, heat stress resilience, and antimicrobial activity through physiological and molecular modulation",True,chitosan,docking,True,medium,
https://openalex.org/W3126212939,https://doi.org/10.1007/978-981-15-8936-2_13,2021.0,Molecular Dynamic Simulation of Intrinsically Disordered Proteins and Relevant Forcefields,,,,,low,
https://openalex.org/W7162301802,https://doi.org/10.1038/s41467-026-73616-w,2026.0,Mechanistic basis of teichoic acid transport by a gatekeeper flippase,False,other_polysaccharide,md,True,medium,
https://openalex.org/W7166549033,https://doi.org/10.1016/b978-0-443-40362-0.00006-x,2026.0,Uncovering extended functions of artificial intelligence in the mass production of microbial metabolites,,,,,low,
https://openalex.org/W4390690846,https://doi.org/10.2139/ssrn.4690929,2024.0,"Thermodynamic Properties of Gelatin and Maltodextrin Aqueous Solutions: Solubility Parameter, Water Activity, and Phase Boundery",,,,,low,
https://openalex.org/W7128470742,https://doi.org/10.1021/jacs.5c21268,2026.0,Automated Assembly of Polyglucuronic Acids for Structural Explorations,True,other_polysaccharide,md,True,high,
https://openalex.org/W7154156205,https://doi.org/10.14800/iogr.1507,2025.0,Performance Evaluation of Polymer Enhance Oil Recovery Using Machine Learning,True,other_polysaccharide,ml,False,high,
https://openalex.org/W2593818469,,2011.0,Efficient force field calculation in articulated multiscale molecular simulations,False,none,md,False,high,
https://openalex.org/W7164856155,https://doi.org/10.1007/s10668-026-07853-w,2026.0,"Transforming residues to resources: agricultural waste management for value added products, bioenergy, and sustainable economic growth",False,none,none,False,low,
https://openalex.org/W4413803862,https://doi.org/10.48130/fia-0025-0035,2025.0,Deep processing and utilization of shrimp and its byproducts: a review,True,other_polysaccharide,none,False,medium,
https://openalex.org/W7205091906,,2025.0,Integrating hydrogels and machine learning to understand digestion,True,other_polysaccharide,ml,True,high,
https://openalex.org/W4410187753,https://doi.org/10.1007/s44211-025-00780-2,2025.0,Estimation of the average molecular weight of microbial polyesters from FTIR spectra using artificial intelligence,True,pha,ml,False,high,
https://openalex.org/W7153191135,https://doi.org/10.1021/acs.iecr.5c05314,2026.0,Aminolysis of Poly(butylene succinate) via a Microwave-Assisted Technique: Tunable Molecular Weight and the Hansen Solubility Approach toward Green Solvent Fractionation,True,other,solubility,True,high,
https://openalex.org/W307799568,,2010.0,A Molecular Dynamics Study of Material Behavior Controlled by Interface,True,pha,md,False,medium,
https://openalex.org/W4414540678,https://doi.org/10.1080/07391102.2025.2564377,2025.0,Plant-based phenolic acids: exploring the interaction of digestive enzyme trypsin/DNA and antioxidant potential,False,none,docking,True,high,
https://openalex.org/W4415603300,https://doi.org/10.1021/acsabm.5c00883,2025.0,Ecofriendly Fabrication and Hierarchical Exploration of Cytocompatible Lignin Nanoparticles for Biomedical Applications,True,lignin,md,True,high,
https://openalex.org/W2101006814,https://doi.org/10.1002/9780470027318.a2016,2000.0,Inverse Gas Chromatography in Analysis of Polymers,True,other,none,True,medium,
https://openalex.org/W4416818876,https://doi.org/10.1016/j.biotechadv.2025.108772,2025.0,"Engineering lignin pathway, plant cell wall modification, and genome editing for advanced renewable bioenergy and material applications",True,lignin,none,False,high,
https://openalex.org/W2594377811,,2002.0,Hydration of the CDK2 active site. Molecular dynamics study.,False,protein,md,False,high,
https://openalex.org/W4416537293,https://doi.org/10.5593/sgem2025/4.1/s17.36,2025.0,PREDICTION THE SOLUBILITY AND SWELLING INDEX OF STARCH FILMS APPLYING MACHINE LEARNING METHODS,True,starch,ml,True,high,
https://openalex.org/W4410205538,https://doi.org/10.1103/physreve.111.054403,2025.0,Sequence-dependent biomolecular phase separation driven by short-range interaction: From material properties to coarsening dynamics,False,protein,md,False,medium,
https://openalex.org/W4386533023,https://doi.org/10.1021/acsabm.3c00532,2023.0,Predictive Framework Development for User-Friendly On-Site Glucose Detection,True,chitosan,ml,True,high,
https://openalex.org/W7165733525,https://doi.org/10.1016/j.ijpharm.2026.127131,2026.0,Machine learning algorithms to predict spray dried protein/peptide formulations,True,protein,ml,True,high,
https://openalex.org/W7165150053,https://doi.org/10.1111/1541-4337.70537,2026.0,Flavor Formation Mechanisms and Modulation Strategies in Plant‐Based Cheese Analogs: From Raw Material Selection to Technological Innovations,True,other,none,False,low,
https://openalex.org/W3182436489,https://doi.org/10.3390/ijms22147542,2021.0,Combinatorial Virtual Library Screening Study of Transforming Growth Factor-β2–Chondroitin Sulfate System,False,other_polysaccharide,docking,False,high,
https://openalex.org/W4387023038,https://doi.org/10.26434/chemrxiv-2023-qcjkh,2023.0,Calculating Pairwise Similarity of Polymer Ensembles via Earth Mover’s Distance,True,other,informatics,False,high,
https://openalex.org/W7151030051,https://doi.org/10.1021/acssuschemeng.5c13894,2026.0,Tailoring the Properties of Ethyl Cellulose Membranes Using Hydrophobic Deep Eutectic Solvents,True,cellulose,solubility,True,high,
https://openalex.org/W4407578779,https://doi.org/10.1201/9781003610229-6,2025.0,Green Synthesis Scalability and Other Considerations,True,other_polysaccharide,none,False,medium,
https://openalex.org/W4413311543,https://doi.org/10.1021/acsapm.5c02245,2025.0,Innovative Dual Flotation Process Using Algal Sodium Alginate as a Calcite Depressant for Enhancing Phosphate Recovery,True,alginate,md,True,high,
https://openalex.org/W4403476957,https://doi.org/10.1002/slct.202404307,2024.0,"Synthesis, Reaction Mechanism, DNA Cleavage, and Antitumor Properties of Pyridazinedione‐Fused Enediynes",False,none,qc,True,high,
https://openalex.org/W4387650315,https://doi.org/10.20944/preprints202310.0895.v1,2023.0,Mechanical Properties of α-Chitin and Chitosan Biocomposite: A Molecular Dynamic Study,True,chitosan,md,False,high,
https://openalex.org/W3082637668,https://doi.org/10.6082/9rhhq-sx662,2020.0,"Molecular Simulation of Biological Macromolecules: Aggregation, Ion Capture, and Sliding Dynamics",False,protein,md,False,high,
https://openalex.org/W4404944500,https://doi.org/10.20944/preprints202412.0012.v1,2024.0,"RNA Structure: Past, Future, and Gene Therapy Applications",False,nucleic_acid,ml,False,high,
https://openalex.org/W4309529438,https://doi.org/10.26434/chemrxiv-2022-n2z1c,2022.0,Development and Benchmarking of Open Force Field 2.0.0 — the Sage Small Molecule Force Field,False,none,md,False,high,
https://openalex.org/W4388072721,https://doi.org/10.6036/10832,2023.0,INVESTIGATING THE FEASIBILITY OF GUAR GUM-BASED FOAMS FOR INSULATION APPLICATIONS USING REGRESSION ANALYSIS,True,other_polysaccharide,ml,True,high,
https://openalex.org/W4415647808,https://doi.org/10.3390/ma18214893,2025.0,"NMR, FT-IR, XRD, SEM, and ANN Complex Characterization of Some Nonwoven Materials Produced by Electrospinning",True,chitosan,ml,True,high,
https://openalex.org/W4405842110,https://doi.org/10.1016/j.seppur.2024.131338,2024.0,Ultrafast molecular separation through all-biomaterial membranes with a hierarchical configuration and mechanism study,,,,,low,
https://openalex.org/W4416069014,https://doi.org/10.1016/j.carres.2025.109737,2025.0,Esterification of nanocellulose with ferulic acid: A sustainable approach towards robust antibacterial material,True,cellulose,docking,True,high,
https://openalex.org/W3140099599,,2015.0,The application of molecular dynamics simulations in mechanism of toxicity of organic contaminants,False,none,md,False,high,
https://openalex.org/W4413317730,https://doi.org/10.5511/plantbiotechnology.25.0414a,2025.0,Single-cell Raman spectroscopic analysis of bacteroids in soybean nodules to observe the relationship between biomolecular constituents and symbiotic nitrogen fixation activity,True,pha,ml,True,high,
https://openalex.org/W2901619863,https://doi.org/10.1360/n972015-00118,2015.0,The application of molecular dynamics simulations in mechanism of toxicity of organic contaminants,False,none,md,False,high,
https://openalex.org/W4391022753,https://doi.org/10.1021/acs.energyfuels.3c03881,2024.0,Research on the Mineralization and Carbon Fixation of Porous Gel Based on Carbide Slag-Triethylenetetramine,False,none,qc,True,medium,
https://openalex.org/W7139031343,https://doi.org/10.5683/sp3/eztdli,2026.0,Toughened bio-based poly(butylene succinate)/poly(butylene adipate-co-terephthalate)/poly(3-hydroxybutyrate-co-3-hydroxyvalerate) ternary bioplastics for high-performance sustainable packaging,True,pha,solubility,True,high,
https://openalex.org/W4402422201,https://doi.org/10.3389/fnins.2024.1443121,2024.0,Neuromorphic engineering in wetware: the state of the art and its perspectives,False,none,none,False,high,
https://openalex.org/W7165970705,https://doi.org/10.1016/j.cej.2026.178659,2026.0,Alkaline-driven assembly of protein-pectin-polyphenol ternary polymer networks with enhanced mechanical integrity and controlled antioxidant transport,,,,,low,
https://openalex.org/W4411089352,https://doi.org/10.1002/slct.202501611,2025.0,Role of Polyvinyl Alcohol in Enhancing Chitosan Membranes for Desalination: An Experimental and Theoretical Study,True,chitosan,qc,True,high,
https://openalex.org/W7161246891,https://doi.org/10.3390/polym18101208,2026.0,AI-Based Polymer Classification Using Ensemble Deep Learning and Heuristic Optimization: Implications for Recycling Applications,True,other,ml,False,high,
https://openalex.org/W4415494552,https://doi.org/10.1002/adfm.202519776,2025.0,Non‐Thermal Plasma‐Induced Selective Glycosidic Cleavage in Chitosan Produces Multifunctional Antibacterial Wound Care Biomaterials,True,chitosan,qc,True,high,
https://openalex.org/W2556258955,https://doi.org/10.2298/jsc160725101v,2016.0,Interactions of cytotoxic amino acid derivatives of tert-butylquinone with DNA lysozyme,False,nucleic_acid,docking,True,high,
https://openalex.org/W7132126327,,,Application of InterCriteria Analysis to Assess the Performance of Scoring Functions in Molecular Docking Software Packages,False,none,docking,False,high,
https://openalex.org/W4415204533,https://doi.org/10.3390/polym17202758,2025.0,Glass Transition and Crystallization of Chitosan Investigated by Broadband Dielectric Spectroscopy,True,chitosan,none,True,high,
https://openalex.org/W1986241706,https://doi.org/10.1115/detc2013-13339,2013.0,"A Recursive Body-Body Formulation for Reducing the Computational Cost of Pairwise Coulomb Force Computation for Modeling and Simulation of Biopolymers, Using a Multibody Approach to Model Reduction",True,other,md,False,medium,
https://openalex.org/W1931600627,https://doi.org/10.1002/bip.21329,2009.0,"Oligomerization of adenosin‐5′‐O‐ylmethylphosphonate, an isopolar AMP analogue: Evaluation of the route to short oligoadenylates",False,nucleic_acid,qc,True,high,
https://openalex.org/W2323660555,https://doi.org/10.3850/978-981-09-1139-3_266,2014.0,Deformation Mechanism of Chitosan/Hydroxyapatite Nanocomposite: A Molecular Dynamics Study,True,chitosan,md,False,high,
https://openalex.org/W3204934185,https://doi.org/10.1007/978-1-0716-1398-6_5,2021.0,Aqueous Molecular Dynamics for Understanding Glycosaminoglycan Recognition by Proteins,False,other_polysaccharide,md,False,high,
https://openalex.org/W4407973035,https://doi.org/10.1039/d4sm01479k,2025.0,Ultra-slow self-similar coarsening of physical fibrillar gels formed by semiflexible polymers,True,other,md,False,high,
https://openalex.org/W7164705303,,2025.0,Prediction of Thermoplasticity in Lignocellulose-Based Materials using Molecular Simulations,True,other_polysaccharide,md,True,high,
https://openalex.org/W2896296647,https://doi.org/10.1246/bcsj.20180183,2018.0,Evaluation of Dihedral Angles of Peptides Using IR Bands of Two Successive Isotope Labeled Residues,False,protein,qc,True,high,
https://openalex.org/W4413846571,https://doi.org/10.1016/j.compscitech.2025.111353,2025.0,Predicting the deformability of natural short-fiber reinforced polymer composites through combined constitutive mathematical and AI-based modeling approaches,True,other,ml,False,medium,
https://openalex.org/W4412535631,https://doi.org/10.1016/j.foodhyd.2025.111794,2025.0,"Synergistic stabilization of high internal phase emulsions by similarly charged OSA-β-cyclodextrin and shellac nanoparticle complexes: Fabrication, environmental stability, and 3D printability",,,,,low,
https://openalex.org/W7163524550,https://doi.org/10.70593/978-93-7185-262-3_3,2026.0,Machine Learning Techniques for Predicting Viscosity and Rheological Properties,False,none,ml,False,medium,
https://openalex.org/W7116418315,https://doi.org/10.1016/j.reactfunctpolym.2025.106616,2025.0,Composites based on porphyran as an adsorbent for environmentally friendly water treatment,,,,,low,
https://openalex.org/W4389435562,https://doi.org/10.1515/zpch-2023-0340,2023.0,"Role of sodium alginate on the modification of the interfacial, micellization and thermodynamic properties of two imidazolium-based surface active ionic liquids in water",True,alginate,qc,True,high,
https://openalex.org/W7127010985,,2016.0,"Onset of the electronic absorption spectra of isolated and π-stacked oligomers of 5,6-dihydroxyindole: an ab initio study of the building blocks of eumelanin",True,other,qc,False,high,
https://openalex.org/W4405894840,https://doi.org/10.1007/978-981-97-6667-3_30,2024.0,The Effects of Treated Rice Husk Bio-filler at Different Weight Fraction on Tribological Characteristics of Sustainable Composites and Its ANN Evaluation,,,,,low,
https://openalex.org/W4220796596,https://doi.org/10.2172/1856121,2022.0,Biomaniac,True,other,ml,False,medium,
https://openalex.org/W4392710503,https://doi.org/10.1002/jbm.a.37703,2024.0,Impact of crystalline domains on long‐term stability and mechanical performance of anisotropic silk fibroin sponges,True,protein,md,True,high,
https://openalex.org/W2108728379,https://doi.org/10.1002/bip.21293,2009.0,"Computational investigation of the conformational profile of the four stereomers of Ac‐L‐Pro‐c3Phe‐NHMe (c3Phe= 2,3‐methanophenylalanine)",False,protein,md,False,high,
https://openalex.org/W2951554343,https://doi.org/10.1088/1742-6596/1217/1/012054,2019.0,Ab Initio Computational Study of electronic structure of -O-C Bonding Formation on Chitosan Polymer-Part 1: Effects of NaOH,True,chitosan,qc,False,high,
https://openalex.org/W7160865267,https://doi.org/10.5281/zenodo.20127197,2026.0,Polyelectrolyte Complex-Based Floating Drug Delivery Systems: A Synergistic Quality by Design and Artificial Intelligence Framework,True,chitosan,ml,False,medium,
https://openalex.org/W4402525410,https://doi.org/10.5772/intechopen.1003552,2024.0,Sewage - Management and Treatment Techniques,False,none,none,False,low,
https://openalex.org/W7131625429,https://doi.org/10.64898/2026.02.25.707885,2026.0,Exploring Conformational Transitions of RNA Dimers via Machine Learning Potentials,False,nucleic_acid,ml,False,high,
https://openalex.org/W3158771058,https://doi.org/10.3390/ijms22094493,2021.0,Methods for Identifying Microbial Natural Product Compounds that Target Kinetoplastid RNA Structural Motifs by Homology and De Novo Modeled 18S rRNA,False,nucleic_acid,docking,False,high,
https://openalex.org/W7160850837,https://doi.org/10.5281/zenodo.20127196,2026.0,Polyelectrolyte Complex-Based Floating Drug Delivery Systems: A Synergistic Quality by Design and Artificial Intelligence Framework,True,chitosan,ml,False,medium,
https://openalex.org/W3039895571,https://doi.org/10.1145/3397391.3397452,2020.0,Electrohydrodynamic Printing Process Monitoring for Diverse Microstructure Bioscaffold Fabrication,True,other,ml,True,high,
https://openalex.org/W2064698882,https://doi.org/10.1002/masy.200950932,2009.0,Polymer Chain Collapse in Supercritical Fluids. 2. Experimental Evidence,True,other,md,True,medium,
https://openalex.org/W1576886532,,2006.0,Nanopore Detector Feedback Control Using Cheminformatics Methods Integrated with Labview/Labwindows Tools,False,nucleic_acid,ml,True,medium,
https://openalex.org/W4410444970,https://doi.org/10.1016/j.ijbiomac.2025.144299,2025.0,"Tailoring pullulan with procyanidin-loaded carboxymethylcellulose and ovalbumin nanocomplex films for preserving strawberries and mushrooms: In silico, in vitro, and in vivo signs",True,other_polysaccharide,docking,True,high,
https://openalex.org/W4415538989,https://doi.org/10.1016/b978-0-443-24720-0.00004-9,2025.0,Recent advances in the 3D printing of biocomposites,,,,,low,
https://openalex.org/W4413205643,https://doi.org/10.1007/978-3-032-03406-9_4,2025.0,Integrating Machine Learning with Computational Chemistry to Predict Xylan Chain Properties at Scale,,,,,low,
https://openalex.org/W4409523722,https://doi.org/10.1063/5.0245056,2025.0,Nonequilibrium dynamics of the helix–coil transition in polyalanine,False,protein,md,False,high,
https://openalex.org/W3186887266,,2006.0,Molecular dynamics studies of protein-fragment models encapsulated into carbon nanotubes,False,protein,md,False,high,
https://openalex.org/W4411981156,https://doi.org/10.47772/ijriss.2025.906000135,2025.0,Integration of Artificial Intelligence in Biodegradable Plastic Packaging Design: Exploring Stakeholder Attitudes,False,none,none,False,high,
https://openalex.org/W2084899572,https://doi.org/10.1016/j.jtbi.2010.12.019,2010.0,Non-linear models based on simple topological indices to identify RNase III protein members,False,protein,ml,False,high,
https://openalex.org/W4391814498,https://doi.org/10.3390/math12040561,2024.0,"On K-Banhatti, Revan Indices and Entropy Measures of MgO(111) Nanosheets via Linear Regression",False,none,qsar,False,medium,
https://openalex.org/W41159023,,2003.0,Extrusion of starches: Expansion and modeling with neural networks,True,starch,ml,True,high,
https://openalex.org/W4413104444,https://doi.org/10.1002/pls2.70018,2025.0,Development of A Biodegradable Tapioca Starch‐Based Polymeric Composite for Non‐Structural Applications,True,starch,qc,True,high,
https://openalex.org/W2960441233,https://doi.org/10.1007/978-3-030-24265-7_10,2019.0,Molecular Dynamics Simulation Optimization Based on GROMACS on Sunway TaihuLight,,,,,low,
https://openalex.org/W4383483391,https://doi.org/10.1021/acsbiomaterials.3c00088,2023.0,Increase in Charge and Density Improves the Strength and Toughness of Mussel Foot Protein 5 Inspired Protein Materials,True,protein,md,False,high,
https://openalex.org/W4411257202,https://doi.org/10.1016/j.aca.2025.344332,2025.0,Fast-response NIR “off-on” fluorescent sensor for hepaticinjury visualization through butyrylcholinesterase expression monitoring,False,none,docking,True,high,
https://openalex.org/W4365803346,https://doi.org/10.2139/ssrn.4418595,2023.0,Deciphering the Interaction Mechanism And Binding Mode Between Chickpea Protein Isolate and Flavonoids Based on Experimental Studies and Molecular Simulation,,,,,low,
https://openalex.org/W3216032607,https://doi.org/10.1515/chem-2021-0096,2021.0,Molecular and docking studies of tetramethoxy hydroxyflavone compound from Artemisia absinthium against carcinogens found in cigarette smoke,False,none,docking,True,high,
https://openalex.org/W7125922920,https://doi.org/10.5281/zenodo.14626667,2024.0,"Development and testing of innovative solutions for the processing of hybrid materials and nanomaterials using artificial intelligence algorithms, Volume I",True,other,ml,True,medium,
https://openalex.org/W4246207624,https://doi.org/10.1177/1747519819863134,2019.0,"A novel ligand transfer reaction: Transferring an N 3 -donor amine ligand from Ni(II) to Cu(II)—structural, spectral, theoretical, and docking studies",False,none,qc,True,high,
https://openalex.org/W4409247617,https://doi.org/10.1021/acssuschemeng.5c00480,2025.0,"Unraveling the Yellowing Mechanism in Poly(ethylene furanoate) Induced by Trace Impurities of 2,5-Furandicarboxylic Acid",True,other,qc,True,high,
https://openalex.org/W7135956212,,2023.0,Photosensitive pattern to control geometry and activity of a neural network,False,none,none,True,high,
https://openalex.org/W2942189528,https://doi.org/10.1002/bip.23279,2019.0,Peptoids in Wonderland,True,other,qc,False,medium,
https://openalex.org/W7117220404,,2025.0,Harnessing Chitosan and Chitosan Phosphate in vitro to Combat Fungal Spoilage in Vegetables through Molecular Docking Interaction Mechanisms,True,chitosan,docking,True,high,
https://openalex.org/W2082545025,https://doi.org/10.1016/j.cytogfr.2014.11.006,2014.0,On intuition and the discovery of interferon,,,,,low,
https://openalex.org/W7125982154,https://doi.org/10.5281/zenodo.14626666,2024.0,"Development and testing of innovative solutions for the processing of hybrid materials and nanomaterials using artificial intelligence algorithms, Volume I",True,other,ml,True,medium,
https://openalex.org/W4394876827,https://doi.org/10.3390/scipharm92020021,2024.0,"Design, Synthesis and Antimicrobial Potential of Conjugated Metallopeptides Targeting DNA",False,nucleic_acid,md,True,medium,
https://openalex.org/W7115185738,https://doi.org/10.15376/biores.21.1.890-902,2025.0,Harnessing chitosan and chitosan phosphate in vitro to combat fungal spoilage in vegetables through molecular docking interaction mechanisms,True,chitosan,docking,True,high,
https://openalex.org/W7135956212,,2023.0,Photosensitive pattern to control geometry and activity of a neural network,False,none,none,True,high,
https://openalex.org/W4386326432,https://doi.org/10.7554/elife.89918,2023.0,Structural characterization of ligand binding and pH-specific enzymatic activity of mouse Acidic Mammalian Chitinase,False,other_polysaccharide,md,True,high,
https://openalex.org/W4221064799,https://doi.org/10.26434/chemrxiv-2021-6r888-v3,2022.0,Machine Learning Optimization of Lignin Properties in Green Biorefineries,True,lignin,ml,True,high,
https://openalex.org/W2036069325,https://doi.org/10.1109/bhi.2014.6864313,2014.0,Two-stage computational bio-network discovery approach for metabolites: Ovarian cancer as a case study,False,none,ml,False,high,
https://openalex.org/W3033353823,,2019.0,Investigating the Interaction of Chitin in Organic Electrolyte Solutions Using Molecular Dynamics,True,other_polysaccharide,md,True,high,
https://openalex.org/W4283783701,https://doi.org/10.1016/j.rechem.2022.100426,2022.0,Physicochemical and statistical characterization of gas-sensing behaviors of resonator sensors with carbonaceous films prepared by rf-sputtering of aromatic and hydrophilic biomolecules,True,lignin,md,True,high,
https://openalex.org/W2767378879,,2017.0,Efficient large-scale machine learning algorithms for genomic sequences,False,nucleic_acid,ml,False,high,
https://openalex.org/W7159827268,https://doi.org/10.3390/gels12050372,2026.0,Cellulose-Based Conductive Hydrogels: Design Strategies and Applications in Flexible Electronics,True,cellulose,none,False,high,
https://openalex.org/W2065723955,https://doi.org/10.1080/19443994.2012.669176,2012.0,Upgrading of submerged membrane bioreactor operation with regard to soluble microbial products and mathematical modeling for optimisation of critical flux,,,,,low,
https://openalex.org/W4409919904,https://doi.org/10.1021/acsptsci.4c00747,2025.0,Efficient Small-Molecule Reversal Agents for Anticoagulant Fondaparinux,False,none,md,True,high,
https://openalex.org/W2106447179,https://doi.org/10.1002/bip.20463,2006.0,Normal mode analysis of the horseradish peroxidase collective motions: Correlation with spectroscopically observed heme distortions,False,protein,md,False,high,
https://openalex.org/W7124426268,https://doi.org/10.26434/chemrxiv-2026-2dvpc,2026.0,Understanding the aggregation properties of polydopamine with polarizable forcefield molecular dynamics,True,other,md,True,high,
https://openalex.org/W3174078492,https://doi.org/10.21203/rs.3.rs-505801/v1,2021.0,Self-assembling Peptide Discovery: Overcoming Human Bias With Machine Learning,True,protein,ml,True,high,
https://openalex.org/W4405749140,https://doi.org/10.1021/acsapm.4c03574,2024.0,Fabrication of Hydrophobic Lignin-Based Films through Tandem Chemical Modification and Plasma Treatment,True,lignin,md,True,high,
https://openalex.org/W2195699121,https://doi.org/10.1007/s12572-015-0156-8,2015.0,In situ synthesis and simulation of polydisperse amphiphilic membranes,,,,,low,
https://openalex.org/W7125100246,https://doi.org/10.1002/adfm.202522667,2026.0,Bio‐Orthogonally Crosslinked Supramolecular Polymer Bottlebrush Hydrogels for Long‐Term 3D Cell Culture,True,other,ml,True,high,
https://openalex.org/W7203632886,https://doi.org/10.1021/acs.jctc.6c01213,2026.0,Exploring Conformational Transitions of Adenine RNA Dimer via Machine Learning Potentials,False,nucleic_acid,ml,False,high,
https://openalex.org/W7125404785,https://doi.org/10.1016/j.jpowsour.2026.239293,2026.0,Solid-state synergy: Unleashing the potential of composite electrolytes in supercapacitor technologies,,,,,low,
https://openalex.org/W4416373742,https://doi.org/10.1016/j.chroma.2025.466547,2025.0,Adsorption and separation of RNA and protein on imidazolium-type ionic liquids-based chromatographic media: influence of counterions,False,nucleic_acid,docking,True,high,
https://openalex.org/W7155034282,https://doi.org/10.1016/j.biotechadv.2026.108903,2026.0,Polyhydroxyalkanoates production by yeasts – Still possible?,True,pha,none,False,high,
https://openalex.org/W4280497293,https://doi.org/10.2174/1386207325666220514143909,2022.0,Accounting Conformational Dynamics into Structural Modeling Reflected by Cryo-EM with Deep Learning,False,none,ml,False,high,
https://openalex.org/W7161040247,https://doi.org/10.1007/978-981-95-8353-9_8,2026.0,Machine Learning Based Innovation in Polymers for Bio Medical and Energy Storage: Enhancing Safety and Sustainability,,,,,low,
https://openalex.org/W2074926738,https://doi.org/10.1088/1757-899x/64/1/012040,2014.0,Predictive Multiscale Modeling of Nanocellulose Based Materials and Systems,True,cellulose,md,False,high,
https://openalex.org/W1506633939,https://doi.org/10.1023/a:1008063025493,1997.0,Molecular modeling of the neurophysin I/oxytocin complex,False,protein,md,False,high,
https://openalex.org/W4394555879,https://doi.org/10.6084/m9.figshare.6943511,2018.0,Molecular dynamics studies of amylose plasticized with Brazilian Cerrado oils: part I,True,starch,md,False,high,
https://openalex.org/W4412921872,https://doi.org/10.20900/cbgg20250009,2025.0,"Impact of Super Absorbent Polymers (SAPs) on the Morphological, Physiological, and Biochemical Responses of Rapeseed and Maize Under Drought Stress",True,other,ml,True,medium,
https://openalex.org/W7163388458,https://doi.org/10.1016/j.envres.2026.124904,2026.0,Life-cycle and techno-economic analyses of agro-waste-derived biodegradable plastics enhanced via AI-based parametric optimization,True,starch,ml,True,high,
https://openalex.org/W3210811810,,2020.0,The Analysis of Interaction of Monosaccharides With Aminoacids in Food Raw by Quantum-Chemical Methods,True,other_polysaccharide,qc,False,medium,
https://openalex.org/W7161063131,https://doi.org/10.1007/978-981-95-8353-9_6,2026.0,Machine Learning Innovations in Food Packaging: Enhancing Safety and Sustainability,,,,,low,
https://openalex.org/W7143424842,https://doi.org/10.35429/jti.2026.13.31.3.1.8,2026.0,Evaluation of mechanical properties of starch-gelatin-sargassum polymers based on neural networks,True,starch,ml,True,high,
https://openalex.org/W3127259801,,2018.0,Statistical Physics of Evolving Self-Replicators and Ring Neural Networks,False,none,md,False,medium,
https://openalex.org/W7198739383,,2020.0,The analisis of interaction monosaccharides with aminoacides in food row by quantum-chemical methods,True,other_polysaccharide,qc,False,medium,
https://openalex.org/W7170409012,https://doi.org/10.3390/polym18151811,2026.0,Machine Learning-Based Optimization of Mechanical and Morphological Performance of Polylactic Acid Nanocomposites with Lignin Nanoparticles,True,pla,ml,True,high,
https://openalex.org/W3120151093,https://doi.org/10.15587/2706-5448.2020.218156,2020.0,The analisis of interaction of monosaccharides with aminoacids in food raw by quantum-chemical methods,True,other_polysaccharide,qc,False,medium,
https://openalex.org/W4399229161,https://doi.org/10.1016/b978-0-443-15401-0.00008-7,2024.0,Poly(ε-caprolactone) in anticancer drug delivery: current updates,,,,,low,
https://openalex.org/W7161996493,https://doi.org/10.1021/acs.jpcb.6c00206,2026.0,Enhancing Compatibility and Performance of Biobased BEE/PLA Composites: A Combined Molecular Dynamics and Experimental Approach,True,pla,md,True,high,
https://openalex.org/W7170059005,https://doi.org/10.34133/csbj.0198,2026.0,Molecular Dynamics Simulations Demonstrate Reduced Antibiotic Affinity to Mirror Bacterial Targets.,False,protein,md,False,high,
https://openalex.org/W4403245520,https://doi.org/10.1002/ange.202414069,2024.0,‘Invisible’ Molecular Dynamics Revealed for a Conformationally Chiral π‐Stacked Perylene Bisimide Foldamer,False,none,qc,True,high,
https://openalex.org/W4413354776,https://doi.org/10.1016/j.jenvman.2025.127000,2025.0,"""Innovative approaches in microbial community engineering for food waste management: A comprehensive review""",False,none,none,False,high,
https://openalex.org/W4415355076,https://doi.org/10.1016/j.ijbiomac.2025.148424,2025.0,Sustainable synthesis and characterization of inulin/fructans-based polyurethane hydrogels using deep eutectic solvents for drug delivery systems,True,other_polysaccharide,qc,True,high,
https://openalex.org/W4414872065,https://doi.org/10.1016/j.foodhyd.2025.112081,2025.0,Advanced applications of edible coatings/films for fresh mushrooms preservation,,,,,low,
https://openalex.org/W4221027490,https://doi.org/10.5155/eurjchem.13.1.69-77.2188,2022.0,Theoretical study of a single-walled carbon nanotube and a cellulose biofiber as 5-fluorouracil anti-cancer drug carriers,True,cellulose,qc,False,high,
https://openalex.org/W7119520316,https://doi.org/10.1016/j.inoche.2026.116153,2026.0,In vitro cytocompatibility and molecular docking studies of a pectin-Ag-TiO2 nanocomposite hydrogel for enhanced diabetic wound healing,,,,,low,
https://openalex.org/W4417455787,https://doi.org/10.34133/csbj.0198,2026.0,Molecular Dynamics Simulations Demonstrate Reduced Antibiotic Affinity to Mirror Bacterial Targets,False,protein,md,False,high,
https://openalex.org/W4415701576,https://doi.org/10.1021/acssensors.5c01955,2025.0,Polymer-Functionalized Carbon Nanotube Sensors for Volatile Organic Compound Signal Exchange and Bioinspired Molecular Communication,True,cellulose,ml,True,medium,
https://openalex.org/W7131404456,https://doi.org/10.5281/zenodo.18714738,2026.0,"Datasets for ""Exploring Conformational Transitions of RNA Dimers via Machine Learning Potentials""",False,nucleic_acid,ml,False,high,
https://openalex.org/W4400032251,https://doi.org/10.1016/b978-0-443-28824-1.50510-x,2024.0,Data Augmentation Scheme for Raman Spectra with Highly Correlated Annotations,True,pha,ml,False,high,
https://openalex.org/W4410415721,https://doi.org/10.1016/j.ijbiomac.2025.144228,2025.0,Dynamic regulation properties of carrageenan hydrogels based on the Hofmeister effect,True,other_polysaccharide,md,True,high,
https://openalex.org/W2887213341,https://doi.org/10.1007/978-3-319-91352-0_15,2018.0,Computational Molecular Modeling Techniques of Biomacromolecular Systems,,,,,low,
https://openalex.org/W4398131048,https://doi.org/10.24857/rgsa.v18n3-112,2024.0,Current Perspectives on the Development of Food Packaging in Local Agri-Food Systems: an Integrative Review,,,,,low,
https://openalex.org/W2402619377,https://doi.org/10.1016/b978-0-12-416617-2.00004-7,2013.0,Replica Exchange Methods in Biomineral Simulations,True,other,md,False,medium,
https://openalex.org/W7160672843,,2026.0,Accelerating Multiscale Simulations of Open-Porous Materials using Machine Learning-Based Surrogate Models,True,other,ml,True,high,
https://openalex.org/W2964048550,https://doi.org/10.1088/1674-1056/24/6/060202,2015.0,"Reweighted ensemble dynamics simulations: Theory, improvement, and application",False,protein,md,False,high,
https://openalex.org/W4407477929,https://doi.org/10.1016/j.bpj.2024.11.852,2025.0,BPS2025 - Molecular dynamics insight into estrogenic activity of lignin-derived alternatives to Bisphenols A,,,,,low,
https://openalex.org/W3161069077,https://doi.org/10.1021/scimeetings.1c00297,2021.0,Thermal properties of polymers via molecular dynamics simulations and thermal analysis,True,other,md,True,high,
https://openalex.org/W4283747078,https://doi.org/10.3390/ijms23137250,2022.0,Isocyanonaphthol Derivatives: Excited-State Proton Transfer and Solvatochromic Properties,False,none,qc,True,high,
https://openalex.org/W4413048007,https://doi.org/10.1021/acs.jpcb.5c02069,2025.0,Elucidating the Drug Delivery Mechanism in Porous Antibody Implants Using Molecular Simulations and Graph Theory,True,other,md,False,medium,
https://openalex.org/W4399506645,https://doi.org/10.58837/chula.the.2023.84,2023.0,Molecular assembly of hyaluronic acid nanoparticles for drug delivery by molecular dynamics simulation,True,other_polysaccharide,md,False,high,
https://openalex.org/W4233821153,https://doi.org/10.1007/978-3-319-44680-6_87,2020.0,Multiscale Modeling of Lignocellulosic Biomass,,,,,low,
https://openalex.org/W4410196809,https://doi.org/10.1021/acs.jpcb.5c01306,2025.0,Molecular Defenders: Proteins and Phospholipids Enhancing Natural Rubber’s Resilience,True,other,md,False,high,
https://openalex.org/W2466213874,,2014.0,Artificial neural networks applied to biodegradable nanoparticles for Noscapine delivery,True,pla,ml,True,high,
https://openalex.org/W4409725785,https://doi.org/10.1016/j.snb.2025.137861,2025.0,Rapid handheld detection strategy for pyrethroid residues based on dual-channel fluorescence sensor,False,none,qc,True,high,
https://openalex.org/W4417015146,https://doi.org/10.1016/j.apmt.2025.103026,2025.0,Design of cementitious composites with surface-modified carbon nanotubes through multi-scale experiment and machine learning framework,,,,,low,
https://openalex.org/W4405292966,https://doi.org/10.26434/chemrxiv-2024-ptsbg,2024.0,EFGs: A Complete and Accurate Implementation of Ertl’s Functional Group Detection Algorithm in RDKit,False,none,informatics,False,high,
https://openalex.org/W2901412468,https://doi.org/10.1007/978-3-319-50257-1_87-1,2018.0,Multiscale Modeling of Lignocellulosic Biomass,,,,,low,
https://openalex.org/W2715273971,,2017.0,Studying structural change of suckerin protein with molecular dynamics (MD) simulations,True,protein,md,False,high,
https://openalex.org/W4408208000,https://doi.org/10.52783/jns.v14.1861,2025.0,"Synthesis and characterization of new derivatives of CMC-g-PVA and evaluation pharmaceutical release, antibacterial activity, molecular docking",True,cellulose,docking,True,high,
https://openalex.org/W4281615686,https://doi.org/10.1145/3523286.3524534,2022.0,The effect of ethanol on B-DNA in salt solution through Molecular Dynamics Simulations,False,nucleic_acid,md,False,high,
https://openalex.org/W2371102557,,2006.0,QSAR Analysis of Inhibitors of Platelet-Derived Growth Factor Receptor Phosphorylation,False,none,qsar,False,high,
https://openalex.org/W3099286692,https://doi.org/10.1101/2020.11.09.374850,2020.0,Using open data to rapidly benchmark biomolecular simulations: Phospholipid conformational dynamics,False,none,md,False,high,
https://openalex.org/W2031881576,https://doi.org/10.1016/j.bpj.2008.12.2607,2009.0,Mechanical properties of a complete microtubule from all-atom Molecular Dynamics simulation,,,,,low,
https://openalex.org/W4393751694,https://doi.org/10.48550/arxiv.2404.00160,2024.0,Flow dichroism of DNA can be quantitatively predicted via coarse-grained molecular simulations,True,nucleic_acid,md,False,high,
https://openalex.org/W2019077936,https://doi.org/10.1016/j.bpj.2011.11.3467,2012.0,Molecular Dynamics Investigations on Base Sequence Specificity of Counterion Binding to DNA,False,nucleic_acid,md,False,low,
https://openalex.org/W4402955994,https://doi.org/10.1016/j.bpj.2024.09.026,2024.0,Flow dichroism of DNA can be quantitatively predicted via coarse-grained molecular simulations,True,nucleic_acid,md,False,high,
https://openalex.org/W4394520959,https://doi.org/10.6084/m9.figshare.25040459,2024.0,Machine learning predicts electrospray particle size: Dataset,True,pla,ml,False,high,
https://openalex.org/W1997532791,https://doi.org/10.3745/kipstd.2005.12d.6.921,2005.0,Development of a general purpose molecular simulation system from microscopic to mesoscopic scales,False,none,md,False,high,
https://openalex.org/W4409089862,https://doi.org/10.1016/j.jddst.2025.106867,2025.0,Development of poly (vinyl alcohol)/carboxymethyl chitosan hydrogels loaded with encapsulated tea tree oil for wound care application,,,,,low,
https://openalex.org/W1753194014,https://doi.org/10.1002/bip.22596,2014.0,The effect of local dynamics of A tto 390‐labeled lysozyme on fluorescence anisotropy modeling,False,protein,md,True,high,
https://openalex.org/W1995228394,https://doi.org/10.1016/j.bpj.2010.12.1353,2011.0,Stereochemistry and Protein Folding: Spectroscopic and Molecular Dynamics Studies of Homopolypeptides in DMSO,,,,,low,
https://openalex.org/W4409098247,https://doi.org/10.1109/ce2ct64011.2025.10939680,2025.0,Development of Additive Manufacturing Design Based on Machine Learning: A Biomedical Engineering Approach,False,none,ml,True,high,
https://openalex.org/W4407099487,https://doi.org/10.1016/j.molliq.2025.127076,2025.0,Recyclable urea-polyols solvents as molecular scissors for extracting keratin from waste feather,,,,,low,
https://openalex.org/W4408801763,https://doi.org/10.3390/molecules30071412,2025.0,The Dynamical Asymmetry in SARS-CoV2 Protease Reveals the Exchange Between Catalytic Activity and Stability in Homodimers,False,protein,md,False,high,
https://openalex.org/W4412044452,https://doi.org/10.1016/j.ijbiomac.2025.145738,2025.0,Combining experimental and molecular computational approaches for enhanced removal of organic and inorganic pollutants via diafiltration using chitosan with permanent cationic charges,True,chitosan,qc,True,high,
https://openalex.org/W4416588459,https://doi.org/10.1016/j.carres.2025.109764,2025.0,"Toward sustainable, smart, and multifunctional Carrageenan bio(nano)composites: Mechanistic insights, physicochemical properties, biomedical interfaces, and AI-driven design perspectives",True,other_polysaccharide,ml,False,high,
https://openalex.org/W2120184008,https://doi.org/10.1109/iembs.2009.5333338,2009.0,Molecular mechanism for conformation mobility of the active center of glucose oxidase adsorbed on single wall carbon nanotubes,False,none,md,False,high,
https://openalex.org/W4412871333,https://doi.org/10.1101/2025.07.15.665023,2025.0,A Deep Learning-based Method for Drug Molecule Representation and Property Prediction,False,none,ml,False,high,
https://openalex.org/W7117164806,https://doi.org/10.1021/acs.jpcb.5c06703,2025.0,"Properties of PVA, Chitosan, and Collagen Solutions and Their Role in Electrospinning: Insights from Simulations and Experiments",True,other_polysaccharide,md,True,high,
https://openalex.org/W2905583091,https://doi.org/10.1088/1742-6596/1134/1/012002,2018.0,Solvent-resistant cellulose membranes for membrane gas-liquid contactors,True,cellulose,solubility,True,high,
https://openalex.org/W3210526571,https://doi.org/10.9734/jpri/2021/v33i47a32998,2021.0,Diosgenin Nanoparticles Competes Plain Diosgenin on Reviving Biochemical and Histopathological Alterations in DMBA Induced Rat Mammary Carcinoma via Modulating the AhR-Nrf-2 Signaling Cascades,False,chitosan,docking,True,high,
https://openalex.org/W4404839732,https://doi.org/10.1002/ange.202411097,2024.0,Property Prediction of Bio‐Derived Block Copolymer Thermoplastic Elastomers Using Graph Kernel Methods,True,other,ml,False,high,
https://openalex.org/W7165902344,https://doi.org/10.5281/zenodo.20838383,2026.0,"Datasets for ""Exploring Conformational Transitions of Adenine RNA Dimer via Machine Learning Potentials""",False,nucleic_acid,ml,False,high,
https://openalex.org/W308966655,https://doi.org/10.17466/tq2014/18.4/l,2014.0,Towards mechanisms of nanotoxicity - interaction of gold nanoparticles with proteins and DNA,False,none,md,False,high,
https://openalex.org/W4410760632,https://doi.org/10.1016/j.ijbiomac.2025.144669,2025.0,Archaeal tyrosinase as a versatile biocatalyst for lignin-derived aromatic compounds valorization,True,lignin,docking,True,high,
https://openalex.org/W7131438650,https://doi.org/10.5281/zenodo.18714737,2026.0,"Datasets for ""Exploring Conformational Transitions of Adenine RNA Dimer via Machine Learning Potentials""",False,nucleic_acid,ml,False,high,
https://openalex.org/W4398773367,https://doi.org/10.1016/j.heliyon.2024.e31671,2024.0,"Antimicrobial topical polymeric films loaded with Acetyl-11-keto-β-boswellic acid (AKBA), boswellic acid and silver nanoparticles: Optimization, characterization, and biological activity",True,other_polysaccharide,docking,True,high,
https://openalex.org/W4410471135,https://doi.org/10.1080/09205063.2025.2503924,2025.0,Whispers beneath the skin: how microneedles are shaping tomorrow’s therapies,False,none,none,False,low,
https://openalex.org/W4413452973,https://doi.org/10.1016/j.apcatb.2025.125880,2025.0,One-step valorization of cellulose acetate plastic waste into 5-hydroxymethylfurfural,,,,,low,
https://openalex.org/W2507145333,https://doi.org/10.4172/2090-4568.c1.003,2016.0,Conformational transitions of uracil transporter-UraA from Escherichia coli: A molecular simulation study,True,pha,none,True,high,
https://openalex.org/W2111766500,,2009.0,Molecular dynamics simulations regarding the properties of cellulose/chondroitin-sulphate based hydrogels as drug delivery matrices,True,cellulose,md,False,high,
https://openalex.org/W3200024873,https://doi.org/10.17918/etd-1218,2006.0,Silk protein as a biomaterial for tissue engineering application,True,protein,md,True,high,
https://openalex.org/W7160136329,https://doi.org/10.1021/acs.jpclett.6c00770,2026.0,DEEP Phaser: A Deep Learning Tandem Vision Transformer for Fully Automated NMR Phase Correction,False,none,ml,True,high,
https://openalex.org/W4280625154,https://doi.org/10.3390/polym14102042,2022.0,Theory of Weakly Polydisperse Cytoskeleton Filaments,False,protein,molecular_modelling,False,medium,
https://openalex.org/W7115000871,https://doi.org/10.1016/j.ccr.2025.217479,2025.0,Cellulose/zeolitic imidazolate framework (ZIF) hybrid: Recent progress in synthesis and applications,,,,,low,
https://openalex.org/W4414883529,https://doi.org/10.1007/s00253-025-13605-z,2025.0,Revealing the essential role of the lid in mclPHA intracellular depolymerase from Pseudomonas putida KT2440,True,pha,md,True,high,
https://openalex.org/W7164888884,https://doi.org/10.5281/zenodo.20711789,2025.0,Artificial Intelligence-Assisted Safe and Sustainable by Design Workflows applied to Case Studies on Chemicals and Materials,True,other,ml,False,medium,
https://openalex.org/W7164935667,https://doi.org/10.5281/zenodo.20711788,2025.0,Artificial Intelligence-Assisted Safe and Sustainable by Design Workflows applied to Case Studies on Chemicals and Materials,True,other,ml,False,medium,
https://openalex.org/W4225659894,https://doi.org/10.2139/ssrn.4079588,2022.0,Modeling the Effect of Physical Crosslinking Degree of pH and Temperature Responsive Poly(NIPAAm-Co-VSA)/Alginate IPN Hydrogels on Drug Release Behavior,,,,,low,
https://openalex.org/W4382989801,https://doi.org/10.3390/books978-3-0365-7948-1,2023.0,Cellulose (Nano)Composites,True,cellulose,md,False,high,
https://openalex.org/W4417476674,https://doi.org/10.1016/j.watres.2025.125217,2025.0,"Efficient demulsification of emulsified oil wastewater by graft-functionalized β-cyclodextrin flocculants: The effect of charge density, hydrophobicity, and graft chain length",True,other_polysaccharide,qc,True,high,
https://openalex.org/W7164351799,https://doi.org/10.1016/j.seppur.2026.138797,2026.0,"Rational design of engineered konjac glucomannan for sustainable water remediation: Multiscale engineering, mechanistic insights, and machine learning",,,,,low,
https://openalex.org/W7151846758,https://doi.org/10.1039/d5an01256b,2026.0,Advances in single-molecule junctions for the detection of hazardous pollutants,False,none,none,False,low,
https://openalex.org/W1970670313,https://doi.org/10.1080/07391102.2013.786351,2013.0,109 Molecular dynamics done quick: efficient trajectory analysis software,False,nucleic_acid,md,False,high,
https://openalex.org/W4414718709,https://doi.org/10.1016/j.powtec.2025.121715,2025.0,Study on the dust removal efficiency of respirable dust by discrete foam system based on quaternized guar gum / foaming agent,,,,,low,
https://openalex.org/W4411257388,https://doi.org/10.1016/j.jbc.2025.108981,2025.0,Abstract 2094 Molecular Dynamics Insight into Estrogenic Activity of Lignin-derived Alternatives to Bisphenols A,False,lignin,md,False,medium,
https://openalex.org/W4223638510,https://doi.org/10.7736/jkspe.021.096,2022.0,A Study on 3D Printing Conditions Prediction Model of Bone Plates Using Machine Learning,True,pla,ml,True,medium,
https://openalex.org/W7124838683,https://doi.org/10.3390/gels12010080,2026.0,Emerging Gel Technologies for Atherosclerosis Research and Intervention,True,other,none,False,medium,
https://openalex.org/W2041239734,https://doi.org/10.1002/bip.21503,2010.0,Molecular modeling and NMR studies of benzyl substituted mannosyl trisaccharide binding to two mannose‐specific lectins: Allium sativam agglutinin I and Concanavalin A,False,other_polysaccharide,md,True,high,
https://openalex.org/W4391667473,https://doi.org/10.12982/cmjs.2024.013,2024.0,Advancing Sustainable Solutions: Exploring United Atom Model for Efficient Molecular Dynamics Simulation of Poly-ethylene Vanillic (PEV) Polymer,True,other,md,False,high,
https://openalex.org/W860485673,https://doi.org/10.1063/1.4915725,2015.0,Multi input single output model predictive control of non-linear bio-polymerization process,True,pha,ml,False,medium,
https://openalex.org/W3133213603,https://doi.org/10.1016/b978-0-12-822312-3.00003-5,2021.0,Do It Yourself—Dock It Yourself: General Concepts and Practical Considerations for Beginners to Start Molecular Ligand–Target Docking Simulations,False,none,docking,False,high,
https://openalex.org/W7155020264,https://doi.org/10.18384/2949-5067-2025-4-200,2026.0,Molecular Dynamics Simulation of Graphene and Graphene Oxide Clusters in Solution and at the Surface of Bacterial Intracellular Polymers,False,nucleic_acid,md,False,high,
https://openalex.org/W7167517724,https://doi.org/10.1016/j.ica.2026.123358,2026.0,"A violurate-based platinum(II) complex: PXRD/DFT structure characterization, bio-macromolecular interactions, biological evaluation, and molecular docking studies",,,,,low,
https://openalex.org/W183747438,https://doi.org/10.1007/978-94-007-5536-9_7,2012.0,Dynamics at Fluid Solid Interfaces: Porous Media and Colloidal Particles,,,,,low,
https://openalex.org/W7127080832,https://doi.org/10.1002/jcc.70322,2026.0,The Hydration Blueprint of Polylactic Acid: Computational Decoding of Noncovalent Interactions for Predictive Biodegradation,True,pla,qc,False,high,
https://openalex.org/W4410549694,https://doi.org/10.1063/5.0272616,2025.0,"Beyond biomedical frontiers: Multidimensional applications of silk and its derived proteins in energy, environment, and agri-food systems",True,protein,none,False,high,
https://openalex.org/W7133004684,,2025.0,Automatization of lignin dispersion analysis in rubber with deep learning and purpose-built software,True,lignin,ml,True,high,
https://openalex.org/W2324774317,https://doi.org/10.12974/2309-6136.2014.02.01.3,2014.0,A Review in Innovation in Ocular Prostheses and Visual Implants: New Biomaterials and Neuro-Implants is the Challenge for the Visual Care,True,other_polysaccharide,none,False,medium,
https://openalex.org/W4406682735,https://doi.org/10.1016/j.ijbiomac.2025.140136,2025.0,"Interaction of normelinonine F and related N-methyl-β-carbolines derivatives with bovine serum albumin. Spectroscopic profiles, multivariate analysis and theoretical calculations",False,none,docking,True,high,
https://openalex.org/W4402630520,https://doi.org/10.1016/j.carpta.2024.100569,2024.0,Biological activity and chemical characteristics studies of new oligomannose produced by Erwinia gerundensis,True,other_polysaccharide,docking,True,high,
https://openalex.org/W4415961215,https://doi.org/10.1021/acs.jchemed.5c00795,2025.0,Illuminating the Interface of Blocc Chemistry and Data Science: Maximizing Function with ML-Guided Discovery and a Digital Molecule Maker,False,none,ml,True,medium,
https://openalex.org/W4414163338,https://doi.org/10.1016/j.nexres.2025.100768,2025.0,"Advances in upcycling waste cellulose into functional materials: strategies, challenges, and emerging applications – A comprehensive review",,,,,low,
https://openalex.org/W7171530799,https://doi.org/10.4491/ksee.2026.48.7.174,2026.0,Machine Learning-Based Interpretation of Operating Conditions for Enriching Polyhydroxyalkanoate-Accumulating Microorganisms,True,pha,ml,True,high,
https://openalex.org/W2998803559,https://doi.org/10.1088/1361-6641/ab6baf,2020.0,Investigation of electrical performance and synaptic long-term plasticity of memristive devices with new transition metal carbide,False,none,none,True,high,
https://openalex.org/W4244703914,https://doi.org/10.1002/1097-0282(200109)59:3<145::aid-bip1014>3.3.co;2-q,2001.0,Role of salt bridges in homeodomains investigated by structural analyses and molecular dynamics simulations,False,protein,md,False,high,
https://openalex.org/W4401516541,https://doi.org/10.2478/arls-2024-0005,2024.0,AlphaFold Modeling and Computational Analysis of a PHA Synthase from Actinophytocola algeriensis,True,pha,ml,False,high,
https://openalex.org/W4404385719,https://doi.org/10.21275/sr22714120340,2022.0,Meta - Analysis of Self - Assembly of Aromatic Amino Acids: A Molecular Dynamics Study,True,protein,md,True,high,
https://openalex.org/W2148929701,https://doi.org/10.6100/ir750910,2013.0,Multi-scale coarse graining and molecular dynamics simulations of vesicle formation,False,none,md,False,high,
https://openalex.org/W4405899342,https://doi.org/10.1038/s41598-024-83690-z,2024.0,Identification of nine mammal monosaccharides by solid-state nanopores,True,other_polysaccharide,ml,True,high,
https://openalex.org/W7203596196,https://doi.org/10.1016/j.nxcen.2026.100100,2026.0,Molecular dynamics insights into the tensile behavior of CNT-reinforced PLA and PGA nanocomposites,True,pla,md,False,high,
https://openalex.org/W2089343739,https://doi.org/10.1016/j.cclet.2009.05.018,2009.0,Molecular modeling of epsilon RNA from hepatitis B virus,,,,,low,
https://openalex.org/W4413417663,https://doi.org/10.1109/access.2025.3598792,2025.0,Robust Visual Servoing and CNN-Based Thermal Imaging for Sugarcane Row Following With a Skid-Steering Mobile Robot,False,none,ml,False,high,
https://openalex.org/W4412459404,https://doi.org/10.1016/j.seppur.2025.134360,2025.0,Strongly coupled Bi2S3/CoTiO3 heterostructure with alginate encapsulated hydrogel for boosting peroxymonosulfate activation: Reaction sites and activation mechanism,,,,,low,
https://openalex.org/W2599472924,https://doi.org/10.5657/kfas.2016.0815,2016.0,Molecular Dynamics Simulation Studies of the Effects of the Protonation State of Chitosan in Interactions with Bacterial Membranes,True,chitosan,md,False,high,
https://openalex.org/W4405172542,https://doi.org/10.32571/ijct.1491250,2024.0,Theoretical Study of the Regioselectivity of Some Monomers: Chitin and Chitosan,True,chitosan,qc,False,high,
https://openalex.org/W4412940307,https://doi.org/10.1038/s41428-025-01049-1,2025.0,Special issue: Current topics in liquid–liquid phase separation,,,,,low,
https://openalex.org/W4387457425,https://doi.org/10.22541/au.169672506.60098990/v1,2023.0,Establishing Generalized Rheological Models of Lignin-based Solutions via Molecular Parameters Using Machine Learning,True,lignin,ml,True,high,
https://openalex.org/W4416276934,https://doi.org/10.1021/bk-2025-1520.ch002,2025.0,"Green Nanomaterials: Fabrication, Sources, and Benefits",True,other,ml,False,low,
https://openalex.org/W3092947445,https://doi.org/10.1021/acs.chemrestox.0c00220,2020.0,Theoretical Studies of the Mechanism of Carbamoylation of Nucleobases by Isocyanates,False,nucleic_acid,qc,False,high,
https://openalex.org/W4412440527,https://doi.org/10.1021/acs.jctc.5c00700,2025.0,Coacervation of Elastin-Like Polypeptides: A Coarse-Grained Perspective,True,protein,md,False,high,
https://openalex.org/W4224248266,https://doi.org/10.1016/j.checat.2022.04.002,2022.0,A promising new paradigm for performance-advantaged nylon sourced from β-ketoadipic acid,,,,,low,
https://openalex.org/W4280564623,https://doi.org/10.3390/molecules27103252,2022.0,Effects of Spiro-Cyclohexane Substitution of Nitroxyl Biradicals on Dynamic Nuclear Polarization,False,none,qc,True,high,
https://openalex.org/W2180866151,https://doi.org/10.1002/bip.22787,2015.0,Hybrid simulation approach incorporating microscopic interaction along with rigid body degrees of freedom for stacking between base pairs,False,nucleic_acid,md,False,high,
https://openalex.org/W4402811815,https://doi.org/10.1109/icecai62591.2024.10674810,2024.0,Machine Learning Using Multi-Dimensional Feature Set for Seed Medicine Identification,False,none,ml,True,high,
https://openalex.org/W1888397038,,2015.0,Insilico modeling of chitosan as a drug delivery system,True,chitosan,qsar,False,medium,
https://openalex.org/W2053044115,https://doi.org/10.1557/proc-844-y1.7,2004.0,Evaluation of Deformation Mechanisms at Mineral-Protein Composite Interface Using Steered Molecular Dynamics Simulations,,,,,low,
https://openalex.org/W4415452953,https://doi.org/10.1080/10826068.2025.2568702,2025.0,Multi-approach optimization of exopolysaccharide production from Leuconostoc mesenteroides ABNFT-1 using statistical and AI-based model,True,other_polysaccharide,ml,True,high,
https://openalex.org/W4391653239,https://doi.org/10.1016/j.polymer.2024.126774,2024.0,Conformational variability of intrinsically isotropic polymers with varying stiffness immersed in nematogenic solvents,False,none,md,False,medium,
https://openalex.org/W3011802200,,2019.0,Investigating the mechanical properties of Ibeta crystalline cellulose and dislocated cellulose by molecular dynamics simulation,True,cellulose,md,False,high,
https://openalex.org/W7136061403,https://doi.org/10.1016/j.ijbiomac.2026.151408,2026.0,Engineering UvsY solubility through local hydrophobic cluster disruption enables enhanced recombination mediator activity,False,protein,md,True,high,
https://openalex.org/W4395103123,https://doi.org/10.1299/jsmecmd.2023.36.os-2114,2023.0,Investigation of Mechanical Properties of Crystalline Phase of Poly (L-lactic Acid) by Molecular Dynamics Simulation,True,pla,md,False,high,
https://openalex.org/W2774426472,https://doi.org/10.1063/1.5013838,2017.0,Analysis of the structure of poly-3-hydroxybutyrate ultrathin fibers modified with iron (III) complex with tetraphenylporphyrin,True,pha,md,True,high,
https://openalex.org/W7133328444,https://doi.org/10.3390/polysaccharides7010026,2026.0,"Effects of Starch on the Improvement of Mechanical, Thermal, and Water-Solubility Properties of Films Developed with Gelatin/Starch/Procyanidins Blends",True,starch,docking,True,high,
https://openalex.org/W7150996629,https://doi.org/10.69613/vnegmx16,2026.0,"A Review on Extraction, Multi-Industrial Applications and Sustainable Valorization of Apple Pomace",True,pectin,ml,False,medium,
https://openalex.org/W7118743991,https://doi.org/10.1021/acs.jpcb.5c07277,2026.0,Insights into the Electronic and Structural Properties of Cellulose and Amylose: A Comparative Force Field Study,True,other_polysaccharide,md,False,high,
https://openalex.org/W7163746201,https://doi.org/10.2139/ssrn.6890959,2026.0,Molecular Simulation of Sodium Lauroyl Sarcosinate for CO2 Geological Storage in Deep Coal Seams,,,,,low,
https://openalex.org/W2540486392,https://doi.org/10.1063/1.5039292,2018.0,Dynamics of partially folded and unfolded proteins investigated with quasielastic neutron spectroscopy,False,protein,none,True,high,
https://openalex.org/W4394340933,https://doi.org/10.6084/m9.figshare.21205604,2022.0,Supplementary Material for: Convolution Neural Networks and Targeted Fluorescent Nanoparticles to Detect and ICDAS Score Caries,True,starch,ml,True,high,
https://openalex.org/W4403515017,https://doi.org/10.1007/978-3-031-70462-8_16,2024.0,Multi-objective Modeling of Additively Manufactured Bio-Composite Based on Machine Learning Regression,,,,,low,
https://openalex.org/W4387777498,https://doi.org/10.26434/chemrxiv-2023-f2zxd-v2,2023.0,Parameterization of general organic polymers within the Open Force Field framework,True,other,md,False,high,
https://openalex.org/W7169614107,https://doi.org/10.3390/nano16140876,2026.0,Sustainable Nanotechnology Approaches for Rapid Food Contaminant Detection and Future Food Safety Systems,False,none,none,False,high,
https://openalex.org/W4386793141,https://doi.org/10.58837/chula.the.2019.118,2019.0,Structure and hydration property of low molecular weight hyaluronic acid by molecular dynamics simulations,True,other_polysaccharide,md,False,high,
https://openalex.org/W7117469368,https://doi.org/10.1016/j.ijbiomac.2025.149963,2025.0,"Microbial hyaluronic acid production by integrating molecular structure, biological function, purification, and application",True,other_polysaccharide,none,False,medium,
https://openalex.org/W4415502347,https://doi.org/10.1093/gigascience/giaf127,2025.0,CryoDataBot: a pipeline to curate cryoEM datasets for AI-driven structural biology,False,none,ml,False,high,
https://openalex.org/W1969624892,https://doi.org/10.1002/bip.20880,2007.0,Coarse‐grained lattice model simulations of sequence‐structure fitness of a ribosome‐inactivating protein,False,protein,md,False,high,
https://openalex.org/W4413201649,https://doi.org/10.2139/ssrn.5388402,2025.0,Kolaflavanone of Kolaviron's Influence on the Conformational Stability and Structural Dynamics of Calf Thymus DNA: A Multi-Spectroscopic and Molecular Dynamics Analysis,False,nucleic_acid,md,True,medium,
https://openalex.org/W7115099011,,2025.0,Evaluating the effects of chitin and Its analogues with improved solubility on human Hexokinase Isoform 2 for Dengue treatment via virtual screening analyses,False,other_polysaccharide,docking,False,high,
https://openalex.org/W4394880773,https://doi.org/10.1007/978-981-99-8819-8_5,2024.0,"Harnessing Machine Learning, Blockchain, and Digital Twin Technology for Advanced Robotics in Manufacturing: Challenges and Future Directions",,,,,low,
https://openalex.org/W2297658883,,2011.0,Atomistic dynamic modelling of amylose fragments with different hydration and glycerol concentration: Equilibrium behaviour and Tg estimation,True,starch,md,False,high,
https://openalex.org/W2077555871,https://doi.org/10.1016/j.molstruc.2011.04.046,2011.0,DFT calculation analysis of terahertz time-domain spectra of polyalanines,,,,,low,
https://openalex.org/W4409667216,https://doi.org/10.20884/1.jm.2025.20.1.12649,2025.0,Evaluating The Effects of Chitin and Its Analogues with Improved Solubility on Human Hexokinase Isoform 2 for Dengue Treatment via Virtual Screening Analyses,False,chitin,docking,False,high,
https://openalex.org/W7203569985,https://doi.org/10.1007/978-1-0716-5420-0_7,2026.0,Exploring Nucleic Acid Structure and Function with Molecular Dynamics and Fragment Molecular Orbital Methods,False,nucleic_acid,md,False,high,
https://openalex.org/W4404514726,https://doi.org/10.1016/j.jddst.2024.106418,2024.0,"Hyaluronic acid functionalized chitosan nanoparticles for the delivery of ellagic acid to breast cancer cells: Fabrication, characterization and pharmacological assessment",,,,,low,
https://openalex.org/W275897377,https://doi.org/10.1007/978-3-642-61223-7_4,1994.0,Two-Dimensional Exchange NMR Spectroscopy in Polymer Research,,,,,low,
https://openalex.org/W4414564813,,2025.0,Investigating the Effect of Water on the Mechanical Properties of Cellulose from Multiscale Molecular Dynamics Simulations,True,cellulose,md,False,high,
https://openalex.org/W7134185752,https://doi.org/10.1002/slct.72834,2026.0,Comparative Study and Molecular Docking of Chitosan‐Based Thin Films Enriched With Commiphora mukul and Commiphora kua Resins as an Active Packaging Material,True,chitosan,docking,True,high,
https://openalex.org/W4409325108,https://doi.org/10.1063/4.0000373,2025.0,Resolving Structural Dynamics in Biological Macromolecules with Time-resolved X-ray Solution Scattering and Molecular Dynamics Simulation,False,protein,md,False,high,
https://openalex.org/W7133191393,https://doi.org/10.1021/acs.analchem.5c07017,2026.0,Studying Collagen Architecture in Solution by Raman Optical Activity Spectroscopy,False,protein,qc,True,high,
https://openalex.org/W2802911702,https://doi.org/10.1007/978-981-10-7904-7_17,2018.0,Conformational Motions of Disordered Proteins,,,,,low,
https://openalex.org/W1970097261,https://doi.org/10.1002/bip.22007,2012.0,Silks: Properties and uses of natural and designed variants,True,protein,md,True,high,
https://openalex.org/W2034694272,https://doi.org/10.1007/s11095-012-0871-9,2012.0,Metal Ions Guided Self-assembly of Therapeutic Proteins for Controllable Release: From Random to Ordered Aggregation,False,protein,md,True,medium,
https://openalex.org/W2774349728,https://doi.org/10.1109/bibm.2017.8217714,2017.0,Repairing gaps in Kinari-2 for large scale protein and flexibility analysis applications,False,protein,molecular_modelling,False,high,
https://openalex.org/W7162080306,https://doi.org/10.1016/j.xcrp.2026.103319,2026.0,Molecular dynamics of reversible iron-catechol complexes as a toughening mechanism for mussel foot protein assemblies,True,protein,md,False,high,
https://openalex.org/W4410861427,https://doi.org/10.33915/etd.12723,2025.0,"Native mass spectrometry techniques and molecular dynamics simulations for characterizing the conformational landscape of peptides, protein-ligand complexes, and integral membrane proteins",False,protein,md,True,high,
https://openalex.org/W4411765415,https://doi.org/10.1002/ajoc.202500475,2025.0,Synthesis of Crosslinked Biopolyesters Catalyzed by Natural Amino Acids,True,other,qc,True,high,
https://openalex.org/W4411765415,https://doi.org/10.1002/ajoc.202500475,2025.0,Synthesis of Crosslinked Biopolyesters Catalyzed by Natural Amino Acids,True,other,qc,True,high,
https://openalex.org/W4385516449,https://doi.org/10.1101/2023.08.02.551720,2023.0,Dissecting Mechanisms of Ligand Binding and Conformational Changes in the Glutamine-Binding Protein,False,protein,md,True,high,
https://openalex.org/W4393889553,https://doi.org/10.5281/zenodo.2577920,2018.0,Sensitivity Datasets - Leveraging Implicit Knowledge in Neural Networks for Functional Dissection and Engineering of Proteins,False,protein,ml,False,medium,
https://openalex.org/W4415513785,https://doi.org/10.1071/ch25122,2025.0,Shaping the future of constrained peptides and compact proteins in drug discovery,False,protein,none,False,medium,
https://openalex.org/W4393519464,https://doi.org/10.5281/zenodo.1402816,2018.0,Sensitivity Datasets - Leveraging Implicit Knowledge in Neural Networks for Functional Dissection and Engineering of Proteins,False,protein,ml,False,medium,
https://openalex.org/W4411509361,https://doi.org/10.2139/ssrn.5314857,2025.0,Deciphering and Predicting Algal Bloom Variability Using Size-Fractionated Organic Matter and Machine Learning in a Complex Watershed,,,,,low,
https://openalex.org/W3204705091,https://doi.org/10.1109/csaiee54046.2021.9543134,2021.0,Application of deep intensive learning in RNA secondary structure prediction,False,nucleic_acid,ml,False,high,
https://openalex.org/W2807381304,https://doi.org/10.1063/1.5019939,2018.0,Concentration-dependent and configuration-dependent interactions of monovalent ions with an RNA tetraloop,False,nucleic_acid,md,False,high,
https://openalex.org/W7134119721,https://doi.org/10.1016/j.ijbiomac.2026.151274,2026.0,Bioactive nanocomposite zein-HPMC films incorporating green-synthesized silver nanoparticles from date seed extract for sustainable food preservation,True,protein,docking,True,high,
https://openalex.org/W7203680855,https://doi.org/10.1016/j.compgeo.2026.108555,2026.0,Interfacial mechanical evolution of xanthan gum-treated clay under hydro-thermal conditions: a molecular dynamics study,,,,,low,
https://openalex.org/W7201871046,https://doi.org/10.1039/d6ay00884d,2026.0,Geometry driven machine learning guided fabrication of sub-5 µm PLGA microparticles for balloon catheter drug delivery,True,pla,ml,True,high,
https://openalex.org/W7134285768,https://doi.org/10.21926/rpse.2601003,2026.0,Investigating Interfacial Thermal Resistance and Effective Thermal Conductivity in Epoxidized Natural Rubber Composites,True,other,md,False,high,
https://openalex.org/W4386888870,https://doi.org/10.1088/1755-1315/1230/1/012165,2023.0,"The effect of carrageenan-gluten ratio and garlic essential oil concentration on physical, mechanical, and antimicrobial properties of edible film",True,other_polysaccharide,none,True,high,
https://openalex.org/W4415712544,https://doi.org/10.1016/j.copbio.2025.103377,2025.0,Building a lignin biofoundry: a review,True,lignin,none,False,high,
https://openalex.org/W4386648808,https://doi.org/10.1063/10.0020604,2023.0,Adsorption of flexible linker for siRNA on carbon nanotube using pyrene anchor: Molecular dynamics simulation,True,nucleic_acid,md,False,high,
https://openalex.org/W2396551029,https://doi.org/10.1002/bip.22864,2016.0,Modification in hydrophobic packing of HAMP domain induces a destabilization of the auto‐phosphorylation site in the histidine kinase CpxA,False,protein,md,True,high,
https://openalex.org/W4411301246,https://doi.org/10.1002/anie.202501441,2025.0,Complex Donuts: Small Variations in DNA Sequence Dictate Pathway Complexity in DNA Nanotoroids,True,nucleic_acid,md,True,high,
https://openalex.org/W4294982640,https://doi.org/10.56845/rebs.v3i1.36,2021.0,Molecular interaction between ionic liquids with lignin dimers,True,lignin,md,False,high,
https://openalex.org/W2410146218,https://doi.org/10.1021/acs.jpcb.5b01904,2015.0,"Reactivity Pattern of Bromonucleosides Induced by 2-Hydroxypropyl Radicals: Photochemical, Radiation Chemical, and Computational Studies",False,nucleic_acid,qc,True,high,
https://openalex.org/W7140115751,https://doi.org/10.1016/j.polymdegradstab.2026.112076,2026.0,Fabrication of high-expansion PLA/PPC nanocellular foam via supercritical CO2 and DFT-based nucleation kinetics analysis,,,,,low,
https://openalex.org/W4400045010,https://doi.org/10.21608/eajbsc.2024.360286,2024.0,Impact of Machine Learning on Raman and Raman Optical Activity (ROA) Spectroscopic Analyses of ribonucleic acid structure,False,nucleic_acid,ml,False,high,
https://openalex.org/W4415369813,https://doi.org/10.3390/pollutants5040037,2025.0,Synergistic Approaches for Navigating and Mitigating Agricultural Pollutants,False,none,ml,False,low,
https://openalex.org/W4411403750,https://doi.org/10.20944/preprints202506.1487.v1,2025.0,The “Colors” of Moringa: Biotechnological Approaches,True,other,ml,False,low,
https://openalex.org/W4393321378,https://doi.org/10.1016/j.chemphys.2024.112282,2024.0,"Investigating with molecular dynamics, self-assembly of enantiomeric forms of PLA/functionalized-PLA in different solvent conditions",,,,,low,
https://openalex.org/W3158171455,https://doi.org/10.21203/rs.3.rs-331123/v1,2021.0,Experimental and DFT studies on the structural and optical properties of chitosan/polyvinyle pyrrolidone/ZnS nano composites,True,chitosan,qc,True,high,
https://openalex.org/W4401666686,https://doi.org/10.1007/s40964-024-00741-7,2024.0,Experimental investigation and prediction of surface roughness in abrasive flow finishing of additive manufactured pure copper,,,,,low,
https://openalex.org/W4404841565,https://doi.org/10.1101/2024.11.26.625515,2024.0,Decoding substrate specificity determining factors in glycosyltransferase-B enzymes – Insights from machine learning models,False,none,ml,False,high,
https://openalex.org/W3212127038,https://doi.org/10.26434/chemrxiv.8178722.v1,2019.0,LIGNIN-KMC: A Toolkit for Simulating Lignin Biosynthesis,True,lignin,qc,False,high,
https://openalex.org/W7171659134,https://doi.org/10.3390/polym18151859,2026.0,Interfacial Interaction and Sintering Mechanism of Cellulose/Polylactic Acid Composites in Selective Laser Sintering: A Molecular Dynamics Simulation,True,cellulose,md,False,high,
https://openalex.org/W7164641358,https://doi.org/10.1016/j.mineng.2026.110528,2026.0,An eco-friendly organic inhibitor locust bean gum used in the flotation separation of apatite and dolomite: Separation performance and the underlying mechanism,,,,,low,
https://openalex.org/W2981327118,https://doi.org/10.1093/nsr/nwz155,2019.0,Paradigm shift in science with tackling global challenges,,,,,low,
https://openalex.org/W4417287038,https://doi.org/10.1149/2162-8777/ae2c1c,2025.0,"Nanomaterial-Engineered Solid-State Sensors: Advances in Metal Oxides, MXenes, and Sustainable Electronics",True,other,none,False,medium,
https://openalex.org/W7127654972,https://doi.org/10.6084/m9.figshare.31251279,2026.0,Machine learning optimization between pullulan recovery and adsorptive removal of melanin using date seed biochar,True,other_polysaccharide,ml,True,high,
https://openalex.org/W4408125617,https://doi.org/10.55248/gengpi.6.0225.0927,2025.0,"Advancing Food Preservation Techniques for Enhanced Shelf Life, Safety, and Nutritional Retention Through Innovation",False,none,none,False,low,
https://openalex.org/W7127576222,https://doi.org/10.6084/m9.figshare.31251279.v1,2026.0,Machine learning optimization between pullulan recovery and adsorptive removal of melanin using date seed biochar,True,other_polysaccharide,ml,True,high,
https://openalex.org/W7127618376,https://doi.org/10.1080/01496395.2026.2625770,2026.0,Machine learning optimization between pullulan recovery and adsorptive removal of melanin using date seed biochar,True,other_polysaccharide,ml,True,high,
https://openalex.org/W7128677365,https://doi.org/10.1007/s10787-026-02127-3,2026.0,Hydrogel-enabled drug delivery for ulcerative colitis,True,other_polysaccharide,none,False,medium,
https://openalex.org/W4393896887,https://doi.org/10.5281/zenodo.1402817,2018.0,Sensitivity Datasets - Leveraging Implicit Knowledge In Neural Networks For Functional Dissection And Engineering Of Proteins,False,protein,ml,False,high,
https://openalex.org/W4239375173,https://doi.org/10.1136/bmj.g92,2014.0,John Batten,False,nucleic_acid,ml,True,medium,
https://openalex.org/W4417397513,https://doi.org/10.1016/j.jconrel.2025.114551,2025.0,Cyclization and thermal modulation of a β-hairpin peptide for efficient cellular delivery,False,protein,md,True,high,
https://openalex.org/W4413088757,https://doi.org/10.2174/0124681873373843250629153051,2025.0,"Recent Advances in Nanobiotechnology: Applications in Medicine, Environmental Science, and Industry",False,none,none,False,high,
https://openalex.org/W7154339191,https://doi.org/10.1016/j.dental.2026.04.002,2026.0,The promise of injectable hydrogels in dental bone regeneration,True,other_polysaccharide,none,False,medium,
https://openalex.org/W4414064416,https://doi.org/10.3390/ma18174192,2025.0,Process Modeling and Micromolding Optimization of HA- and TiO2-Reinforced PLA/PCL Composites for Cannulated Bone Screws via AI Techniques,True,pla,ml,True,high,
https://openalex.org/W4285089034,https://doi.org/10.1101/2022.07.11.499538,2022.0,REST: A method for restoring signals and revealing individual macromolecule states in cryo-ET,False,nucleic_acid,ml,True,high,
https://openalex.org/W4399087283,https://doi.org/10.17973/mmsj.2024_06_2024002,2024.0,INTELLIGENT INFORMATION TECHNOLOGIES TO SUPPORT DECISION-MAKING WHEN APPLYING THE CAD/CAM/CAE SYSTEM OF DESIGN AND USING ADDITIVE TECHNOLOGIES,True,other,ml,False,medium,
https://openalex.org/W4396835684,https://doi.org/10.1021/acs.jpcb.3c08271,2024.0,Folding Kinetics and Volume Variation of the β-Hairpin Peptide Chignolin upon Ultrafast pH-Jumps,False,protein,md,True,high,
https://openalex.org/W4289866213,https://doi.org/10.26434/chemrxiv-2022-zd9l7-v2,2022.0,A High-Throughput Platform for Efficient Exploration of Functional polypeptides Chemical Space,True,protein,ml,True,high,
https://openalex.org/W7126014150,https://doi.org/10.1016/j.memsci.2026.125219,2026.0,Biomimetic mineralization BSA@ZIF-8 composites for the fabrication of membranes with enhanced chiral separation performance,,,,,low,
https://openalex.org/W7167254679,https://doi.org/10.1007/s13197-026-06803-8,2026.0,Smart biosensing packaging and artificial intelligence-integrated edible sensors for detecting shelf life: a paradigm shift in real-time food safety monitoring,,,,,low,
https://openalex.org/W7154085392,https://doi.org/10.15376/biores.21.2.4436-4456,2026.0,Quantitative analysis of UV-visible spectroscopy and machine learning coupled for alkali-soluble lignin in steam-exploded biomass,True,lignin,ml,True,high,
https://openalex.org/W7131103865,https://doi.org/10.1016/j.rineng.2026.109734,2026.0,A machine learning-enhanced experimental study of particle settling dynamics in complex fluid systems,False,none,ml,True,high,
https://openalex.org/W7161140505,https://doi.org/10.1038/s41598-026-51877-1,2026.0,Unified model for prediction of the strength of soils stabilized with xanthan gum using white-box machine learning,True,other_polysaccharide,ml,False,high,
https://openalex.org/W7155015644,https://doi.org/10.1007/s10570-026-07039-7,2026.0,Accelerating cellulose nanocomposite design through coarse-grained molecular dynamics simulation and rule of mixture analysis,True,cellulose,md,False,high,
https://openalex.org/W7165660488,https://doi.org/10.1016/j.inoche.2026.117102,2026.0,"Elucidation of corrosion inhibition properties of bio inspired polymer from Glycyrrhiza glabra for mild steel substrate in acidic medium: Experimental, surface and computational studies",True,other,qc,True,low,
https://openalex.org/W3173430673,https://doi.org/10.30492/ijcce.2021.141676.4450,2021.0,Estimation of pressure drop of single-phase flow in horizontal long pipes using artificial neural network,True,cellulose,ml,True,high,
https://openalex.org/W2435166270,https://doi.org/10.1002/bip.22820,2016.0,Virtual substitution scan via single‐step free energy perturbation,False,none,md,False,high,
https://openalex.org/W7206206942,https://doi.org/10.1016/j.ijbiomac.2026.154328,2026.0,Interfacial mechanisms of phosphate adsorption on calcium-functionalized carboxymethyl chitosan: From macroscopic kinetic–isotherm modeling to molecular simulations,True,chitosan,qc,True,high,
https://openalex.org/W4281929746,https://doi.org/10.1021/acsabm.2c00179,2022.0,"Dendronized Polymeric Biomaterial for Loading, Stabilization, and Targeted Cytosolic Delivery of microRNA in Cancer Cells",True,other_polysaccharide,docking,True,high,
https://openalex.org/W7139928709,https://doi.org/10.1007/s00604-026-07986-9,2026.0,Generic strategy for high-performance bio-based imprinted membranes free of non-specific adsorption: machine learning-assisted sensing,True,other_polysaccharide,ml,True,high,
https://openalex.org/W7117987262,https://doi.org/10.1007/978-981-95-0991-1_13,2026.0,Innovations in Biomass Waste Processing: Emerging Trends and Global Perspective,,,,,low,
https://openalex.org/W7130315640,https://doi.org/10.1021/acs.macromol.5c02917,2026.0,Are Electron-Withdrawing Groups Affecting Polyester Hydrolysis? A Comprehensive Study on Poly(thioether-ester)s and Poly(sulfone-ester)s,True,other,qc,True,high,
https://openalex.org/W4401228491,https://doi.org/10.18596/jotcsa.1473948,2024.0,The Effect of Different Methacrylation Amounts on Physical Properties of Gelatin Methacryloyl Biomaterials: Machine Learning Approach,True,protein,ml,True,high,
https://openalex.org/W7135392221,https://doi.org/10.1021/acsomega.5c12627,2026.0,Sustainable Natural Lake Pigments from Caesalpinia sappan : Improving Stability through Inorganic Support Morphologies for Colored PLA Packaging Films,True,pla,qc,True,high,
https://openalex.org/W7107878268,https://doi.org/10.48683/1926.00127287,2025.0,Development and application of Machine Learning classification methods: optimal feature identification and prediction of antimicrobial peptides and other soft matter systems,False,other,ml,False,medium,
https://openalex.org/W7211915270,https://doi.org/10.1016/j.biteb.2026.103053,2026.0,Valorization of Sargassum wightii residual biomass: Integrated statistical optimization and thermokinetic analysis of sodium alginate extraction with machine learning validation,,,,,low,
https://openalex.org/W4413923432,https://doi.org/10.1016/j.susmat.2025.e01634,2025.0,Alginate-based magnetic adsorbents for the adsorption of organic and inorganic pollutants,,,,,low,
https://openalex.org/W4389303491,https://doi.org/10.26434/chemrxiv-2023-tpw0p-v2,2023.0,Structure Prediction from Melanin Spectra amidst Dynamical Heterogeneity,True,other,qc,False,medium,
https://openalex.org/W4410245383,https://doi.org/10.3389/fbioe.2025.1567783,2025.0,Emerging biomaterials and bio-nano interfaces in pulmonary hypertension therapy: transformative strategies for personalized treatment,True,other,ml,False,medium,
https://openalex.org/W7162497813,https://doi.org/10.1016/j.nanoso.2026.101698,2026.0,Accelerating the design of stimuli- responsive chitosan nanocomposites for preservation: A machine learning and polymer informatics framework,,,,,low,
https://openalex.org/W7164041106,https://doi.org/10.1021/acsomega.5c12558,2026.0,"Corrosion Inhibitors for Metals in Acidic Environments: Recent Developments, Mechanistic Understanding, and Future Perspectives",True,other,none,True,medium,
https://openalex.org/W2778824217,https://doi.org/10.5075/epfl-thesis-8029,2018.0,Reprogramming the B1 Domain of Streptococcal Protein G (GB1) : A Joint Theoretical and Experimental Investigation,False,protein,molecular_modelling,True,high,
https://openalex.org/W4411164818,https://doi.org/10.1021/acs.jpcb.5c00590,2025.0,DFT-Based Calculation of the Vibrational Sum Frequency Generation Spectrum of Noncentrosymmetric Domains Interspersed in an Amorphous Matrix,True,cellulose,qc,True,high,
https://openalex.org/W7155356904,https://doi.org/10.1002/adfm.75582,2026.0,"Ultratough, Stretchable Silk Protein Fibrous Membranes for Robust and Permeable Epidermal Bioelectronic Sensors",True,protein,ml,True,high,
https://openalex.org/W4414984931,https://doi.org/10.21203/rs.3.rs-7609402/v1,2025.0,Generic strategy for high-performance bio-based imprinted membranes free of non-specific adsorption: machine learning-assisted sensing,True,other_polysaccharide,ml,True,high,
https://openalex.org/W4230143305,https://doi.org/10.1002/1097-0282(2000)57:6<373::aid-bip70>3.3.co;2-g,2000.0,New nonbonded interactions calculation strategy for rectangular systems. I. Preliminary molecular dynamics study of solvated Na ion,False,none,md,False,high,
https://openalex.org/W4415147715,https://doi.org/10.32607/actanaturae.27728,2025.0,The impact of the intracellular domains of chimeric antigenic receptors on the properties of CAR T-cells,False,none,none,False,high,
https://openalex.org/W4385262878,https://doi.org/10.5281/zenodo.8186841,2023.0,Another Logic For Architectural (Bio-) Design And Fabrication -Lessons From The Living Prototypes Project,True,other,ml,True,medium,
https://openalex.org/W2951001535,https://doi.org/10.1007/bf02869901,1999.0,Type I procollagen heterotrimer assembly is linked to subtle differences in the structures of the pro-α1(I) and pro-α2(I)-carboxyl-propeptides,,,,,low,
https://openalex.org/W3193101527,https://doi.org/10.1063/5.0056748,2021.0,Markov state models from hierarchical density-based assignment,False,protein,md,False,high,
https://openalex.org/W4387130985,https://doi.org/10.2174/97898150494281230101,2023.0,Advanced Pharmacy,False,,,,low,
https://openalex.org/W4407007746,https://doi.org/10.1007/s12206-025-0108-6,2025.0,Experimental and computational studies on characteristics of indigenously produced novel Aegle marmelos micro polymer reinforced aluminum composites using powder metallurgy,,,,,low,
https://openalex.org/W3025709232,,2016.0,Investigation of the Interaction between Perfluorododecanoic Acid and Human Serum Albumin by Multi-Spectroscopic and Molecular Modeling Techniques.,False,protein,docking,True,high,
https://openalex.org/W7154143370,https://doi.org/10.1007/s11135-026-02758-2,2026.0,Can artificial intelligence decode the language of sustainability? Mapping global sustainable development goals research using BERT-based natural language processing,,,,,low,
https://openalex.org/W4409894245,https://doi.org/10.1007/978-3-031-88731-4_6,2025.0,Light-Emitting Materials for Point-of-Care Diagnostics,,,,,low,
https://openalex.org/W3004584378,https://doi.org/10.1101/2020.02.07.931550,2020.0,STRIDER: Steric hindrance estimator,False,none,molecular_modelling,False,high,
https://openalex.org/W4415647191,https://doi.org/10.3390/heritage8110450,2025.0,Bio-Inspired 3D-Printed Modular System for Protection of Historic Floors: From Multilevel Knowledge to a Customized Solution,True,other,none,False,medium,
https://openalex.org/W4410006669,https://doi.org/10.3390/polym17091236,2025.0,Size and Shape of Primary (Bio)Polyelectrolyte Complexes Chitosan/Gelatin: Study Using Small-Angle X-Ray Scattering from Synchrotron Radiation,True,chitosan,none,True,high,
https://openalex.org/W7171567663,https://doi.org/10.1177/08927057261473422,2026.0,Data-driven machine learning modelling and sensitivity analysis of PLA–MoS 2 /SiC properties for sustainable 3D printing,True,pla,ml,True,high,
https://openalex.org/W7153092953,https://doi.org/10.1002/jbm.b.70073,2026.0,"Design, Fabrication, and Molecular Docking Evaluation of Eco‐Friendly Polyvinyl Alcohol ( PVA )/Aloe Vera Gel ( AVG )/gelatin Biocomposite Films as Antimicrobial Coatings for Mobile Devices",True,other,docking,True,high,
https://openalex.org/W4413403526,https://doi.org/10.1016/j.molliq.2025.128368,2025.0,Enzymatic glycerolysis of simulated fatty acid methyl ester by-products for oleic-rich acylglycerol production using free and immobilised Candida antarctica lipase B,False,none,docking,True,high,
https://openalex.org/W3192617548,https://doi.org/10.1021/acsapm.1c00486,2021.0,Data-Driven Approach to Decipher the Role of Triglyceride Composition on the Thermomechanical Properties of Thermosetting Polymers Using Vegetable and Microbial Oils,True,other,ml,True,high,
https://openalex.org/W4405477780,https://doi.org/10.20944/preprints202412.1254.v1,2024.0,Ultra-Slow Self-Similar Coarsening of Physical Fibrillar Gels Formed by Semiflexible Polymers,True,other,md,False,high,
https://openalex.org/W2897437249,https://doi.org/10.1039/c8cp05331f,2018.0,Precise estimation of transfer free energies for ionic species between similar media,False,none,md,False,high,
https://openalex.org/W4416733222,https://doi.org/10.1016/j.memsci.2025.125003,2025.0,A general crystallinity-control approach to enhance ion transport in biomass nanofluidic membranes,,,,,low,
https://openalex.org/W7170048912,https://doi.org/10.3390/foods15142577,2026.0,"Converting Food Waste into Value-Added Products: A Review on Current Technologies, Challenges, and Future Perspectives",False,none,none,False,low,
https://openalex.org/W7211891082,https://doi.org/10.1016/j.cscee.2026.101481,2026.0,Comparative study of microwave-assisted and conventional methods for the synthesis of high-quality chitosan from shrimp shell biowaste to manipulate cell growth and functions: Supported molecular docking analysis,True,chitosan,docking,True,high,
https://openalex.org/W173745629,https://doi.org/10.1007/978-94-015-9964-1_6,2002.0,Selected Applications of Semirings,,,,,low,
https://openalex.org/W7161769928,https://doi.org/10.1016/j.cejgas.2026.100074,2026.0,Bioconversion of organic waste to value-added products,False,none,none,False,high,
https://openalex.org/W7125703806,https://doi.org/10.3390/pharmaceutics18020157,2026.0,"Adverse Impact of Gamma-Polyglutamic Acid on the Antimicrobial Efficacy of Cefiderocol and Nanosilver Against Gram-Negative Escherichia coli, Pseudomonas aeruginosa and Acinetobacter baumannii",True,other_polysaccharide,ml,True,high,
https://openalex.org/W2888290915,https://doi.org/10.1145/3233547.3233713,2018.0,Dimensionality Estimation of Protein Dynamics Using Polymer Models,False,protein,md,False,high,
https://openalex.org/W7203777718,https://doi.org/10.32604/cmes.2026.086198,2026.0,A Review on Machine Learning and Digital Twin Enabled Advancements in Biofiller/Fibre-Based Polymer Composites for Sustainable Engineering Applications,True,other,ml,False,high,
https://openalex.org/W7165529767,https://doi.org/10.2738/engb.2026.0006,2026.0,Bridging Structure and Function in Cellulose-Based Materials for Atmospheric Water Harvesting and Moisture-Enabled Electricity Generation,True,cellulose,ml,False,high,
https://openalex.org/W1937542038,,2012.0,Using Artificial Neural Network andLeudeking-Piret Model in the Kinetic Modelingof Microbial Production of Poly-β-Hydroxybutyrate,True,pha,ml,True,high,
https://openalex.org/W7164397614,https://doi.org/10.1021/acs.analchem.6c00995,2026.0,Deep Learning-Driven Saccharide Online Sequencing for Elucidating the Pathological Alterations of Heparan Sulfate in APAP-Induced Acute Liver Injury,False,other_polysaccharide,ml,True,high,
https://openalex.org/W4292753541,https://doi.org/10.5281/zenodo.1078271,2012.0,Using Artificial Neural Network And Leudeking-Piret Model In The Kinetic Modeling Of Microbial Production Of Poly-Β- Hydroxybutyrate,True,pha,ml,True,high,
https://openalex.org/W4285219175,https://doi.org/10.2139/ssrn.4122159,2022.0,Systematic Solvent Screening and Selection for Polyhydroxyalkanoates (Phbv) Recovery from Biomass,,,,,low,
https://openalex.org/W4409491040,https://doi.org/10.1590/1809-4430-eng.agric.v45nespe120240176/2025,2025.0,ARTIFICIAL NEURAL NETWORKS FOR PREDICTING SUGARCANE STALK AND TOTAL BIOMASS YIELD BASED ON MICRONUTRIENT RATES APPLIED IN THE PLANTING FURROW AND TO THE LEAVES,False,none,ml,True,high,
https://openalex.org/W4405456070,https://doi.org/10.23838/pfm.2024.00121,2024.0,Bibliometric analysis of literature on stem cells in regenerative medicine and their clinical applications (2010 to 2024),False,none,none,False,high,
https://openalex.org/W1783890884,,2016.0,The chemistry and physics of engineering materials,True,other_polysaccharide,qc,False,low,
https://openalex.org/W4416913310,https://doi.org/10.3390/data10120199,2025.0,Sound Absorption Coefficient Data for Laboratory-Produced Sound-Absorbing Panels from Textile Waste,True,other,none,True,medium,
https://openalex.org/W4402687239,https://doi.org/10.31015/jaefs.2024.3.16,2024.0,Development of low oil emulsion gels by solidification of oil droplets and determination of their rheological properties,True,pectin,docking,True,high,
https://openalex.org/W4378211429,https://doi.org/10.1101/2023.05.24.542201,2023.0,Mechanism of the Temperature-Dependent Self-Assembly and Polymorphism of Chitin,True,other_polysaccharide,md,False,high,
https://openalex.org/W7155700802,https://doi.org/10.64898/2026.04.24.720730,2026.0,Hybrid genome-scale modeling and machine learning reveal cost-efficient strategies for phototrophic PHB production in Rhodopseudomonas palustris,True,pha,ml,False,high,
https://openalex.org/W4372272193,https://doi.org/10.48550/arxiv.2305.02387,2023.0,Ion Transport Mechanisms in Pectin-containing EC-LiTFSI Electrolytes,True,pectin,md,False,high,
https://openalex.org/W7153154388,https://doi.org/10.1016/j.foodhyd.2026.112779,2026.0,Grafting natural pigments onto chitosan via Mannich reaction for development of pH-responsive intelligent food packaging films,,,,,low,
https://openalex.org/W4417018068,https://doi.org/10.1007/s44174-025-00598-6,2025.0,AI Driven Design of High-Gain THz Antennas Using PBG Structures: Combining Evolutionary Algorithms and Machine Learning for Implantable Biomedical Systems,,,,,low,
https://openalex.org/W7127392525,https://doi.org/10.1016/j.ijbiomac.2026.150699,2026.0,"Amphiphilic cellulose and alginate–functionalized magnetic ZIF-8 nanocomposites for dinitrophenol removal, colorimetric H₂O₂ sensing, and antibacterial applications",True,other_polysaccharide,qc,True,high,
https://openalex.org/W4403201891,https://doi.org/10.3389/fnins.2024.1498684,2024.0,Editorial: Reviews and perspectives in neuromorphic engineering: novel neuromorphic computing approaches,False,none,none,False,high,
https://openalex.org/W7160298459,https://doi.org/10.1016/j.watres.2026.126060,2026.0,UAV-based hyperspectral imaging and deep learning for mapping fouling-related water quality indicators in seawater desalination during HABs,,,,,low,
https://openalex.org/W4413095758,https://doi.org/10.3390/plants14152338,2025.0,The “Colors” of Moringa: Biotechnological Approaches,True,other,ml,False,low,
https://openalex.org/W7203715043,https://doi.org/10.48550/arxiv.2608.16576,2026.0,Physics-Aligned Deep Learning Enables SERS Resolving and Sequencing of Dynamic Single-Molecule DNA Oligomers in Plasmonic Nanocavity,False,nucleic_acid,ml,True,high,
https://openalex.org/W4400940893,https://doi.org/10.62341/masq2467,2024.0,Structural and Energetic study of Lithium ions with fatty acid methyl ester [FAME (9Z-18:1) + Li+] using quantum chemical method (PM3),False,none,qc,False,high,
https://openalex.org/W7134890019,https://doi.org/10.1016/j.foodhyd.2026.112664,2026.0,Advancing structure–emulsifying property relationships of corn fiber gum–soy protein isolate conjugates through machine learning,,,,,low,
https://openalex.org/W4399753700,https://doi.org/10.58532/v3bdbt23p1ch7,2023.0,EMERGING TRENDS AND INNOVATIONS IN BIOPROCESSING TECHNIQUES,False,none,none,False,low,
https://openalex.org/W7151959293,https://doi.org/10.1016/j.fbio.2026.108871,2026.0,From organic wastes to value: yeast-based bioconversion of waste-derived feedstocks into valuable compounds,False,none,none,False,low,
https://openalex.org/W4404193254,https://doi.org/10.1016/b978-0-443-13997-0.00002-3,2024.0,"Bioinformatics, instrumentation, and control for modeling, synthesis, and characterization of chitosan based nanoparticles",,,,,low,
https://openalex.org/W4416702344,https://doi.org/10.1016/j.polymer.2025.129412,2025.0,Axial thermal conductivity of regenerated cellulose Fibers: A quasi-linear correlation driven by crystal length in long-period structure,,,,,low,
https://openalex.org/W7212383327,https://doi.org/10.2139/ssrn.7450676,2026.0,Integrated Statistical and Machine Learning-Based Optimization of Exopolysaccharide Produced by Bacillus sonorensis TARB4 Using Response Surface Methodology and ANN-PSO,,,,,low,
https://openalex.org/W3009411195,https://doi.org/10.7498/aps.65.148701,2016.0,Simulation of translocating pore of DNA in non-uniform force by coarse-grained model,False,nucleic_acid,md,False,high,
https://openalex.org/W2091688671,https://doi.org/10.1016/j.bpj.2008.12.395,2009.0,Gastrin-Releasing Peptide Adopts An Orientation Parallel To The Membrane Plane As A Preferred Orientation In DMPC Bilayers: Multiple Molecular Dynamics Simulations,False,none,md,False,low,
https://openalex.org/W4409187605,https://doi.org/10.1002/9781394214143.ch12,2025.0,Computational Panorama of Soft Material for Biosensing Applications,True,other_polysaccharide,ml,False,medium,
https://openalex.org/W4393481422,https://doi.org/10.5281/zenodo.8246661,2022.0,"Supplementary material – Sedimentary organic matter accumulation provinces in the Santos Basin, SW Atlantic: insights from multiple bulk proxies and machine learning analysis",,,,,low,
https://openalex.org/W4393771280,https://doi.org/10.5281/zenodo.7058700,2022.0,"Supplementary material – Sedimentary organic matter accumulation provinces in the Santos Basin, SW Atlantic: insights from multiple bulk proxies and machine learning analysis",,,,,low,
https://openalex.org/W4416957680,https://doi.org/10.1016/j.molliq.2025.129084,2025.0,Integrating DFT-guided design and green natural deep eutectic solvent chemistry for efficient keratin dissolution and recovery from wool waste,True,protein,qc,True,high,
https://openalex.org/W4393522790,https://doi.org/10.5281/zenodo.7058699,2022.0,"Supplementary material – Sedimentary organic matter accumulation provinces in the Santos Basin, SW Atlantic: insights from multiple bulk proxies and machine learning analysis",,,,,low,
https://openalex.org/W7164761207,https://doi.org/10.1016/j.biortech.2026.135166,2026.0,Hybrid genome‑scale metabolic modeling and machine learning reveal cost‑efficient strategies for phototrophic polyhydroxybutyrate production in Rhodopseudomonas palustris,True,pha,ml,False,high,
https://openalex.org/W7123356548,https://doi.org/10.53365/nrfhh/213301,2026.0,Application of CRISPR/Cas9 in Reconstructing Bacterial Deoxyribonucleic Acid for the Production of Biologically Active Compounds,False,none,none,False,high,
https://openalex.org/W7160315248,https://doi.org/10.1016/j.foodres.2026.119360,2026.0,Multispectral analysis and molecular simulation of interaction mechanism between charged polysaccharides and myofibrillar protein in grass carp: Conformational dynamics and functional synergies,True,other_polysaccharide,md,True,high,
https://openalex.org/W2796566759,https://doi.org/10.17265/1934-7375/2018.01.002,2018.0,"Vibrational Structure of Selected Compounds Derived from Biomass: Lignin Dimers, Selected Aldopentoses and Aldohexoses",True,lignin,qc,False,high,
https://openalex.org/W7166538389,https://doi.org/10.2139/ssrn.7019868,2026.0,Biosorption of hexavalent chromium using exopolysaccharide derived from industrial waste–isolated Planococcus maritimus PMDEP_3: A machine learning–based modelling study,,,,,low,
https://openalex.org/W2006258020,https://doi.org/10.1016/j.bpj.2009.12.419,2010.0,Theoretical Analysis of the Molecular Mechanism of Stabilization of Nova-RNA Complex System: Fragment Molecular Orbital Method Based Quantum Chemical Calculation For the Effect of the Complex Formation on the Electronic State of Biomacromolecular System,,,,,low,
https://openalex.org/W4414379966,https://doi.org/10.1007/s00203-025-04474-1,2025.0,"Cloning, expression, purification, and mutant construction of the chitinase PbCHI2 gene from Photobacterium sp.",True,other_polysaccharide,docking,True,high,
https://openalex.org/W1984850840,https://doi.org/10.1016/0263-7855(92)80019-a,1992.0,Persistence analysis of the static and dynamical helix deformations of DNA oligonucleotides: application to the crystal structure and molecular dynamics simulation of d(CGCGAATTCGCG)2,,,,,low,
https://openalex.org/W4417091377,https://doi.org/10.1039/d5sm00899a,2025.0,Shape spectra of elastic shells with surface-adsorbed semiflexible polymers,True,other_polysaccharide,md,False,medium,
https://openalex.org/W3158114654,https://doi.org/10.21203/rs.3.rs-45902/v1,2020.0,Cyanobacteria as nanogold Factories: The chemical validation and perspective of the association between gold nanoparticles and cyanobacterial glycogen,True,other_polysaccharide,qc,True,high,
https://openalex.org/W4394756147,https://doi.org/10.1038/s42004-024-01167-6,2024.0,An experimentally representative in-silico protocol for dynamical studies of lyophilised and weakly hydrated amorphous proteins,True,protein,md,True,high,
https://openalex.org/W3085584795,https://doi.org/10.1101/2020.09.16.299263,2020.0,Reaction Pathway Sampling and Free Energy Analyses for Multimeric Protein Complex Disassembly with Employing Hybrid Configuration Bias Monte Carlo/Molecular Dynamics Simulation,False,protein,md,False,high,
https://openalex.org/W2288193482,https://doi.org/10.5772/61072,2016.0,"New Technologies in Eye Surgery — A Challenge for Clinical, Therapeutic, and Eye Surgeons",False,none,none,False,low,
https://openalex.org/W7130393423,https://doi.org/10.1016/j.seppur.2026.137279,2026.0,A stable alginate composite gel membrane with Fe3+-chitosan selective layer for drug separation in organic solvents,,,,,low,
https://openalex.org/W7125236290,https://doi.org/10.1016/j.molstruc.2026.145447,2026.0,"Synthesis, structural characterisation, DFT analysis and conductivity studies of protonated 4-(2-bromophenyl)thiosemicarbazide dopant with carboxymethyl cellulose (CMC)",,,,,low,
https://openalex.org/W7163571417,https://doi.org/10.3390/gels12060501,2026.0,Multifunctional Hydrogel-Based Scaffolds: Integrating Conductive Nanomaterials for Smart Wound Healing Applications,True,other_polysaccharide,ml,False,medium,
https://openalex.org/W7133138074,https://doi.org/10.1007/s10800-026-02450-1,2026.0,"In-situ development, artificial neural network-genetic algorithm-based optimization, and automation of the novel electrochemical cell lysis process for polyhydroxyalkanoates extraction",,,,,low,
https://openalex.org/W4402868674,https://doi.org/10.21577/0103-5053.20240190,2024.0,Chitosan Films with Morphology Modified by Cellulose Nanofibers Investigated by SERS Spectroscopy,True,chitosan,qc,True,high,
https://openalex.org/W7163194021,https://doi.org/10.1016/j.algal.2026.104769,2026.0,Sulfated galactan from Gracilaria fisheri exhibits selective microbial utilization and gut-modulating bioactivity,,,,,low,
https://openalex.org/W4403983746,https://doi.org/10.1016/b978-0-443-22044-9.00021-8,2024.0,Multifunctional theranostic nanomedicine for infectious diseases,,,,,low,
https://openalex.org/W4360923497,https://doi.org/10.47612/0514-7506-2022-89-6-762-769,2022.0,SPECTRAL-LUMINESCENT PROPERTIES OF A NEW BENZETHIAZOLE POLYMETHINE DYE,False,none,qc,True,high,
https://openalex.org/W7127564626,https://doi.org/10.1007/s44174-025-00626-5,2026.0,Recent Advances in Biocompatible Dental Materials,,,,,low,
https://openalex.org/W4417428904,https://doi.org/10.1021/acs.estlett.5c00890,2025.0,Single-Cell Raman Spectroscopy Enables High-Resolution Detection and Semiquantification of Intracellular Cyanophycin across Biological and Environmental Samples,True,other_polysaccharide,ml,True,high,
https://openalex.org/W7153495159,https://doi.org/10.1016/j.dyepig.2026.114116,2026.0,"Methylene blue-loaded chitosan/hydroxyapatite scaffolds: Preparation, characterization, and antibacterial photodynamic evaluation",,,,,low,
https://openalex.org/W2034693044,https://doi.org/10.1038/pj.2010.2,2010.0,"Local conformation of serine residues in a silk model peptide, (Ala–Gly–Ser–Gly–Ala–Gly)5, studied with solid-state NMR:REDOR",,,,,low,
https://openalex.org/W4413835770,https://doi.org/10.2139/ssrn.5419001,2025.0,Machine learning-assisted modeling of catalytic hydrogenolysis of lignin into monomeric products over Ni-Cu/HZSM-5 bimetallic catalysts using methanol as H-donating solvent,,,,,low,
https://openalex.org/W7127630929,https://doi.org/10.1016/j.seppur.2026.137149,2026.0,Chitosan aerogel beads embedded with CoFe layered double hydroxide for peroxymonosulfate activation,,,,,low,
https://openalex.org/W7160289301,https://doi.org/10.1016/j.cej.2026.176838,2026.0,Dynamic hydrogen bond networks in cellulose-based solid-state electrolytes for enhanced lithium metal battery performance,,,,,low,
https://openalex.org/W4405636480,https://doi.org/10.1002/bip.23648,2024.0,"Green Synthesis of Urethane‐Linked Tamarind Seed Xyloglucan: Thermal Stability, Antibacterial Properties, and DFT Study",True,other_polysaccharide,qc,True,high,
https://openalex.org/W4416417185,https://doi.org/10.1063/5.0280838,2025.0,Interplay of coil–globule transitions and aggregation in homopolymer aqueous solutions: Simulation and topological insights,True,other,md,False,high,
https://openalex.org/W7167743020,https://doi.org/10.1021/acs.est.5c16484,2026.0,"1,3-Dichloro-5,5-dimethylhydantoin (DCDMH)-Driven Sludge Pretreatment for Organic Carbon Valorization: Mechanistic Insights into Controlled Oxidative Disruption and Hormesis-Mediated Metabolic Reshaping",True,other_polysaccharide,docking,True,medium,
https://openalex.org/W2023261473,https://doi.org/10.1016/j.bpj.2012.11.209,2013.0,The Force Field Toolkit: Software for the Parameterization of Small Molecules from First Principles,,,,,low,
https://openalex.org/W7124303790,https://doi.org/10.4028/p-6m1pwn,2026.0,The Role of Chitosan and Hydroxyapatite Synergy in Bone Regeneration: Materials Science and Biological Insight,True,chitosan,ml,False,medium,
https://openalex.org/W4406041934,https://doi.org/10.3389/fchem.2024.1538944,2025.0,Editorial: Advances in bioactive peptides and functional properties of foods,False,none,docking,True,low,
https://openalex.org/W2001499054,https://doi.org/10.1126/science.288.5473.1981b,2000.0,Turning Structures Into Gold,False,none,molecular_modelling,False,low,
https://openalex.org/W7127415997,https://doi.org/10.3390/su18031536,2026.0,"A Review on the Preparation, Properties, and Mechanism of Lignin-Modified Asphalt and Mixtures",True,lignin,none,False,high,
https://openalex.org/W2287641131,https://doi.org/10.1002/bip.22825,2016.0,"Potent antidiuretic agonists, deamino‐vasopressin and desmopressin, and theirinversoanalogs: NMR structure and interactions with micellar and liposomic models of cell membrane",False,protein,md,True,high,
https://openalex.org/W7167014403,https://doi.org/10.1007/s11708-026-1078-9,2026.0,Biomass-derived materials for next-generation solid-state batteries: From sustainable resources to advanced electrodes and electrolytes,,,,,low,
https://openalex.org/W7125017103,https://doi.org/10.1007/978-3-032-13199-7_12,2026.0,Effects of Nanomaterials on the Properties of Edible Coatings and Films,,,,,low,
https://openalex.org/W7129664442,https://doi.org/10.1002/adfm.202526281,2026.0,Selective Separation of the Rare Earth Elements Dysprosium and Neodymium via Tailoring Nanocellulose Chemical Structure,True,cellulose,md,True,high,
https://openalex.org/W4415311582,https://doi.org/10.1021/acsanm.5c02691,2025.0,How Electric Field Remodels the Nanofibril Structure of Chitosan Hydrogels: The Role of Dewetting during Electro-Assembly,True,chitosan,md,False,high,
https://openalex.org/W7117415994,https://doi.org/10.33545/27075923.2024.v5.i1a.113,2024.0,IoT‑enabled smart sensor network for real‑time control of fungal chitosan fermentation processes using agro‑waste substrates,True,chitosan,ml,True,medium,
https://openalex.org/W7161166616,https://doi.org/10.1016/j.pedsph.2026.05.013,2026.0,"Nano-engineered materials and CRISPR-enabled, multi-omics-guided strategies for pesticide detoxification in soil-rhizosphere systems",,,,,low,
https://openalex.org/W4413900146,https://doi.org/10.1021/acscatal.5c03728,2025.0,Hyaluronan Synthase Encodes Alternating Substrate Specificity by Allosteric Gating and Electrostatic Selection,True,other_polysaccharide,md,True,high,
https://openalex.org/W4404544810,https://doi.org/10.1021/acs.chemmater.4c02045,2024.0,Molecular Surface Doping of Cellulose Nanocrystals: A High-Throughput Computational Study,True,cellulose,qc,False,high,
https://openalex.org/W4404916970,https://doi.org/10.17537/2024.19.393,2024.0,The Impact of a Catalytic Site Mutation on the Shape and Mechanics of Tubulin Protofilaments,False,protein,md,False,high,
https://openalex.org/W7128737414,https://doi.org/10.1016/j.nxmate.2026.101730,2026.0,Sustainable transformation of waste cooking oil: A global review of valorization pathways and future directions,True,pha,none,False,medium,
https://openalex.org/W7156237470,https://doi.org/10.1021/acs.analchem.6c01132,2026.0,Extrinsic Antifouling Sulfur Quantum Dots: Mechanistic Insights and Their Application in Tyrosinase Detection,True,other_polysaccharide,qc,True,high,
https://openalex.org/W7202079527,https://doi.org/10.1007/s10570-026-07160-7,2026.0,"Modeling of drying kinetics and color change of bacterial cellulose: a comparative study of theoretical, semi-empirical, and machine learning (ANN, SVR, GPR) approaches",,,,,low,
https://openalex.org/W1985141201,https://doi.org/10.1093/bib/bbn011,2007.0,Computational proteomics: management and analysis of proteomics data,False,protein,ml,False,high,
https://openalex.org/W4393156204,https://doi.org/10.7554/elife.95304,2024.0,Dissecting mechanisms of ligand binding and conformational changes in the glutamine-binding protein,False,protein,md,True,high,
https://openalex.org/W7169723361,https://doi.org/10.3390/md24070249,2026.0,"Quaternary Ammonium-Functionalized Chitosan as a Next-Generation Antifungal Platform: Chemistry, Mechanisms, and Therapeutic Applications",True,chitosan,none,False,high,
https://openalex.org/W7167850210,https://doi.org/10.5281/zenodo.21280993,2026.0,Neuro-Symbolic Molecular Dynamics: Restricting Configurational Entropy via Pre-Compiled Semantic Hypergraph Constraints on Riemannian Manifolds (Phase 2 Biomolecular Engine),False,protein,md,False,medium,
https://openalex.org/W4410097925,https://doi.org/10.21203/rs.3.rs-6396496/v1,2025.0,Computational Modeling of Drug Delivery System Based on MOF-5 Metal- Organic Framework /Graphene Oxide Nanohybrid,False,chitosan,md,False,high,
https://openalex.org/W4405907254,https://doi.org/10.1109/siitme63973.2024.10814737,2024.0,Increasing the Specific Energy of Environmental Friendly EDLC and Pseudocapacitors,True,pha,md,False,medium,
https://openalex.org/W7166290883,https://doi.org/10.1016/j.ifset.2026.104687,2026.0,Self-pressurized Rapid Visco Analyzer-integrated machine learning for predicting high-moisture extrusion responses and texture of plant protein-starch blends,True,protein,ml,True,high,
https://openalex.org/W7155955845,https://doi.org/10.1016/j.saa.2026.127984,2026.0,Fluorescence sensing of pentachlorophenol in tap water using natural C–Phycocyanin,False,protein,docking,True,high,
https://openalex.org/W4409584854,https://doi.org/10.2139/ssrn.5222018,2025.0,Real-Time Glucose Monitoring Using Machine Learning-Optimised Laser-Induced Graphene Electrodes with Chitosan-Functionalised Glucose Oxidase in Flexible Microfluidic Devices,,,,,low,
https://openalex.org/W7142325483,https://doi.org/10.1111/1750-3841.71017,2026.0,Synergistic Noncovalent Mulberry Polysaccharide–Ovalbumin Complexes for Enhanced Functional Properties and Pickering Emulsion Stability,True,other_polysaccharide,md,True,high,
https://openalex.org/W7160027253,https://doi.org/10.1002/jctb.70189,2026.0,Machine learning‐assisted modeling of catalytic hydrogenolysis of lignin into monomeric products over Ni–Cu/ HZSM ‐5 bimetallic catalysts using methanol as H‐donating solvent,True,lignin,ml,True,high,
https://openalex.org/W2074384953,https://doi.org/10.1016/j.bpj.2008.12.1505,2009.0,A Modified Primary Hydration Shell (PHS) Method Allows Up To Two Orders Of Magnitude Time Saving In Molecular Dynamics Simulations: Application To Large Systems And Lipid Bilayers,,,,,low,
https://openalex.org/W4379285192,https://doi.org/10.1101/2023.06.02.543449,2023.0,De novo design of modular protein hydrogels with programmable intra- and extracellular viscoelasticity,True,protein,md,True,high,
https://openalex.org/W4402770751,https://doi.org/10.1007/s40858-024-00676-y,2024.0,Identification of the causal agent of Guar leaf blight and development of a semi-automated method to quantify disease severity,,,,,low,
https://openalex.org/W7147741824,https://doi.org/10.1016/j.surfin.2026.109141,2026.0,Alginate-based functional hydrogel beads for nutrient removal: Experimental insights and process optimization,,,,,low,
https://openalex.org/W7127922211,https://doi.org/10.1021/acsabm.5c02312,2026.0,Poly( o -phenylenediamine) as an Organic Filler for Enhancing the Mechanical and Antibacterial Performance of Chitosan Films,True,chitosan,docking,True,high,
https://openalex.org/W7127922211,https://doi.org/10.1021/acsabm.5c02312,2026.0,Poly( o -phenylenediamine) as an Organic Filler for Enhancing the Mechanical and Antibacterial Performance of Chitosan Films,True,chitosan,docking,True,high,
https://openalex.org/W7131386951,https://doi.org/10.1016/j.nxmate.2026.101782,2026.0,Surface science perspectives on eco-friendly corrosion inhibitors,False,none,none,False,low,
https://openalex.org/W4415010483,https://doi.org/10.1021/acsomega.5c06391,2025.0,Effects of Degrees of Aldehyde Modification on Molecular Structures and Properties of Cellulose Nanofiber Cross-Linked Self-Healing Hydrogels,True,cellulose,md,True,high,
https://openalex.org/W4402654849,https://doi.org/10.1007/s00249-024-01720-0,2024.0,Computational study on the impact of linkage sequence on the structure and dynamics of lignin,True,lignin,md,False,high,
https://openalex.org/W768352950,,2012.0,A polarisable multipolar force field for peptides based on kriging : towards application in protein crystallography and enzymatic reactions,False,protein,ml,False,high,
https://openalex.org/W4306160250,https://doi.org/10.26434/chemrxiv-2022-03q4x-v2,2022.0,Shearing Friction Behaviour of Synthetic Polymers Compared to a Functionalized Polysaccharide on Biomimetic Surfaces: Models for the Prediction of Performance of Eco-designed Formulations,True,other_polysaccharide,md,False,high,
https://openalex.org/W3004715218,https://doi.org/10.1016/j.bpj.2019.11.881,2020.0,A Versatile Lambda-Dynamics Module for GROMACS,,,,,low,
https://openalex.org/W4224287337,https://doi.org/10.31635/ccschem.022.202201901,2022.0,"Inherently Chiral 6,7-Diphenyldibenzo[ e,g ][1,4]diazocine: Enantioselective Synthesis and Application as a Ligand Platform",False,none,none,True,high,
https://openalex.org/W7126030300,https://doi.org/10.1016/j.colsurfa.2026.139762,2026.0,Interfacial mechanisms of 6PPD-quinone adsorption on metal-organic framework functionalized nanocellulose aerogels,,,,,low,
https://openalex.org/W2903903179,,2010.0,Estudio mediante dinámica molecular de la estructura tridimensional del κ-carragenano en diferentes solventes (Study of molecular dynamics in a tridimensional structure of kappa-carragenan in different solvents),True,other_polysaccharide,md,False,high,
https://openalex.org/W4411301216,https://doi.org/10.1002/ange.202501441,2025.0,Complex Donuts: Small Variations in DNA Sequence Dictate Pathway Complexity in DNA Nanotoroids,True,nucleic_acid,md,True,high,
https://openalex.org/W7140042517,https://doi.org/10.1002/cplu.202500619,2026.0,Molecular Insights Into the Assembly of PEDOT:PSS on Nanocellulose Surfaces,True,cellulose,md,False,high,
https://openalex.org/W2481991457,https://doi.org/10.1007/978-3-319-33927-6_3,2016.0,Spin Electron Dipolar and Contact Interactions,,,,,low,
https://openalex.org/W4410298523,https://doi.org/10.70199/ijpsm.2.4.145-151,2024.0,"BOERHAVIA DIFFUSA L. (PUNARNAVA): A COMPREHENSIVE REVIEW ON ETHNOBOTANY, PHYTOCHEMISTRY, PHARMACOLOGY, AND THERAPEUTIC APPLICATIONS",False,none,docking,False,medium,
https://openalex.org/W7140282550,https://doi.org/10.1016/j.carbpol.2026.125247,2026.0,An AI-informed framework for flavor design: How κ-carrageenan sculpts low-sodium myofibrillar protein architecture for aldehyde capture and bitterness masking,True,other_polysaccharide,ml,True,high,
https://openalex.org/W4416132250,https://doi.org/10.2174/0126661454411817251017073347,2025.0,Ambient Coating Technologies: A Comprehensive Review of Innovations and Applications,True,other,none,False,medium,
https://openalex.org/W4315631407,https://doi.org/10.1021/acsapm.2c01518,2023.0,Elucidation of Structure–Function Relationships of Hyaluronic Acid-Based Polymers via Combinatorial Approaches,True,other_polysaccharide,md,True,high,
https://openalex.org/W7129262770,https://doi.org/10.1021/acspolymersau.5c00162,2026.0,Designing Water-Soluble Macromolecules for Biomedical Use: PEG Chains versus Amino Acids─A Case Study in MRI Contrast Agents,False,other,md,True,medium,
https://openalex.org/W7171857798,https://doi.org/10.1016/j.nxmate.2026.102968,2026.0,Personalized bioactive 3D printed scaffolds for bone and cartilage repair: Engineering strategies toward clinical precision regeneration,True,other,none,False,medium,
https://openalex.org/W4412967444,https://doi.org/10.1016/j.jfutfo.2024.12.010,2025.0,"Effects of sodium sulfonate with different alkyl chain lengths on starch in starch-rich system: structure, surface properties, and interaction mechanism",True,starch,md,True,medium,
https://openalex.org/W7148685198,https://doi.org/10.26599/nr.2026.94908692,2026.0,Gelatin-stabilized liquid metal for conductive hydrogels with multifunctional sensing applications and energy harvesting,True,protein,ml,True,high,
https://openalex.org/W2791338247,https://doi.org/10.1016/j.bpj.2017.11.654,2018.0,Mechanosensation through Radicals in Tensed Collagen,,,,,low,
https://openalex.org/W4401000138,https://doi.org/10.1093/mam/ozae044.341,2024.0,"Understanding the Structural Ballet of Cellulose Formation – Using CryoEM to Reveal the Role of Protein Flexibility on Higher-order Oligomer Formation, Glucan Catalysis, and Cellulose Microfibril Extrusion",True,cellulose,ml,True,high,
https://openalex.org/W3207728786,https://doi.org/10.21203/rs.3.rs-924710/v1,2021.0,Interfacial Effects of Plasticizers On The Properties of Cellulose Diacetate Materials,True,cellulose,solubility,True,high,
https://openalex.org/W7167109254,https://doi.org/10.3389/fmicb.2026.1828166,2026.0,Engineered microbes to enable a circular economy for biodegradable plastics,True,pha,ml,False,medium,
https://openalex.org/W2079623009,https://doi.org/10.1002/bip.10014.abs,2002.0,"Molecular dynamics calculations on amylose fragments. I. Glass transition temperatures of maltodecaose at 1, 5, 10, and 15.8% hydrationThis article is a US Government work and, as such, is in the public domain in the United States of America.",True,starch,md,False,high,
https://openalex.org/W149028495,,2005.0,Functional cell carriers for tissue engineering - fabrication & characterization,True,pla,solubility,True,high,
https://openalex.org/W4415115570,https://doi.org/10.1007/978-3-032-00403-1_6,2025.0,"Genetic Improvement of Sugarcane (Saccharum spp.) for Sugar, Fibre and Biomass Energy Through Breeding and Biotechnology",,,,,low,
https://openalex.org/W7160529049,https://doi.org/10.3390/jcs10050252,2026.0,"DFT Analysis of Frontier Orbitals (HOMO-LUMO) of Polylactic Acid Functionalized with N-Hydroxysuccinimide and N-Sulfosuccinimide for the Adsorption of the Heavy Metals Nickel, Arsenic, and Lead",True,pla,qc,False,high,
https://openalex.org/W4416157370,https://doi.org/10.1007/s10123-025-00746-4,2025.0,“Functional profiling and computational optimization of production of extracellular melanin from endophytic Pseudomonas plecoglossicida SSSK-2 isolated from Neolamarckia cadamba”,True,other,ml,True,high,
https://openalex.org/W7133614590,https://doi.org/10.1201/9781003638582-3,2026.0,Computational Methods and AI in Polymer Design,True,other,ml,False,medium,
https://openalex.org/W4415362455,https://doi.org/10.3390/ijms262010134,2025.0,Determinants of Chain Selection and Staggering in Heterotrimeric Collagens: A Comprehensive Review of the Structural Data,False,protein,ml,False,high,
https://openalex.org/W7161407545,https://doi.org/10.1016/j.fbp.2026.05.013,2026.0,The AI revolution in sustainable food processing: From process optimization to a circular bioeconomy,,,,,low,
https://openalex.org/W4414631300,https://doi.org/10.1115/msec2025-155441,2025.0,From Gantry Systems to Robotic Arms: A Versatile Hybrid 3D Bioprinting Nozzle With Real-Time UV Curing,True,other,none,True,medium,
https://openalex.org/W3108732877,https://doi.org/10.1093/synbio/ysaa027,2020.0,Synthetic promoters went green: MinSyns bridge the gap between tunable expression and synthetic biology in plants,False,nucleic_acid,ml,True,high,
https://openalex.org/W1981957455,https://doi.org/10.1088/0953-8984/19/20/200301,2007.0,"Fourh Workshop on Non-Equilibrium Phenomena in Supercooled Fluids, Glasses and Amorphous Materials",,,,,low,
https://openalex.org/W4308451816,https://doi.org/10.1016/j.ijbiomac.2022.11.016,2022.0,Characterization and bioactivity analysis of a heteropolysaccharide purified from Paenibacillus edaphicus strain UJ1,True,other_polysaccharide,md,True,high,
https://openalex.org/W4407512430,https://doi.org/10.1016/j.talanta.2025.127741,2025.0,The role of nanomaterials in tailoring electromembrane extraction performance: A review,False,none,none,False,high,
https://openalex.org/W4399479150,https://doi.org/10.54941/ahfe1005135,2024.0,Facilitation of Kansei engineering design process with LLM multi-agent discussion,False,none,generative,False,high,
https://openalex.org/W1513244138,,2013.0,Multiscale Modeling Of The Hierarchical Structure Of Cellulose Nanocrystals,True,cellulose,md,False,high,
https://openalex.org/W7163917834,https://doi.org/10.1038/s41598-026-53193-0,2026.0,Synthesis of a 3D chitosan/cellulose acetate hydrogel: comparative impact of drying techniques on morphology for sustainable wastewater treatment,True,chitosan,md,True,high,
https://openalex.org/W7128478776,https://doi.org/10.1016/j.foodres.2026.118657,2026.0,Exploring the mechanism of variation in 3D printing shape stability and mechanical performance of starch/gelatin printed products during dehydration process,,,,,low,
https://openalex.org/W3017121684,https://doi.org/10.1096/fasebj.2020.34.s1.09216,2020.0,Examining Curricular Trends in Introductory Biochemistry Courses at Large Universities,False,none,none,False,high,
https://openalex.org/W1499011368,https://doi.org/10.5451/unibas-006194094,2013.0,"Phytochemical profiling of iranian plants, and ECD calculation as tool for establishing the absolute configuration of new natural products",False,none,qc,True,high,
https://openalex.org/W4407373909,https://doi.org/10.1177/25165984251316091,2025.0,Optimising process parameters for enhanced performance in PLA-based fused filament fabrication: A multi-objective approach,True,pla,statistical_doe,True,high,
https://openalex.org/W2069207152,https://doi.org/10.3762/bjoc.8.45,2012.0,Synthesis in the glycosciences II,,,,,low,
https://openalex.org/W7118118899,https://doi.org/10.64898/2026.01.03.697499,2026.0,LignAmb25: A Comprehensive AMBER Force Field Addressing Lignin’s Structural and Chemical Diversity,True,lignin,md,False,high,
https://openalex.org/W3093331361,https://doi.org/10.31635/ccschem.020.202000543,2020.0,Double-Stranded DNA Matrix for Photosensitization Switching,False,nucleic_acid,none,True,medium,
https://openalex.org/W4284677594,https://doi.org/10.31635/ccschem.022.202202153,2022.0,Autonomous Chemistry Enabling Environment-Adaptive Electrochemical Energy Storage Devices,False,none,none,False,low,
https://openalex.org/W4318586822,https://doi.org/10.21248/gups.71701,2022.0,Simulations of conformational changes and enzyme-substrate interactions in protein drug targets,False,protein,md,False,high,
https://openalex.org/W1503709941,https://doi.org/10.7916/d81g0tfx,2012.0,Studies of the Unusually Extended DNA Inside the Pf1 Bacteriophage by Solid-State NMR and Computational Methods,False,nucleic_acid,qc,True,high,
https://openalex.org/W2013372098,https://doi.org/10.1016/j.bpj.2014.12.032,2015.0,"Chromosome, Cell Cycle, and Entropy",,,,,low,
https://openalex.org/W7129033787,https://doi.org/10.3389/fddsv.2026.1780834,2026.0,Revisiting the grand challenges: the road travelled and ahead at the frontiers of computer-aided drug design,,,,,low,
https://openalex.org/W2039014982,https://doi.org/10.1007/s13238-013-0015-y,2014.0,Direct reprogramming of porcine fibroblasts to neural progenitor cells,False,none,none,True,high,
https://openalex.org/W2245036341,,2007.0,Computational and experimental investigation of the role of hyaluronic acid-protein interactions in the rheology of synovial fluid,True,other_polysaccharide,md,True,high,
https://openalex.org/W7164094714,,2026.0,Maskininlärningsstyrd optimering av tyrosinbaserade polyarylatbiomaterial,True,other,qsar,False,high,
https://openalex.org/W7206196363,https://doi.org/10.18154/rwth-2026-06789,2026.0,Microstructure-informed mechanics and fracture behavior of open-porous materials,True,other_polysaccharide,ml,True,medium,
https://openalex.org/W2571352032,,2016.0,Cellulose-water interaction: a spectroscopic study,True,cellulose,md,True,high,
https://openalex.org/W2971591498,https://doi.org/10.1002/biot.201900312,2019.0,Systems Metabolic Engineering Approaches for Rewiring Cells,False,pha,none,False,low,
https://openalex.org/W7108728339,https://doi.org/10.57945/manara.hbku.30694445.v1,2025.0,Isolation and Study of Purple Non‐Sulfur Bacteria from Fuel Synthesis Wastewater Culture to Understand and Improve Their Polyhydroxyalkanoate Production,True,pha,docking,True,high,
https://openalex.org/W7108626679,https://doi.org/10.57945/manara.hbku.30694445,2025.0,Isolation and Study of Purple Non‐Sulfur Bacteria from Fuel Synthesis Wastewater Culture to Understand and Improve Their Polyhydroxyalkanoate Production,True,pha,docking,True,high,
https://openalex.org/W1436452031,,2006.0,Bioprocess software sensors development facing modelling and model uncertainties,False,none,ml,False,medium,
https://openalex.org/W3024385028,https://doi.org/10.1105/tpc.20.00382,2020.0,Endosidin20: A Key to Unlock the Secrets of Cellulose Biosynthesis,True,cellulose,docking,True,high,
https://openalex.org/W2222007252,https://doi.org/10.1002/adma.201505795,2016.0,Leading the Pack in Advanced Materials Research,,,,,low,
https://openalex.org/W2761909844,https://doi.org/10.24870/cjb.2017-a37,2017.0,In silico design of PHA synthase and its validation by PHAs producing bacterial isolates,True,pha,docking,True,high,
https://openalex.org/W7171350735,https://doi.org/10.1016/j.nxmate.2026.102940,2026.0,From molecular design to clinical translation: A critical and integrated review of chitosan structure–property performance relationships,True,chitosan,none,False,high,
https://openalex.org/W7196949364,https://doi.org/10.1016/j.polymer.2026.130650,2026.0,Molecular-scale analysis of deformation behavior in polycaprolactone/chitosan blends: Insights from experiment and atomistic simulations,True,chitosan,md,True,high,
https://openalex.org/W2145064110,https://doi.org/10.1074/jbc.274.19.13292,1999.0,Site-directed Mutagenesis of Cytochromec 6 from Synechocystissp. PCC 6803,False,protein,molecular_modelling,True,high,
https://openalex.org/W7139312238,,2024.0,ВИЗНАЧЕННЯ ПАРАМЕТРІВ РОЗЧИННОСТІ ХАНСЕНА ДЛЯ ПОЛІЛАКТИДУ,True,pla,solubility,False,high,
https://openalex.org/W3134937302,https://doi.org/10.31635/ccschem.021.202000728,2021.0,"Controlled Random Terpolymerization of β -Propiolactone, Epoxides, and CO 2 via Regioselective Lactone Ring Opening",True,pha,qc,True,high,
https://openalex.org/W4413799015,https://doi.org/10.3389/fbioe.2025.1668411,2025.0,"Editorial: Insights in biosensors and biomolecular electronics 2024: novel developments, current challenges, and future perspectives",False,none,none,True,high,
https://openalex.org/W4232660106,https://doi.org/10.26686/wgtn.14182880,2021.0,Ultrafast Vibrational Spectroscopy of the Eumelanin pigment,True,other,qc,True,high,
https://openalex.org/W4411906394,https://doi.org/10.33003/sajols-2025-0302-15,2025.0,The Emerging Role of Saccharomyces cerevisiae in Polyhydroxyalkanoate Biosynthesis: A Review,True,pha,ml,False,medium,
https://openalex.org/W2552053186,https://doi.org/10.1007/s13238-016-0331-0,2016.0,MD simulation of high-resolution X-ray structures reveals post-translational modification dependent conformational changes in HSF-DNA interaction,False,nucleic_acid,md,True,high,
https://openalex.org/W4391094450,https://doi.org/10.1109/bigdata59044.2023.10386829,2023.0,Data mining of electronic structure of proteins and quantum evolution,False,protein,qc,False,medium,
https://openalex.org/W3210231732,https://doi.org/10.31635/ccschem.021.202101486,2021.0,A New Saddle-Shaped Aza Analog of Tetraphenylene: Atroposelective Synthesis and Application as a Chiral Acylating Reagent,False,none,none,True,high,
https://openalex.org/W2502215100,https://doi.org/10.1007/978-94-011-5622-6_239,1997.0,"Density Functional Calculations of the Pseudorotational Flexibility and Vibrational Spectra of Tetrahydrofuran, Ribose and Deoxyribose",False,nucleic_acid,qc,False,low,
https://openalex.org/W7170962565,https://doi.org/10.64898/2026.07.22.739955,2026.0,Conformational dynamics of exopolysaccharides underlie biofilm matrix mechanics in Vibrio cholerae,True,other_polysaccharide,md,True,high,
https://openalex.org/W3047500448,https://doi.org/10.31635/ccschem.020.202000380,2020.0,Total Synthesis of C-α-Mannosyl Tryptophan via Palladium-Catalyzed C–H Glycosylation,False,none,qc,True,high,
https://openalex.org/W7117681032,https://doi.org/10.1007/978-981-95-2525-6_21,2025.0,Database of Biomacromolecular Structures,,,,,low,
https://openalex.org/W4414184421,https://doi.org/10.28978/nesciences.1744921,2025.0,Improving Environmental Awareness Through Algorithm-Guided Experiments on Biodegradable Materials and Soil Health,True,other,ml,True,high,
https://openalex.org/W4402576944,https://doi.org/10.3389/fphar.2024.1473279,2024.0,WWAD: the most comprehensive small molecule World Wide Approved Drug database of therapeutics,False,none,none,False,high,
https://openalex.org/W7167803871,https://doi.org/10.26434/chemrxiv.15005853/v1,2026.0,"Nature-Positive Insights into PHBH Biodegradation: Linking Carbon Transformation, Microbial Responses, and Nitrogen-Related Dynamics",True,pha,ml,True,high,
https://openalex.org/W2066207378,https://doi.org/10.1088/1742-6596/177/1/011001,2009.0,Water Interfaces in Physics Chemistry and Biology: a multi-disciplinary approach,False,none,none,True,high,
https://openalex.org/W7162699330,https://doi.org/10.1016/j.nxmate.2026.102324,2026.0,Advanced graphitic carbon nitride based materials for biomedical applications: Theoretical and experimental aspects,False,none,molecular_modelling,False,medium,
https://openalex.org/W7129056851,https://doi.org/10.9734/bpi/mono/978-81-998711-7-5/ch2,2026.0,"The Contribution of Chemistry to Scientific Innovations: Past, Present and Future",False,none,none,False,high,
https://openalex.org/W2783864528,,2016.0,Developing an underwater robot control system,False,none,docking,False,medium,
https://openalex.org/W4239093392,https://doi.org/10.1016/s0045-6535(99)90036-x,1999.0,Contributors to this issue,,,,,low,
https://openalex.org/W2368229583,,2008.0,The Combining Application of Graphic Software and Amber Program,False,none,md,False,low,
https://openalex.org/W4411292467,https://doi.org/10.1007/s11483-025-09979-2,2025.0,Thermodynamic and Phase Separation Characteristics of Maltodextrin and Gelatin Aqueous Solutions: A New Approach,,,,,low,
https://openalex.org/W2929688947,https://doi.org/10.1007/s13238-019-0617-0,2019.0,Basic and translational aging research in China: present and future,False,none,none,False,high,
https://openalex.org/W3178865965,https://doi.org/10.1039/9781788017862-00394,2021.0,Modelling and Simulation of Proteins,False,protein,md,False,high,
https://openalex.org/W4244905550,https://doi.org/10.1002/9783527830312.index,2021.0,Index,True,pla,none,True,low,
https://openalex.org/W7148705091,https://doi.org/10.1016/j.biombioe.2026.109359,2026.0,Soft computing approach for modeling co-digestion of biomasses in anaerobic digestion for enhanced biogas production,,,,,low,
https://openalex.org/W4416266184,https://doi.org/10.3724/sp.j.1249.2025.06747,2025.0,Phase separation of biomembrane-polyelectrolyte interaction system,False,none,md,False,high,
https://openalex.org/W3106793978,https://doi.org/10.31635/ccschem.020.202000519,2020.0,Nanocatalytic Medicine of Iron-Based Nanocatalysts,False,none,none,False,high,
https://openalex.org/W2901054573,,2018.0,Solid State NMR- Development of Methods and Applications to the Study of Materials,True,pla,none,True,high,
https://openalex.org/W7162067742,https://doi.org/10.1016/b978-0-443-34229-5.00004-3,2026.0,Unraveling microbial metabolic pathways to unlock biofuel and high-value product synthesis,,,,,low,
https://openalex.org/W4401106259,https://doi.org/10.2494/photopolymer.37.239,2024.0,Effects of Solvents on the Preparation of PLLA/PEDOT:PSS Conductive Polymer Alloy Films,True,pla,solubility,True,high,
https://openalex.org/W7126867632,,2023.0,Zapojení podniků v ČR do evropského podnikání v rámci bioekonomiky,False,none,ml,False,low,
https://openalex.org/W4393097449,https://doi.org/10.1093/lifemedi/lnae014,2024.0,Brain organoids: from unguided to regionalized to nucleus-specific,False,none,ml,True,high,
https://openalex.org/W7212254549,https://doi.org/10.5281/zenodo.22711586,2026.0,Integrated genomic architecture and multiscale structural profiling of a halophilic exopolysaccharide from Halomonas elongata HB22,True,other_polysaccharide,md,False,high,
https://openalex.org/W4393590268,https://doi.org/10.5281/zenodo.8382584,2023.0,rbLEC - restricted backbone Local Euler Characteristic - from CATH database,False,protein,molecular_modelling,False,high,
https://openalex.org/W7212220513,https://doi.org/10.5281/zenodo.22711585,2026.0,Integrated genomic architecture and multiscale structural profiling of a halophilic exopolysaccharide from Halomonas elongata HB22,True,other_polysaccharide,md,False,high,
https://openalex.org/W7154029444,https://doi.org/10.71143/rpt74993,2024.0,Sustainable Polymer-Based Catalysts for Enhanced Biofuel Production from Agricultural Waste,True,other,ml,False,medium,
https://openalex.org/W7117893335,https://doi.org/10.52403/ijrr.20251274,2025.0,Philosophy Ontology and Epistemology of Enhanced Oil Recovery in the Era of Data - Driven and Sustainable Reservoir Management,False,none,none,False,high,
https://openalex.org/W4412084788,https://doi.org/10.1016/j.molliq.2025.128090,2025.0,Phase equilibria of estrogenic compounds and water with poly(guluronate): an atomistic study,True,alginate,md,False,high,
https://openalex.org/W7162645172,https://doi.org/10.1007/978-3-032-26154-0_11,2026.0,Polysaccharide-Based 3D-Printed Nanocomposites: Fabrication and Applications,,,,,low,
https://openalex.org/W7140887570,https://doi.org/10.9734/jamps/2026/v28i3850,2026.0,Translational Insight into Gongronema latifolium-silver Nanoparticles: Linking in vivo Safety to Molecular Antimalarial Mechanism,False,none,qc,False,medium,
https://openalex.org/W3204770657,https://doi.org/10.15278/isms.2021.fm13,2021.0,CHIRAL SUM FREQUENCY GENERATION SPECTROSCOPY REVEALS HOW MIRROR-IMAGE β-SHEETS ORGANIZE WATER SUPERSTRUCTURES WITH OPPOSITE CHIRALITY,False,protein,md,True,high,
https://openalex.org/W4404294009,https://doi.org/10.2139/ssrn.5018580,2024.0,"An In-Situ Dissolving-Co-Crosslinking Strategy for Fabricating High-Strength, Wet-Stable, and Biocompatible Multiscale Cellulosic Paper-Based Plastics",,,,,low,
https://openalex.org/W4244885807,https://doi.org/10.1104/pp.114.900492,2014.0,On the Inside,False,none,none,True,low,
https://openalex.org/W7213319951,https://doi.org/10.1021/acsami.6c09388,2026.0,Polyol-Mediated Suppression of Paddlewheel Hydrolysis Enables Biomimetic Mineralization of Unstable Metal–Organic Frameworks,False,none,qc,True,high,
https://openalex.org/W4403150081,https://doi.org/10.1007/s12038-024-00472-5,2024.0,Comparative binding affinity and stability of PHA synthase from Pseudomonas putida and Pseudomonas aeruginosa with acetyl and acyl substrates,True,pha,md,False,high,
https://openalex.org/W4252131355,https://doi.org/10.1002/9781119160281.ch11,2017.0,Physical Models of Dynamic Mobility of Proteins,False,protein,md,False,medium,
https://openalex.org/W7204188153,https://doi.org/10.7150/thno.134985,2026.0,The evolution of surrogate microspheres in transarterial radioembolization: from SPECT prediction to multimodal AI-guided precision dosimetry,True,other,ml,False,medium,
https://openalex.org/W3081681548,,2018.0,Knowledge-driven prediction and protective encapsulation of small molecules and phytochemicals,True,chitosan,docking,True,high,
https://openalex.org/W7162089730,https://doi.org/10.54963/ia.v2i1.2335,2025.0,Regenerative Biochar for Carbon Sequestration and Emerging Technologies in Soil Organic Carbon Management for Sustainable Agriculture: A Review,True,other,ml,False,medium,
https://openalex.org/W113908050,,2012.0,Towards Personalised Drug Ranking in Clinical Decision Support,False,protein,md,False,high,
https://openalex.org/W7169487267,,2025.0,Mission Possible: Ein Enzym verlässt den Naturpfad.,False,none,none,True,low,
https://openalex.org/W7196949629,https://doi.org/10.48550/arxiv.2608.05130,2026.0,Tetrahedral linkage as an intrinsic measure of glycan antifreeze behavior,True,cellulose,md,False,high,
https://openalex.org/W7201913981,,2026.0,Tetrahedral linkage as an intrinsic measure of glycan antifreeze behavior,True,cellulose,md,False,high,
https://openalex.org/W7166846185,https://doi.org/10.1021/acsami.6c08153,2026.0,The Evolving Landscape of Terahertz Biosensing: From Sensitivity to Precision,False,none,ml,False,medium,
https://openalex.org/W7203470725,https://doi.org/10.1002/9783527852048.ch11,2026.0,Environmental Chemistry,False,none,ml,False,low,
https://openalex.org/W7116937061,https://doi.org/10.1021/acs.jpcb.5c05329,2025.0,Various Ways to Be Negative: Biophysical Characterization of Polyanionic Biomolecules,False,other,md,False,high,
https://openalex.org/W4385966657,https://doi.org/10.5281/zenodo.8260242,2023.0,Protein-Protein Docking Service,False,none,docking,False,high,
https://openalex.org/W4415753759,https://doi.org/10.1016/b978-0-443-16100-1.00004-7,2025.0,3D printing for repairing fracture bone defects,,,,,low,
https://openalex.org/W7172311986,https://doi.org/10.1002/ffj.70138,2026.0,"Bacillus ‐Derived Polyhydroxybutyrate From Nutrient‐Rich Soils: Production, Structural Features, and Immunological Potential",True,pha,md,True,high,
https://openalex.org/W7213761670,https://doi.org/10.1021/acsagscitech.6c00690,2026.0,Recent Horizons in Pyridine-Based Agrochemicals (2020-2026): From Molecular Design to Ecological Safety,False,none,qc,False,low,
https://openalex.org/W4403285429,https://doi.org/10.1016/j.jphotochem.2024.116082,2024.0,Exploring nitro-Tröger’s bases for ct-DNA and HSA sensing: An experimental and theoretical study,,,,,low,
https://openalex.org/W3019746953,https://doi.org/10.1021/acs.jcim.0c00485,2020.0,ivis Dimensionality Reduction Framework for Biomacromolecular Simulations,False,protein,ml,False,high,
https://openalex.org/W3085406162,https://doi.org/10.31635/ccschem.020.202000190,2020.0,Controlling the Chain Folding for the Synthesis of Single-Chain Polymer Nanoparticles Using Thermoresponsive Polymers,True,other,md,True,high,
https://openalex.org/W7132916892,,2019.0,Mathematical Modeling of Flow-Induced Biological Polymer Dynamics using Coarse-Grained Brownian Dynamics Simulations,True,protein,md,True,high,
https://openalex.org/W7212272453,https://doi.org/10.1002/cbdv.71613,2026.0,Eco‐Friendly Pectin‐Derived Heterocycles as Potent Larvicides: Biochemical and Insecticidal Insights Against Culex pipiens With Computational Investigation,True,pectin,docking,True,high,
https://openalex.org/W1152717905,,2014.0,Computational prediction and development of a thermostable endoglucanase I from Fusarium oxysporum,True,cellulose,md,False,high,
https://openalex.org/W4411429383,https://doi.org/10.22541/au.175023625.57902712/v1,2025.0,"not-yet-known not-yet-known not-yet-known unknown Exploring How Cracks Grow in PLA with Dual Keyhole Notches: Blending Experiments, Simulations, and Smart Predictions",True,pla,ml,True,high,
https://openalex.org/W2319051999,https://doi.org/10.1557/proc-330-71,1993.0,Computer Simulations of Nonlinear Optical Chromophore Containing Polypeptides,,,,,low,
https://openalex.org/W4323656957,https://doi.org/10.1380/vss.66.164,2023.0,Mesostructure-property Relationships in Polymer Science Based on Mathematical and Informatics Methods,True,other,ml,False,medium,
https://openalex.org/W7155199808,https://doi.org/10.1007/978-981-95-7386-8_17,2026.0,Conformational Analysis of Glycans (1),,,,,low,
https://openalex.org/W7164992120,https://doi.org/10.5281/zenodo.20729186,2026.0,Experimental and Modeling Data for the Shear Strength of Xanthan Gum- and Carrageenan-Treated Clayey Sand,True,other_polysaccharide,ml,True,high,
https://openalex.org/W7205015798,https://doi.org/10.21203/rs.3.rs-10584527/v1,2026.0,Fragmentation and depolymerization of conventional and biodegradable microplastics in Eisenia fetida and Eisenia andrei,True,pla,ml,True,high,
https://openalex.org/W7166564506,https://doi.org/10.9734/jabb/2026/v29i74074,2026.0,Plant Wearable Sensors: Emerging Technology for Real-Time Plant Monitoring,False,none,none,False,high,
https://openalex.org/W7165054927,https://doi.org/10.5281/zenodo.20729185,2026.0,Experimental and Modeling Data for the Shear Strength of Xanthan Gum- and Carrageenan-Treated Clayey Sand,True,other_polysaccharide,ml,True,high,
https://openalex.org/W4403192121,https://doi.org/10.58532/nbennuraich2,2024.0,MATERIALS OF TOMORROW: UNVEILING NOVEL ADVANCES,True,other,ml,False,low,
https://openalex.org/W7202120509,https://doi.org/10.5281/zenodo.21869338,2026.0,Industry 5.0 and Sustainable Biocomposite Materials: A Brief Review of Human-Centric Technologies for Sustainable Manufacturing,True,other,ml,False,medium,
https://openalex.org/W4200274384,https://doi.org/10.3390/mol2net-07-11913,2021.0,A Study of the Anticancer Activity against MCF-7 Cell Lines and Quantitative Structure-Activity Relationship Analysis on a Series of Compounds,False,none,qsar,False,high,
https://openalex.org/W4390990685,https://doi.org/10.2139/ssrn.4699350,2024.0,Revealing the Interaction Mechanism between Bovine Serum Albumin (Bsa) and a Fluorescent Coumarin Derivative: A Multispectroscopic and in Silico Approach,False,protein,docking,True,low,
https://openalex.org/W4416041448,https://doi.org/10.1016/j.colsurfa.2025.138901,2025.0,NMR solvent relaxation and HSP guided green solvent strategy for enhancing zein film flexibility,,,,,low,
https://openalex.org/W2972059273,https://doi.org/10.26021/9053,2018.0,A robust and efficient algorithm for determining molecular connectivities.,False,none,md,False,medium,
https://openalex.org/W7202133612,https://doi.org/10.5281/zenodo.21869339,2026.0,Industry 5.0 and Sustainable Biocomposite Materials: A Brief Review of Human-Centric Technologies for Sustainable Manufacturing,True,other,ml,False,medium,
https://openalex.org/W4396223963,https://doi.org/10.1007/978-981-97-0888-8_4,2024.0,Atomistic Modelling of Bio-Nanocomposites for Bone Tissue Engineering Applications,,,,,low,
https://openalex.org/W7172229393,https://doi.org/10.2139/ssrn.7218502,2026.0,Evaluation of a Novel Chalcone Incorporated into PLA-Based Nanocomposites: A combination of experimental and theoretical insights,,,,,low,
https://openalex.org/W4391641976,https://doi.org/10.1016/j.bpj.2023.11.1014,2024.0,Computational study of amyloid fibrils on interaction with TiO2-based nanotubes and nanosheets,,,,,low,
https://openalex.org/W4407954918,https://doi.org/10.1134/s0006350924700702,2024.0,Noncontact Atomic Force Microscopy for Studies of Biomolecules in Liquids,False,none,none,True,medium,
https://openalex.org/W7172099447,https://doi.org/10.1016/j.scowo.2026.100280,2026.0,Recent advances in coagulants in wastewater treatment,True,other,md,False,medium,
https://openalex.org/W7203840574,https://doi.org/10.1039/d6ra04854d,2026.0,Computational modeling of lignin: from molecular structure to functional properties,True,lignin,md,False,high,
https://openalex.org/W7161021087,https://doi.org/10.1556/066.2026.00011,2026.0,Molecular-level insights into the interaction between soy protein isolate and fucoidan,True,protein,docking,True,high,
https://openalex.org/W7203607130,https://doi.org/10.1021/acsomega.6c05701,2026.0,From Seaweed to Corrosion Inhibitor: A Multi-Method Validation of λ-Carrageenan as a Non-Toxic Inhibitor under Acidic Hydrodynamic Conditions,True,other_polysaccharide,md,True,high,
https://openalex.org/W7117123657,https://doi.org/10.1016/j.ijbiomac.2025.149894,2025.0,"A bissulfone-indole derived as potent Clp protein inhibitors: Design, synthesis, and mechanistic study for plant disease control",False,none,docking,True,high,
https://openalex.org/W4415193505,https://doi.org/10.1680/jgrma.2025.13.4.231,2025.0,Editorial: Advancement in sustainable green manufacturing techniques for plant-based natural fiber composites,True,chitosan,none,True,medium,
https://openalex.org/W4236709684,https://doi.org/10.1021/cen-09644-cover12,2018.0,Where are they now?,,,,,low,
https://openalex.org/W4308303352,https://doi.org/10.21203/rs.3.rs-2182637/v1,2022.0,Investigating the effect of silane modification of chitosan on the anticorrosion performance of epoxy primer coating using computational simulation technique,True,chitosan,md,False,high,
https://openalex.org/W4411583580,https://doi.org/10.1201/9781003635789-1,2025.0,Fundamentals of sustainable electronics,False,none,none,False,low,
https://openalex.org/W2501580652,https://doi.org/10.1021/bk-1994-0544.ch024,1993.0,Approaches to Modeling and Property Prediction of Model Peptides,True,protein,md,False,medium,
https://openalex.org/W7128066820,https://doi.org/10.2139/ssrn.6181901,2026.0,Green modification of polylactic acid with natural quercetin: Insight into UV absorption mechanism and multifunctional performance for food packaging,,,,,low,
https://openalex.org/W4214941233,https://doi.org/10.1201/9781003173625-18,2022.0,Recent Developments in Computational Modeling of Viscoelastic Properties of Biocomposites,True,other,molecular_modelling,False,medium,
https://openalex.org/W7162673261,https://doi.org/10.1016/j.supflu.2026.107036,2026.0,Investigation of swelling kinetic behavior of polylactic acid in supercritical CO2,,,,,low,
https://openalex.org/W3033673705,,2017.0,Développement d'une approche multiéchelle pour l'étude des propriétés structurales et des réactivités d'assemblages complexes de biopolymères : les gels d'alginates,True,alginate,qc,False,high,
https://openalex.org/W2015022284,https://doi.org/10.1115/icnmm2007-30162,2007.0,Brownian Dynamics Simulations of Polymer Behavior in Nanofluidic and Microfluidic Systems,False,nucleic_acid,md,False,medium,
https://openalex.org/W7139946971,https://doi.org/10.1016/b978-0-443-33447-4.00012-9,2026.0,Advanced applications and prospects in biomass processing,,,,,low,
https://openalex.org/W4417472090,https://doi.org/10.1109/nss/mic/rtsd57106.2025.11286459,2025.0,DNA Geometrical Model Converter From Protein Data Bank Format for Geant4-DNA Simulation,False,nucleic_acid,md,False,high,
https://openalex.org/W7167650023,,2012.0,Long range magnetic couplings mediated through the non-covalent interactions in multi copper metalloenzymes,False,protein,qc,False,high,
https://openalex.org/W4247985478,https://doi.org/10.1002/smll.201902246,2019.0,Nanomaterials Innovation,,,,,low,
https://openalex.org/W4402917893,https://doi.org/10.31857/s0006302924040056,2024.0,Noncontact Atomic Force Microscopy for Studying Biomolecules in Liquids,False,none,none,True,medium,
https://openalex.org/W7154748203,https://doi.org/10.1016/j.pmpp.2026.103227,2026.0,"Marine bacterial polyhydroxyalkanoates suppress Xanthomonas virulence in Cowpea: In vitro, in vivo, and in silico evidence",,,,,low,
https://openalex.org/W4407185054,https://doi.org/10.3390/polym17030417,2025.0,Nano-Polymers as Cas9 Inhibitors,False,other,docking,True,medium,
https://openalex.org/W4408074638,https://doi.org/10.1007/978-3-031-78724-9_4,2025.0,Applications of Predictive Modeling for Selected Properties of Polymers,,,,,low,
https://openalex.org/W4409240932,https://doi.org/10.1002/cphc.202400951,2025.0,Controlling the Morphology and Orientation of the Helical Self‐Assembly of Pyrazine Derivatives by Tuning Hydration Shells,True,other,md,False,medium,
https://openalex.org/W7119509420,https://doi.org/10.2139/ssrn.6041242,2026.0,"Optimization of Anthocyanidin-Loaded Nanoparticles Based on Carboxymethyl Cellulose and Lactoferrin: increase stability, bioaccessibility and antioxidant capacity",,,,,low,
https://openalex.org/W4417307733,https://doi.org/10.1273/cbij.25.130,2025.0,Developments and Activities in FMODB up to 2025: A Release Note,False,none,qc,False,high,
https://openalex.org/W7204963972,https://doi.org/10.1002/ppap.v23.9,2026.0,,True,other,ml,False,medium,
https://openalex.org/W7162245060,https://doi.org/10.1016/j.cej.2026.177671,2026.0,From molecular interactions to tailored open-cells: Phase-selective crosslinking PLA/PBS green foams for advanced oil–water separation and thermal insulation,,,,,low,
https://openalex.org/W7151750317,https://doi.org/10.1007/978-3-032-15915-1_11,2026.0,Microbiology Approach for Valorization of Waste,,,,,low,
https://openalex.org/W7105889413,https://doi.org/10.5281/zenodo.15637149,2025.0,"""Supporting Data for 'Computational Insights into Nanoscale Modulation of TSH Receptor Interactions with Endocrine Disruptors (BDE-PFOS): Synergistic Effects of Carbon Nanotubes and Biocompatible Polymers'",False,other,md,False,medium,
https://openalex.org/W636962583,,2010.0,"Computational approaches to the calculation of spectroscopic, structural and mechanical properties of polysaccharide chains : a thesis presented in partial fulfillment of the requirements for the degree of Doctor of Philosophy at Massey University",True,pectin,qc,True,high,
https://openalex.org/W3043034447,https://doi.org/10.31635/ccschem.020.202000338,2020.0,Constituent Isomerism-Induced Quasicrystal and Frank–Kasper σ Superlattices Based on Nanosized Shape Amphiphiles,True,other,none,True,medium,
https://openalex.org/W4412108316,https://doi.org/10.4018/979-8-3373-1047-3.ch009,2025.0,Polymer-Based Microneedles in Transdermal Drug Delivery Systems,True,other,none,False,medium,
https://openalex.org/W4413630292,https://doi.org/10.51584/ijrias.2025.100700152,2025.0,Advances in Ai-Driven Bioreactors for Optimized Polyhydroxybutyrate Production,True,pha,ml,False,high,
https://openalex.org/W4408218631,https://doi.org/10.1080/07391102.2025.2475386,2025.0,"A novel water-soluble dinuclear Pd(II) complex having 4,4′- bipyridine and diethylenetriamine ligands and its interaction with DNA and BSA",False,none,docking,True,high,
https://openalex.org/W7163538506,https://doi.org/10.1038/s42004-026-02077-5,2026.0,Digital twin of biomacromolecular thermodynamics in cryo-EM data,False,none,ml,False,high,
https://openalex.org/W4414447466,https://doi.org/10.20944/preprints202509.1744.v1,2025.0,Integrating AI with Biosensors and Voltammetry for Neurotransmitter Detection and Quantification: A Systematic Review,False,none,ml,False,medium,
https://openalex.org/W7116672121,https://doi.org/10.6084/m9.figshare.30928354.v1,2025.0,"Photophysical and biomolecule-binding features of bis-arylselanyl-benzo-2,1,3-selenadiazoles by simultaneous techniques and theoretical insights",False,none,qc,True,high,
https://openalex.org/W4412420782,https://doi.org/10.38124/ijsrmt.v4i6.629,2025.0,Recyclable Polymers and Circular Material Design for Sustainable Manufacturing,True,other,none,False,medium,
https://openalex.org/W7171503872,https://doi.org/10.58532/nbennurametv6b3p1c1,2026.0,"NEXT-GENERATION ADDITIVE MANUFACTURING: ADVANCES IN 3D PRINTING TECHNOLOGIES, MATERIALS, AND APPLICATIONS",False,none,none,False,low,
https://openalex.org/W1654562219,https://doi.org/10.1063/1.2827019,2007.0,Multi-scale simulations for materials and life sciences,,,,,low,
https://openalex.org/W7107943182,https://doi.org/10.17576/jkukm-2025-37(8)-25,2025.0,Extraction of Lignin from Sago Bark Using Acidic Deep Eutectic Solvents,True,lignin,solubility,True,high,
https://openalex.org/W7154570193,https://doi.org/10.52711/0974-360x.2026.00269,2026.0,Advancements in Enteric Coated Nanoparticles for Improving Bioavailability of Poorly Soluble Drugs: A Comprehensive Study,False,none,none,False,low,
https://openalex.org/W7206201062,https://doi.org/10.1007/978-3-032-28978-0_9,2026.0,Technological and Scientific Innovations,,,,,low,
https://openalex.org/W7116765953,https://doi.org/10.6084/m9.figshare.30928354,2025.0,"Photophysical and biomolecule-binding features of bis-arylselanyl-benzo-2,1,3-selenadiazoles by simultaneous techniques and theoretical insights",False,none,qc,True,high,
https://openalex.org/W4401466341,https://doi.org/10.26434/chemrxiv-2024-ldx87,2024.0,Dynamics of amphiphilic poly(ε-caprolactone)micelles with doxorubicin and transitiontemperature predictions using all-atommolecular dynamics simulation,True,other,md,False,high,
https://openalex.org/W4417534308,https://doi.org/10.1080/10426507.2025.2603998,2025.0,"Photophysical and biomolecule-binding features of bis-arylselanyl-benzo-2,1,3-selenadiazoles by simultaneous techniques and theoretical insights",False,none,qc,True,high,
https://openalex.org/W2807543794,,2009.0,Weighted ensemble dynamics simulation for detecting metastable states in complex conformational spaces,False,protein,md,False,high,
https://openalex.org/W8149255,,2010.0,A hybrid evolutionary/clustering algorithm for RNA secondary structure prediction,False,nucleic_acid,molecular_modelling,False,high,
https://openalex.org/W4414527683,https://doi.org/10.1007/978-3-032-00796-4_5,2025.0,Polymeric Nanoparticles in Biopharmaceutical Development,,,,,low,
https://openalex.org/W7172106190,https://doi.org/10.1007/978-3-032-22849-9_1,2026.0,Novel Approaches for Characterization and Its Conversion into Value-Added Products,,,,,low,
https://openalex.org/W7124253836,https://doi.org/10.3390/books978-3-7258-6341-9,2026.0,"Biomolecular Structure, Function and Interactions",False,none,none,False,high,
https://openalex.org/W4247606714,https://doi.org/10.1063/1.2836062,2007.0,Multi-Scale Simulations For Materials and Life Sciences,,,,,low,
https://openalex.org/W7126255443,https://doi.org/10.52434/jifb.v17i1.43047,2026.0,In Silico Evaluation of Chitosan's Antibacterial Potential Against Gram-Positive and Gram-Negative Bacteria,True,chitosan,docking,False,high,
https://openalex.org/W2287696182,,2015.0,"Reweighted ensemble dynamics simulations： Theory, improvement, and application",False,protein,md,False,medium,
https://openalex.org/W1536457140,https://doi.org/10.48550/arxiv.0911.3527,2009.0,"Reweighted ensemble dynamics simulations: theory, improvement, and application",False,protein,md,False,high,
https://openalex.org/W7165151486,https://doi.org/10.1021/acs.macromol.5c03562,2026.0,Structure–Property Relationships for Biodegradability in Copolyesters,True,other,qsar,True,high,
https://openalex.org/W2471690483,https://doi.org/10.1541/ieejfms.136.205,2016.0,Electronic Transition Process of Fluorescence Appearing in Various Organic Polymers,True,other,qc,True,high,
https://openalex.org/W4416224389,https://doi.org/10.1007/978-3-032-10786-2_15,2025.0,Key Aspects in the Creation of New Acoustic Multi-functional Composites for Environmental Risks and Health Hazards Reduction,,,,,low,
https://openalex.org/W3200789806,https://doi.org/10.31635/ccschem.021.202101284,2021.0,Biphenyl-Induced Superhelix in l -Phenylalanine-Based Supramolecular Self-Assembly with Dynamic Morphology Transitions,True,protein,none,True,medium,
https://openalex.org/W7167835566,https://doi.org/10.1002/adma.73941,2026.0,"Living Inorganic Nanomaterials: Design, Preparation, and Biomedical Applications",False,none,none,False,high,
https://openalex.org/W4417305542,https://doi.org/10.69836/tech.v1i2.526,2025.0,Design and Optimization of Sustainable Green Composites for High-Performance Applications,True,other,ml,True,high,
https://openalex.org/W7134950339,https://doi.org/10.1007/s12039-026-02481-3,2026.0,Exploring the synergy between technique and timescale in simulations: From biomolecules to biomaterials,,,,,low,
https://openalex.org/W3203929808,https://doi.org/10.26434/chemrxiv.14528664.v2,2021.0,Stability and Optical Absorption of a Comprehensive Virtual Library of Minimal Eumelanin Oligomer Models,True,other,qc,False,high,
https://openalex.org/W4414056348,https://doi.org/10.1016/j.cej.2025.167673,2025.0,"Beyond poly(NIPAAm): Molecularly engineered biodegradable pullulan microgels with excellent thermosensitivity. Design, modeling, and realization",True,other_polysaccharide,md,True,high,
https://openalex.org/W2954392651,,2019.0,Cytoskeletal Dynamics of Neurons Measured by Combined Fluorescence and Atomic Force Microscopy,False,protein,none,True,high,
https://openalex.org/W7171721119,https://doi.org/10.1002/chem.71445,2026.0,Raman Optical Activity as a Tool to Monitor Polynucleotide Conformation in Solutions,False,nucleic_acid,md,True,high,
https://openalex.org/W4250568437,https://doi.org/10.26434/chemrxiv.14528664,2021.0,Stability and Optical Absorption of a Comprehensive Virtual Library of Minimal Eumelanin Oligomer Models,True,other,qc,False,high,
https://openalex.org/W2524004353,,2014.0,"Simulation studies of DNA at the nanoscale: Interactions with proteins, polycations, and surfaces",False,nucleic_acid,md,False,high,
https://openalex.org/W7154095756,https://doi.org/10.1016/j.polymer.2026.130040,2026.0,Different self-assembly behavior of a benzoylhydrazide type nucleating agent in poly(lactic acid) and poly(butylene adipate-co-terephthalate) melts,,,,,low,
https://openalex.org/W7151261471,https://doi.org/10.14943/lowtemsci.84.85,2026.0,溶質周囲の水分子の協調運動と溶質に及ぼす影響,False,protein,md,False,high,
https://openalex.org/W3161962837,https://doi.org/10.26434/chemrxiv.14528664.v1,2021.0,"Structure, Stability and Optical Absorption of a Comprehensive Li-Brary of Minimal Eumelanin Oligomer Models",True,other,qc,False,high,
https://openalex.org/W569047147,,2011.0,Inclusion et libération de molécules antioxydantes dans un emballage à base d’Acide Poly Lactique en contact alimentaire,True,pla,qsar,True,high,
https://openalex.org/W7125597839,https://doi.org/10.55041/ijsrem56220,2026.0,Recent Advances in Green Inhibitors as Anticorrosion Agent for Aluminium and Its Alloys in Various Corrosive Media: A Review,True,other,qc,True,medium,
https://openalex.org/W4414432665,https://doi.org/10.1109/tcbbio.2025.3608557,2025.0,Particle Restoration: A Novel Image Processing Framework for Improving Real Cryo-EM Image Quality in Single Particle Analysis,False,none,ml,False,high,
https://openalex.org/W7125011610,https://doi.org/10.55606/jurritek.v5i1.7563,2026.0,Peran Material Daur Ulang dan Biopolimer Dalam Penerapan Circular Economy di Industri Manufaktur,True,other,none,False,low,
https://openalex.org/W7143288222,https://doi.org/10.1016/j.ijpharm.2026.126827,2026.0,Advancing the understanding of tablet capping and lamination: a systematical review,False,none,none,False,low,
https://openalex.org/W4235722988,https://doi.org/10.1016/s0022-2860(04)00227-3,2004.0,"A scaled quantum mechanical force field for the alanine?alanine zwitterions in water based on scale factors for alanine, glycine, N-methylacetamide, acetate, formate, and methylamine",,,,,low,
https://openalex.org/W2783868954,https://doi.org/10.1115/imece2017-71645,2017.0,An Integrated Parallelizable Algorithm for Computer Motion Simulation of Large-Sized Bio-Molecular Structures,False,none,md,False,medium,
https://openalex.org/W7201963101,https://doi.org/10.1038/s43246-026-01315-6,2026.0,Polysaccharide coatings unlock high-performance TiO2 UV filters for sunscreen formulations,True,other_polysaccharide,qc,True,high,
https://openalex.org/W4394958886,https://doi.org/10.1101/2024.04.18.590021,2024.0,Mechanistic Insights into ASO-RNA Complexation: Advancing Antisense Oligonucleotide Design Strategies,False,nucleic_acid,md,False,high,
https://openalex.org/W4414797415,https://doi.org/10.1016/j.molstruc.2025.144210,2025.0,"A fluorescence “Turn-on” Schiff base probe based on naphthylcarbazone for selective detection of Mg2+/Cd2+ ions and DNA binding: Synthesis, characterization and DFT/TD-DFT studies",,,,,low,
https://openalex.org/W3150063527,,2014.0,Molecular Structure and the Dynamics of the Functioning of Conformationally Mobile Systems,False,none,md,False,medium,
https://openalex.org/W7119035403,https://doi.org/10.1049/pbme028e_bm,2025.0,Back Matter,,,,,low,
https://openalex.org/W4221003680,https://doi.org/10.1093/eurheartj/ehac118,2022.0,Percutaneous coronary intervention vs. coronary artery bypass graft: the saga continues,,,,,low,
https://openalex.org/W4415818563,https://doi.org/10.1201/9781003506492-6,2025.0,Green Composite,True,other,ml,False,medium,
https://openalex.org/W7118216099,https://doi.org/10.2139/ssrn.6020399,2026.0,Boosting Biomass Electrooxidation using Synergistic Copper Vanadium Catalytic Interfaces,,,,,low,
https://openalex.org/W2557785486,,2015.0,Understanding How Non-Covalent Interactions Affect Interfacial Biomolecular Dynamics,True,protein,none,True,medium,
https://openalex.org/W4412903498,https://doi.org/10.1201/9781003594840-21,2025.0,Future Trends in Emerging Technologies in Fungal Biotechnology,False,none,none,False,low,
https://openalex.org/W4237442450,https://doi.org/10.1002/bip.20026,2004.0,Preface,False,nucleic_acid,md,False,high,
https://openalex.org/W4229447937,https://doi.org/10.1515/9783110493955-002,2022.0,2 Novel drug design and bioinformatics: an introduction,False,none,molecular_modelling,False,high,
https://openalex.org/W7154287722,https://doi.org/10.1016/j.afres.2026.102012,2026.0,A novel Terahertz spectral imaging technique for non-destructive quantitative analysis of alginate in Alaria esculenta Extracts,True,alginate,ml,True,high,
https://openalex.org/W7162017686,https://doi.org/10.1016/j.jece.2026.123252,2026.0,"Advancements in polylactic acid biodegradation: Microbial, enzymatic, and ai-driven approaches for sustainable plastic waste management",,,,,low,
https://openalex.org/W7115184828,https://doi.org/10.1515/9783111618906-010,2025.0,257Chapter 10 Latest technologies and future perspectives in green materials,True,other,none,False,low,
https://openalex.org/W4391658334,https://doi.org/10.1016/j.bpj.2023.11.3315,2024.0,Insights into the electronic and structural properties of cellulose and amylose: A comparative force field study,,,,,low,
https://openalex.org/W7203940434,https://doi.org/10.1007/978-3-319-48281-1_204-1,2026.0,Industry 4.0 and Eco-materials: Opportunities and Challenges,,,,,low,
https://openalex.org/W7171808807,https://doi.org/10.65795/kcaev429,2026.0,Reimagining Maxillofacial Reconstruction: Transformative Advances in 3D Printing and Patient-Specific Implant Design,False,none,none,False,low,
https://openalex.org/W267978974,,2013.0,Synthesis of Ferrocene-Based Ligands and Their Applications in Redox-Switchable Catalysis for Selective Hydroamination Reactions,False,none,qc,True,medium,
https://openalex.org/W7171110293,https://doi.org/10.1016/j.watres.2026.126570,2026.0,Hydrogen/deuterium (H/D) Isotope effects reveal rate-limiting proton transport in Methanosarcina biomimetics for extracellular charge transfer,True,other_polysaccharide,qc,True,high,
https://openalex.org/W7141245999,https://doi.org/10.1016/j.carres.2026.109907,2026.0,Frontiers in polysaccharide biosynthesis: Decoding the catalytic logic of enzymes for future applications,False,other_polysaccharide,none,False,medium,
https://openalex.org/W7168154294,https://doi.org/10.5281/zenodo.21329138,2026.0,"The Larger and More Flexible the Molecule, the Longer 'Quantum Coherence' Lasts",False,none,qc,False,high,
https://openalex.org/W7167500676,https://doi.org/10.9790/1684-2301016071,2026.0,Corrosion Engineering In The Age Of Green Chemistry: Theoretical Insights And Future Innovations,False,none,none,False,low,
https://openalex.org/W7164849194,https://doi.org/10.1002/adem.71030,2026.0,Environmentally Friendly Core‐Shell P/B‐g‐C 3 N 4 @Cu 3 P With Strong Interfacial Coupling Effect to Enhance Flame Retardant Properties of Biodegradable Poly (Butylene Adipate‐Co‐Terephthalate),True,other,qc,True,high,
https://openalex.org/W7168171367,https://doi.org/10.5281/zenodo.21329139,2026.0,"The Larger and More Flexible the Molecule, the Longer 'Quantum Coherence' Lasts",False,none,qc,False,high,
https://openalex.org/W7202243352,https://doi.org/10.69709/esm.2026.121551,2026.0,Editorial,,,,,low,
https://openalex.org/W7125969849,https://doi.org/10.2139/ssrn.6144714,2026.0,Frontiers in Polysaccharide Biosynthesis: Decoding the Catalytic Logic of Enzymes for Future Applications,,,,,low,
https://openalex.org/W7128798187,https://doi.org/10.1016/b978-0-443-40453-5.00012-5,2026.0,Toxicity of polymers,,,,,low,
https://openalex.org/W2586821405,,2009.0,Investigating electrostatic effects on DNA compaction: applications to gene delivery and transcription regulation.,False,nucleic_acid,md,True,high,
https://openalex.org/W7164043497,https://doi.org/10.1016/b978-0-443-41688-0.00012-8,2026.0,"Perspectives, opinions and future implications",,,,,low,
https://openalex.org/W2911066335,,2018.0,Studies on a landscape of perfluoroaromatic-reactive peptides,False,protein,molecular_modelling,True,medium,
https://openalex.org/W7112909359,,2024.0,"Towards 3D Printed Concrete for Infrastructural Applications: Fresh properties, Printability, and Reinforcement",True,other_polysaccharide,ml,True,high,
https://openalex.org/W7204606366,https://doi.org/10.15376/biores.21.4.choudhary,2026.0,Microalgae-derived biodiesel as a scalable and sustainable pathway for next-generation biofuels,False,none,none,False,high,
https://openalex.org/W95930156,https://doi.org/10.1007/978-1-4757-3534-5_8,2002.0,Nano and Micro Channel Flows of Biomolecular Suspension,,,,,low,
https://openalex.org/W4290785466,https://doi.org/10.4018/978-1-6684-2423-0.ch003,2022.0,Optimization of Green Hydrogel in Agriculture Based on Guar Gum by Response Surface Methodology,True,other_polysaccharide,ml,True,medium,
https://openalex.org/W7168172973,https://doi.org/10.1016/j.ijbiomac.2026.153474,2026.0,Corrosion inhibition behavior of chitosan-salicylaldehyde and its Zn (II) complex on carbon steel in acidic medium,True,chitosan,qc,True,high,
https://openalex.org/W4404753372,https://doi.org/10.20944/preprints202411.2144.v1,2024.0,RNA Structure: Historical and Future Perspectives,False,nucleic_acid,ml,False,high,
https://openalex.org/W4399450929,https://doi.org/10.2139/ssrn.4848684,2024.0,Pyridazinedione-Fused Enediyne Antitumor Antibiotics,,,,,low,
https://openalex.org/W7140432258,https://doi.org/10.1007/978-3-032-07112-5_11,2026.0,Alternative Bioeconomy Strategies for Decarbonization,False,none,none,False,high,
https://openalex.org/W7166567663,https://doi.org/10.1016/b978-0-443-45248-2.00021-3,2026.0,"Circular economy approaches for plastic waste management in aquatic systems: Integrating technology, policy, and community for sustainable solutions",,,,,low,
https://openalex.org/W4232728097,https://doi.org/10.2745/dds.16.317,2001.0,,True,chitosan,ml,True,high,
https://openalex.org/W4233941592,https://doi.org/10.1002/9780470259818.index,2007.0,Index,,,,,low,
https://openalex.org/W7207710261,https://doi.org/10.1021/acs.jafc.6c08602,2026.0,Mechanistic Insight into Fungicidal Agent of Rosin-Based Derivative: Targeting Erg2/Erg5 to Disrupt Ergosterol Biosynthesis in Rhizoctonia solani,False,none,docking,True,medium,
https://openalex.org/W4415413091,https://doi.org/10.2139/ssrn.5638704,2025.0,"Marine polysaccharide-based edible film as an alternative to plastic packaging: preparations, applications and recent advances",,,,,low,
https://openalex.org/W2586539288,,2009.0,Transport of single molecules through nanochannels: A novel approach to DNA sequencing,False,nucleic_acid,md,True,medium,
https://openalex.org/W4323526874,https://doi.org/10.1007/978-981-19-9444-9_2,2023.0,Theoretical Aspects of Nanometal Oxides,,,,,low,
https://openalex.org/W3128666390,https://doi.org/10.48550/arxiv.2102.05162,2021.0,Thermodynamic equilibrium of biological macromolecules under mechanical constraints,False,protein,md,False,high,
https://openalex.org/W7201871522,https://doi.org/10.1016/j.cej.2026.180354,2026.0,Phase behavior and ANN modeling of Poly(l-lactide-co-caprolactone-co-glycolide) in supercritical solvent–cosolvent systems,,,,,low,
https://openalex.org/W7154506214,https://doi.org/10.1016/j.surfin.2026.109287,2026.0,Energetic balance governing the adsorption of pharmaceutical molecules on nanoplastics interfaces in water,,,,,low,
https://openalex.org/W7196994252,https://doi.org/10.2139/ssrn.7211176,2026.0,Mechanistic insight into pH-responsive drug release dynamics in a fibroin–chitosan fullerene–curcumin nanocarrier,,,,,low,
https://openalex.org/W4414136114,https://doi.org/10.1101/2025.09.09.675185,2025.0,CryoDataBot: a pipeline to curate cryoEM datasets for AI-driven structural biology,False,none,ml,False,high,
https://openalex.org/W7131361051,https://doi.org/10.1016/j.biteb.2026.102647,2026.0,Harnessing biomanufacturing and microbial innovation for a sustainable and net-zero carbon future,,,,,low,
https://openalex.org/W7133988033,https://doi.org/10.1201/9781003638582,2026.0,Advanced Polymer Science,True,other,ml,False,low,
https://openalex.org/W2977030927,https://doi.org/10.14393/ufu.di.2018.1173,2018.0,Parametrização e validação da quitosana no campo de força OPLS-AA para caracterizar a remoção de íons fosfato,True,chitosan,md,False,high,
https://openalex.org/W4408831417,https://doi.org/10.2139/ssrn.5192793,2025.0,Predicting the Deformability of Natural Short-Fiber Reinforced Polymer Composites Through Combined Constitutive Mathematical and Ai-Based Modeling Approaches,,,,,low,
https://openalex.org/W4414377736,https://doi.org/10.56726/irjmets82752,2025.0,"Integrated Advances in Bioprocess Monitoring, Control, and Sustainable Biotechnology: From Smart Sensors to Circular Bioeconomy",False,none,ml,False,low,
https://openalex.org/W4408677050,https://doi.org/10.21203/rs.3.rs-6258727/v1,2025.0,Eco-Friendly Polysaccharide Inhibitors for Steel-Reinforced Concrete: Synergistic Corrosion Resistance and Structural Enhancement Using Welan and Neem Gums,True,other_polysaccharide,qc,True,high,
https://openalex.org/W7172033102,https://doi.org/10.1080/10408347.2026.2706676,2026.0,Green Electrochemical Nano-Biosensors for Sustainable Arsenic Speciation and Monitoring,False,none,none,False,low,
https://openalex.org/W7171950907,https://doi.org/10.6084/m9.figshare.33134873.v1,2026.0,Green Electrochemical Nano-Biosensors for Sustainable Arsenic Speciation and Monitoring,False,none,none,False,low,
https://openalex.org/W4410818507,https://doi.org/10.54014/4xp8-5j3y,2022.0,An IMS-MS/MD workflow for determining higher order structure and dynamics of nucleic acids,False,nucleic_acid,md,True,high,
https://openalex.org/W2521153037,,2002.0,Factors Controlling Alkylbenzene Sorption and Desorption in Municipal Solid Waste,True,other_polysaccharide,statistical_doe,True,medium,
https://openalex.org/W7155093577,https://doi.org/10.64474/3107-6386.vol2.issue1.2,2026.0,Pharmacokinetic Optimization through Polymer-Based Drug Delivery Systems: From Bench to Bedside,True,other,none,False,medium,
https://openalex.org/W2963664536,https://doi.org/10.25384/sage.c.4583864.v1,2019.0,"A novel ligand transfer reaction: Transferring an N3-donor amine ligand from Ni(II) to Cu(II)—structural, spectral, theoretical, and docking studies",False,none,docking,True,high,
https://openalex.org/W7204134873,https://doi.org/10.1016/j.ijbiomac.2026.154147,2026.0,Construction of a chitosan/γ-poly(glutamic acid) composite hydrogel crosslinked by ZIF-8 for enhanced α-glucosidase immobilization and inhibitor screening,True,chitosan,solubility,True,high,
https://openalex.org/W7161008662,https://doi.org/10.5281/zenodo.20153804,2026.0,Formulation and Evaluation of Gastroretentive Drug Delivery Systems: A Comprehensive and Updated Review,False,none,none,False,high,
https://openalex.org/W7171968683,https://doi.org/10.6084/m9.figshare.33134873,2026.0,Green Electrochemical Nano-Biosensors for Sustainable Arsenic Speciation and Monitoring,False,none,none,False,low,
https://openalex.org/W4393381736,https://doi.org/10.26434/chemrxiv-2024-dqvbp,2024.0,Insights into controlling bacterial cellulose nanofiber film properties through balancing thermodynamic interactions and colloidal dynamics,True,cellulose,solubility,True,high,
https://openalex.org/W2138048962,https://doi.org/10.1002/anie.201006704,2010.0,25 Years Full of Chemical Discovery,False,none,none,False,high,
https://openalex.org/W4238666444,https://doi.org/10.1007/978-3-0348-8043-5_5,2003.0,Introduction to Part II,False,protein,md,False,low,
https://openalex.org/W7135146919,https://doi.org/10.71443/9789349552753-06,2026.0,Green Chemistry and Sustainable Materials for Environmental Conservation,True,other,none,False,low,
https://openalex.org/W7161065831,https://doi.org/10.5281/zenodo.20153803,2026.0,Formulation and Evaluation of Gastroretentive Drug Delivery Systems: A Comprehensive and Updated Review,False,none,none,False,high,
https://openalex.org/W7154210398,https://doi.org/10.5281/zenodo.19564382,2026.0,The Topo-Physical Sign Change in Polymer Knots: Resolving Heuristic Artifacts via Direct Integer Invariants and Ropelength Scaling,True,other,statistical_doe,False,medium,
https://openalex.org/W7154422574,https://doi.org/10.5281/zenodo.19564383,2026.0,The Topo-Physical Sign Change in Polymer Knots: Resolving Heuristic Artifacts via Direct Integer Invariants and Ropelength Scaling,True,other,statistical_doe,False,medium,
https://openalex.org/W3004494630,https://doi.org/10.1016/j.bpj.2019.11.226,2020.0,"Evolutionarily Conserved Amino Acid Organization in Protein Low Complexity Regions Encodes Conformation, Dynamics and Assembly",,,,,low,
https://openalex.org/W4405894976,https://doi.org/10.1007/978-981-97-6667-3_29,2024.0,Experimental and ANN Evaluation on Tribological Performance of Corn-Husk Filler-Based Composites,,,,,low,
https://openalex.org/W7172408571,https://doi.org/10.1021/acs.est.6c01604,2026.0,"Filling Ecotoxicity Data Gaps for Plasticizers via an Integrated Framework: Toxicity Prediction, Prioritization, and Hazardous Concentration Derivation",False,none,qsar,False,high,
https://openalex.org/W2888040414,https://doi.org/10.5755/j01.ms.24.3.18432,2018.0,Molecular Characterization of Elastic Deformation in Elastin Mimetic Peptide [LGGVG]3,True,protein,md,False,high,
https://openalex.org/W7162376124,,2024.0,Μελέτη των σχέσεων δομής-λειτουργίας ημικυτταρινολυτικών ενζύμων με την χρήση εργαλείων Βιοπληροφορικής,False,other_polysaccharide,docking,False,high,
https://openalex.org/W3126228732,https://doi.org/10.21826/viiiseedmol2020174,2020.0,Implementação dos parâmetros da quitosana no campo de força OPLS-AA para simulações da quitosana por dinâmica molecular,True,chitosan,md,False,high,
https://openalex.org/W7167893375,https://doi.org/10.1016/b978-0-443-41499-2.00006-9,2026.0,Biomaterials and cosmetics,,,,,low,
https://openalex.org/W7138981311,https://doi.org/10.48393/imist.prsm/jases-v8i4.65509,2026.0,Schiff Base-Derived Organic Molecules as High-Performance Corrosion Inhibitors for Metals,False,none,qc,True,medium,
https://openalex.org/W7212121459,https://doi.org/10.1016/j.ejmech.2026.119322,2026.0,Amphipathic cell-penetrating peptide-based molecular transporters: A balanced approach for membrane penetration,False,protein,none,False,high,
https://openalex.org/W7166168697,https://doi.org/10.1016/b978-0-443-33285-2.00027-6,2026.0,Future perspectives of starch-based materials,,,,,low,
https://openalex.org/W7201961493,https://doi.org/10.5281/zenodo.21845265,2026.0,Reverse Biochemical Construction: A Computational Paradigm for Inverse Molecular Design from Functional Specifications,False,none,generative,False,medium,
https://openalex.org/W7113141099,,2024.0,Effect of ionic strength on heterogeneous nucleation of calcite during biomineralization,True,other_polysaccharide,md,True,high,
https://openalex.org/W4295168374,https://doi.org/10.2139/ssrn.4212252,2022.0,Application for the Porous Structure of Cellulose Separators: Ionic Conduction Path in Lithium-Ion Battery,,,,,low,
https://openalex.org/W7165390564,https://doi.org/10.1016/j.microc.2026.118784,2026.0,Long-range surface plasmon resonance sensors bio detection: advances and applications: a review,,,,,low,
https://openalex.org/W2735792467,https://doi.org/10.1016/b978-0-12-809633-8.12366-0,2017.0,Computational Tools for Structural Analysis of Proteins,False,protein,none,False,high,
https://openalex.org/W7147447856,https://doi.org/10.1016/j.watres.2026.125861,2026.0,Harnessing membrane segregation of polysaccharide-degrading strains to mitigate fouling in membrane bioreactors: Insights from bacterial community ecology and metabolomics,True,other_polysaccharide,ml,True,medium,
https://openalex.org/W2895609093,,2003.0,Application of FTIR spectroscopy and molecular modeling in studing of chemical change during the process of extrusion,True,other_polysaccharide,qc,True,medium,
https://openalex.org/W4410986950,https://doi.org/10.1109/educon62633.2025.11016457,2025.0,Comparative Analysis of Two Implementations of Global Shared Learning in Biotechnology Engineering: Teacher Preparation and AI Integration for Future Classrooms,False,none,none,False,high,
https://openalex.org/W2753517540,,2017.0,"Clustering of Epigenetic Methylation and Oxidative Damage: effects on duplex DNA thermodynamic stability, solution structure and local dynamics",False,nucleic_acid,md,True,high,
https://openalex.org/W4401316365,https://doi.org/10.54796/njb.v12i1,2024.0,,,,,,low,
https://openalex.org/W7201973825,https://doi.org/10.5281/zenodo.21845266,2026.0,Reverse Biochemical Construction: A Computational Paradigm for Inverse Molecular Design from Functional Specifications,False,none,generative,False,medium,
https://openalex.org/W7160288505,https://doi.org/10.63074/26973308.v9i1.80,2026.0,Uso de cáscaras de gamba y fibra de coco para mejorar la durabilidad del hormigón mediante técnicas de inteligencia artificial,True,chitosan,ml,False,medium,
https://openalex.org/W3126266738,,2018.0,Computational Enzyme Evolution and Design: Studies of Protein Dynamics and Substrate Binding,False,protein,md,False,high,
https://openalex.org/W7168388968,https://doi.org/10.1007/s42114-026-01946-w,2026.0,"Advanced fluorescent materials for intelligent food freshness monitoring: design, mechanisms, and multi-target applications",True,other_polysaccharide,none,False,medium,
https://openalex.org/W4409325241,https://doi.org/10.1063/4.0000383,2025.0,Quantum-based atomic model refinement becomes reality,False,none,ml,False,high,
https://openalex.org/W3150973025,https://doi.org/10.17504/protocols.io.bsmwnc7e,2021.0,Polyelectrolyte-chain-at-equilibrium v1,False,other,md,False,medium,
https://openalex.org/W7204451972,https://doi.org/10.1088/1742-6596/3297/1/012009,2026.0,Valorization of Agricultural Residues Using Integrated Conceptual AI-Bioconversion Model for Al-Moghra’s Reclaimed Soils,False,none,ml,True,low,
https://openalex.org/W7155162532,https://doi.org/10.1002/cphc.202500790,2026.0,Effects of Polymer Topology and Crowder Size on Polymer Adsorption at Solid Interfaces,True,nucleic_acid,md,False,medium,
https://openalex.org/W7167270809,https://doi.org/10.1016/j.apcata.2026.121117,2026.0,Heterogeneous cobalt-catalyzed reformation of ethylene glycol to glycolic acid with the liberation of hydrogen gas,,,,,low,
https://openalex.org/W7154842504,https://doi.org/10.9790/5736-1806015266,2025.0,"Advanced Studies on Non-Newtonian Fluids: Rheological Behavior, Constitutive Modeling, and Industrial Applications Across Modern Manufacturing Systems",,,,,low,
https://openalex.org/W2924371012,https://doi.org/10.1117/12.2513878,2019.0,Molecular dynamic simulation of cellulose nanofiber to determine its nano-mechanical properties,True,cellulose,md,False,high,
https://openalex.org/W7148899748,https://doi.org/10.1016/j.supflu.2026.106975,2026.0,Fabrication of naringenin/hydroxypropyl methylcellulose solid dispersions with enhanced solubility using a supercritical anti-solvent method,,,,,low,
https://openalex.org/W4410589578,https://doi.org/10.35401/2541-9897-2025-10-2-96-102,2025.0,Physicochemical and Biological Properties of O-carboxymethyl Chitosan Obtained From Chitosan of Dead Bees,True,chitosan,qc,True,high,
https://openalex.org/W4285121604,https://doi.org/10.2139/ssrn.4106213,2022.0,Physicochemical and Statistical Characterization of Gas-Sensing Behaviors of Resonator Sensors with Carbonaceous Films Prepared by Rf-Sputtering of Aromatic and Hydrophilic Biomolecules,,,,,low,
https://openalex.org/W7151955905,https://doi.org/10.1007/978-3-031-87501-4_41-1,2026.0,Innovative Strategies for Food Waste Utilization: Biomass Conversion and Biomanufacturing Approaches,,,,,low,
https://openalex.org/W4281755400,https://doi.org/10.1103/physreve.106.l022103,2022.0,Optimal control with a strong harmonic trap,False,none,md,False,medium,
https://openalex.org/W7117976355,https://doi.org/10.1201/9781003559900-13,2026.0,Bio-Based Nanoemulsions in Food Preservation,False,none,none,False,low,
https://openalex.org/W2560646648,,2013.0,Protein modelling using molecular integral equation theory: applications to chymosin—κ-casein complexes,False,protein,md,False,high,
https://openalex.org/W7163127731,https://doi.org/10.25258/ijddt.16.42s.116,2026.0,AI-Driven Optimization of Curcumin-Loaded Polymeric Nanoparticles for Targeted Therapy in Alzheimer's Disease,True,pla,ml,True,high,
https://openalex.org/W4313389250,https://doi.org/10.25712/astu.2072-8921.2022.4.2.018,2022.0,ИЗУЧЕНИЕ ПРОЦЕССА АЦЕТИЛИРОВАНИЯ СУЛЬФАТНОГО ЛИГНИНА В СРЕДЕ «ТИОНИЛХЛОРИД – ТОЛУОЛ – СЕРНАЯ КИСЛОТА»,True,lignin,qc,True,high,
https://openalex.org/W7160827918,https://doi.org/10.26599/nr.2026.94908821,2026.0,"Evolution of next-generation guided bone regeneration barrier membranes: Biodegradable materials, advanced structural designs, and intelligent integrated systems",True,other,none,False,high,
https://openalex.org/W7155258111,,2026.0,Enhancing the Mechanical Recycling of Plastics,True,pla,ml,True,medium,
https://openalex.org/W7140982131,https://doi.org/10.1038/s41467-026-71224-2,2026.0,"Conformational gating mechanism for processive catalysis of β(1,3)-glucans",False,other_polysaccharide,md,False,high,
https://openalex.org/W7164001911,https://doi.org/10.22377/a5sjwf37,2026.0,,True,other,none,False,medium,
https://openalex.org/W4289836779,https://doi.org/10.26434/chemrxiv-2022-zd9l7,2022.0,A High-Throughput Platform for Efficient Exploration of Functional polypeptides Chemical Space,True,protein,ml,True,high,
https://openalex.org/W4392682784,https://doi.org/10.15748/jasse.11.54,2024.0,Simulation study on “ torsion ” and local structure of chromosome: Loop structure via torsion-adding loop extrusion,False,nucleic_acid,md,False,high,
https://openalex.org/W2589915487,,2002.0,Hydratace aktivniho mista enzymu CDK2. Studium pomocimolekulove dynamiky.,False,none,md,False,high,
https://openalex.org/W7140284591,https://doi.org/10.21203/rs.3.rs-9054221/v1,2026.0,Chitosan-Guided Directed In Situ Formation of Zinc- and/or Manganese-Based Phosphate Nanostructures,True,chitosan,docking,True,high,
https://openalex.org/W7166697865,https://doi.org/10.1016/j.fuel.2026.140268,2026.0,A review of the lignin conversion in thermochemical biorefining,,,,,low,
https://openalex.org/W2109040708,https://doi.org/10.1016/j.bpj.2013.11.2690,2014.0,Thermodynamics of Interfacial Changes in a Protein-Protein Complex,,,,,low,
https://openalex.org/W4253563921,https://doi.org/10.26434/chemrxiv.7334564.v2,2019.0,Quantum Mechanical Calculations Suggest That Lignin Polymerization Is Kinetically Controlled,True,lignin,qc,False,high,
https://openalex.org/W4411815250,https://doi.org/10.69997/sct.180358,2025.0,Integrated hybrid modelling of lignin bioconversion,True,lignin,ml,False,high,
https://openalex.org/W7165109166,https://doi.org/10.5281/zenodo.20739971,2026.0,THE TRINITY OF NEXT-GENERATION ADVANCED MATERIAL TECHNOLOGIES,True,other,none,False,low,
https://openalex.org/W7162767416,https://doi.org/10.3390/molecules31111871,2026.0,Comparative Adsorption of Phenol and p-Chlorophenol on a Chitosan–Cellobiose Dimer in an Aqueous Medium: A DFT Study of Hydrogen Bonding and Noncovalent Interactions,True,chitosan,qc,False,high,
https://openalex.org/W7165199077,https://doi.org/10.5281/zenodo.20739972,2026.0,THE TRINITY OF NEXT-GENERATION ADVANCED MATERIAL TECHNOLOGIES,True,other,none,False,low,
https://openalex.org/W7164008245,https://doi.org/10.1021/acs.biomac.6c00732,2026.0,Biointerfacial Underwater Adhesion of Seagrass Phyllospadix japonicus Mediated by Chitin-Binding Proteins and GlcNAc-Rich Macromolecular Scaffolds,True,chitin,docking,True,medium,
https://openalex.org/W3175307697,https://doi.org/10.26434/chemrxiv.7334564.v1,2018.0,Quantum Mechanical Calculations Suggest That Lignin Polymerization Is Kinetically Controlled,True,lignin,qc,False,high,
https://openalex.org/W7154854822,https://doi.org/10.1016/j.surfin.2026.109333,2026.0,Endcap chemistry modulates PLGA hydrophilicity and compatibility with lipid membranes,,,,,low,
https://openalex.org/W7131416404,https://doi.org/10.6084/m9.figshare.31409877,2026.0,Synthetic strategies and anticancer applications of benzimidazole derivatives: a review,False,none,docking,False,high,
https://openalex.org/W7213868508,https://doi.org/10.1007/s00216-026-06800-y,2026.0,Analytical applications of molecularly imprinted polymers: a personal view,True,other,ml,False,medium,
https://openalex.org/W7170500718,https://doi.org/10.63654/icms.2026.03116,2026.0,In Silico Evaluation of Microplastics Interactions for Storage of a Multi-Epitope Vaccine Candidate,False,none,md,False,high,
https://openalex.org/W7131434752,https://doi.org/10.6084/m9.figshare.31409877.v1,2026.0,Synthetic strategies and anticancer applications of benzimidazole derivatives: a review,False,none,docking,False,high,
https://openalex.org/W7213546067,https://doi.org/10.1016/j.bioorg.2026.110521,2026.0,In vitro enzymatic synthesis of long-acting therapeutic proteins and peptides,False,protein,none,False,high,
https://openalex.org/W7207677551,https://doi.org/10.1016/j.ijbiomac.2026.154326,2026.0,"Valorization of lignin through zein Co-assembly into green nanopesticides for photostable, sustained-release abamectin delivery with insecticidal efficacy and biosafety",True,lignin,md,True,high,
https://openalex.org/W7162319229,https://doi.org/10.1002/open.202500601,2026.0,Evaluation of Photophysical Properties and Biological Applications of Diarylmethanes,False,none,docking,True,high,
https://openalex.org/W4414193635,https://doi.org/10.2139/ssrn.5491400,2025.0,Sustainable Continuous-Flow Catalysis and Bayesian Optimization of Biomass-Derived HMF Hydrogenation over RuPt@g-C3N4,,,,,low,
https://openalex.org/W4414789386,https://doi.org/10.48550/arxiv.2509.20827,2025.0,Topological Catenation-induced Pore Size in 2D Olympic Network,False,nucleic_acid,md,False,high,
https://openalex.org/W2590020432,,2015.0,Dependence of mechanical properties of partially oriented polymeric systems on chemical structure and molecular architecture,True,other,md,True,high,
https://openalex.org/W7117405498,https://doi.org/10.1016/j.mcat.2025.115687,2025.0,Sustainable continuous-flow catalysis and Bayesian optimization of biomass-derived HMF hydrogenation over RuPt@g-C3N4,,,,,low,
https://openalex.org/W7153602557,https://doi.org/10.9734/psij/2026/v30i2938,2026.0,Thermodynamic and Kinetic Elucidation of the Biogenic Capping Mechanism: Evidence of Ordered Self-assembly in Gongronema latifolium-Silver Nanoparticles,False,none,qc,True,medium,
https://openalex.org/W4318719287,https://doi.org/10.48550/arxiv.2301.12958,2023.0,Programmable phase behavior in fluids with designable interactions,True,other,md,False,medium,
https://openalex.org/W7170334898,https://doi.org/10.5281/zenodo.21531224,2026.0,Sequential extraction and characterization of α-glucans from Gastrodiae Rhizoma: Induction of caspase-mediated apoptosis in cervical cancer cells via PI3K/AKT pathway suppression and network pharmacology-guided experimental validation,True,other_polysaccharide,md,True,high,
https://openalex.org/W7170343904,https://doi.org/10.5281/zenodo.21531225,2026.0,Sequential extraction and characterization of α-glucans from Gastrodiae Rhizoma: Induction of caspase-mediated apoptosis in cervical cancer cells via PI3K/AKT pathway suppression and network pharmacology-guided experimental validation,True,other_polysaccharide,md,True,high,
https://openalex.org/W4283359381,https://doi.org/10.1002/adma.202109202,2022.0,From the Ground Up—Materials Science in Singapore,,,,,low,
https://openalex.org/W7164031381,https://doi.org/10.1016/j.bioadv.2026.215007,2026.0,Biodegradable nano-dental-chip of nutraceuticals as a local drug delivery system for periodontal pockets,True,chitosan,docking,True,high,
https://openalex.org/W4413804597,https://doi.org/10.1007/s11426-025-2807-7,2025.0,Temperature-regulated H-bonding organocatalysis enables highly controllable ring-opening polymerization of lactide at elevated temperatures,,,,,low,
https://openalex.org/W7154947515,https://doi.org/10.1016/j.mcat.2026.115969,2026.0,Synergistic effect promoted 5-hydroxymethylfurfural adsorption on a one-step fabricated self-supported NiCoFe LDHs electrocatalyst for biomass valorization,,,,,low,
https://openalex.org/W4417073479,https://doi.org/10.64941/9jsqp190,2025.0,SURGICAL METHODS FOR THE TREATMENT OF INTERVERTEBRAL DISC HERNIATION: CURRENT STATE AND FUTURE PERSPECTIVES,False,none,none,False,high,
https://openalex.org/W7208808476,https://doi.org/10.1038/s41598-026-68185-3,2026.0,Molecular modeling characterization of cellulose and chitosan metal oxide hybrid interfaces,True,other_polysaccharide,qc,False,high,
https://openalex.org/W7127371658,https://doi.org/10.48550/arxiv.2602.00103,2026.0,Autonomous Multi-Agent AI for High-Throughput Polymer Informatics: From Property Prediction to Generative Design Across Synthetic and Bio-Polymers,True,other,ml,False,high,
https://openalex.org/W7202346569,https://doi.org/10.58532/nbennurami10,2026.0,SUSTAINABLE MATERIALS IN DRUG DELIVERY AND BIOMEDICAL APPLICATIONS,True,other_polysaccharide,none,False,medium,
https://openalex.org/W7127541181,,2026.0,Autonomous Multi-Agent AI for High-Throughput Polymer Informatics: From Property Prediction to Generative Design Across Synthetic and Bio-Polymers,True,other,ml,False,high,
https://openalex.org/W4403880150,https://doi.org/10.33263//briac136,2023.0,,True,cellulose,qc,False,high,
https://openalex.org/W4403298502,https://doi.org/10.2139/ssrn.4982600,2024.0,Extraction & Characterization of Pectin from Apple Peel Waste for Nutraceutical Formulation,,,,,low,
https://openalex.org/W4412657232,https://doi.org/10.1007/978-3-031-93189-5_1,2025.0,Introduction to Metabolic Engineering,,,,,low,
https://openalex.org/W4413446333,https://doi.org/10.31031/rmes.2025.11.000767,2025.0,Circular Carbon Economy: The Role of Microalgae in Utilizing Industrial Emissions and Wastewater,False,none,none,False,low,
https://openalex.org/W7144716821,,2021.0,全光学的スピン占有数操作に基づく選択蛍光イメージング,False,none,none,True,high,
https://openalex.org/W4416668218,https://doi.org/10.64229/061v8s65,2025.0,Engineering a Sustainable Future: The Science of Resource Circularity and Stewardship,,,,,low,
https://openalex.org/W2949209739,,2019.0,Identification of Microtubule Interactions with MT Severing Enzymes,False,protein,docking,False,high,
https://openalex.org/W7113305639,,,Epoxidation of Camelina sativa oil methyl esters as a second-generation biofuel with thermodynamic calculations,True,other,qc,True,medium,
https://openalex.org/W7124156719,https://doi.org/10.5281/zenodo.18245395,2026.0,Customization of Drug Delivery using 3D Printing Technologies: A Material Driven Review,True,other,none,False,medium,
https://openalex.org/W7208706256,https://doi.org/10.5281/zenodo.22307731,2026.0,ADVANCES IN TRANSDERMAL AND MICRONEEDLE DRUG DELIVERY SYSTEMS: A COMPREHENSIVE REVIEW,False,none,none,False,high,
https://openalex.org/W4387447199,https://doi.org/10.21203/rs.3.rs-3403243/v1,2023.0,"Physicochemical Properties, Antimicrobial activity and Docking Study of Carboxymethyl Cellulose (CMC)",True,cellulose,docking,True,high,
https://openalex.org/W7133327080,https://doi.org/10.54660/ijpis.2024.1.6.87-102,2024.0,Innovations in Oral Drug Delivery Systems,False,none,none,False,high,
https://openalex.org/W7133327080,https://doi.org/10.54660/ijpis.2024.1.6.87-102,2024.0,Innovations in Oral Drug Delivery Systems,False,none,none,False,high,
https://openalex.org/W7148577028,https://doi.org/10.1208/s12249-026-03411-9,2026.0,Polymer Drug Conjugate: A Revolution in Drug Delivery,True,other,none,False,medium,
https://openalex.org/W7162695589,https://doi.org/10.2174/0124681873445226260330113923,2026.0,Polymeric Nanocarriers: Revolutionizing Targeted Gene Delivery for Therapeutic Precision Medicine,True,other,none,False,medium,
https://openalex.org/W4406226053,https://doi.org/10.52533/johs.2024.41221,2024.0,Innovative Biomechanical and Material Approaches to Dental Movement,True,other,none,False,low,
https://openalex.org/W7118186796,https://doi.org/10.47363/jeast/2025(7)336,2025.0,Revolutionizing Tomorrow: Cutting-Edge 3D Printing Materials and Methods for Transformative Real-World Solutions,True,other,none,False,low,
https://openalex.org/W7208744413,https://doi.org/10.5281/zenodo.22307732,2026.0,ADVANCES IN TRANSDERMAL AND MICRONEEDLE DRUG DELIVERY SYSTEMS: A COMPREHENSIVE REVIEW,False,none,none,False,high,
https://openalex.org/W4413425969,https://doi.org/10.1111/jcmm.70807,2025.0,Investigating Liquid–Liquid Phase Separation in Lung Adenocarcinoma to Improve Prognostic Accuracy and Treatment Efficacy,False,none,ml,True,high,
https://openalex.org/W7124179459,https://doi.org/10.5281/zenodo.18245394,2026.0,Customization of Drug Delivery using 3D Printing Technologies: A Material Driven Review,True,other,none,False,medium,
https://openalex.org/W4225420117,https://doi.org/10.1002/essoar.10511250.1,2022.0,Chao/Kosmotropic Properties of Brine Solutions in the Presence of Ancient Proteins and Their Assistance in the Bioavailability and Precipitation of Life-Necessary Organic Molecules,False,protein,md,False,high,
https://openalex.org/W4411135177,https://doi.org/10.2139/ssrn.5286607,2025.0,Functional Specialization and Enzymatic Mechanisms of Poly(3-Hydroxybutyrate-Co-3-Hydroxyhexanoate) (Phbh) Degradation in Anaerobic Digesters: Insights from Shotgun Metagenomics and Molecular Modeling,,,,,low,
https://openalex.org/W7113022269,,2025.0,"Synthesis, structural characterisation and cytotoxicity study of tin(iv) compounds containing ons schiff bases",False,none,qc,True,high,
https://openalex.org/W7112514930,,2025.0,Polysaccharide controls on the kinetics and thermodynamics of CaCO₃ nucleation: Insights for biological crystallization and other biofunctions,True,chitosan,md,True,high,
https://openalex.org/W1964941442,https://doi.org/10.1002/pamm.200701062,2007.0,Coupling of atomistic and mesoscopic scales: Multiscale modeling of DNA translocation through nanopores,False,nucleic_acid,md,False,high,
https://openalex.org/W7148513896,https://doi.org/10.64898/2026.03.31.715491,2026.0,AI-Driven Reconstruction of the Research Paradigm for Phase Separation in Membraneless Organelles,False,protein,ml,False,high,
https://openalex.org/W7171812761,https://doi.org/10.1016/j.polymer.2026.130601,2026.0,Engineering a conductive biohybrid hydrogel with synergistically enhanced mechanical and electrical properties for flexible sensing,,,,,low,
https://openalex.org/W7139222982,,2021.0,СИНТЕЗ ТА ВИКОРИСТАННЯ НЕЙРОМЕРЕЖЕВИХ МОДЕЛЕЙ З ЙМОВІРНІСНИМ КОДУВАННЯМ СТРУКТУРИ,False,none,ml,False,high,
https://openalex.org/W7166867619,https://doi.org/10.1016/j.recm.2026.100214,2026.0,"Sustainable industrial applications of chitosan and chitosan-based nanomaterials: Advances, challenges, and future perspectives",True,chitosan,none,False,high,
https://openalex.org/W7203443746,https://doi.org/10.5281/zenodo.21937342,2026.0,Sustainable to Biomanufacturing and Circular Bioeconomy Biotechnology for a Greener Future,,,,,low,
https://openalex.org/W7171997697,https://doi.org/10.5281/zenodo.21717088,2026.0,Natural biodegradable materials for advanced pharmaceutical drug delivery systems: A comprehensive review,True,other_polysaccharide,none,False,medium,
https://openalex.org/W7130501981,https://doi.org/10.1016/j.ssi.2026.117159,2026.0,Fabrication of aluminium-ion conducting solid polymer electrolytes using cellulose acetate and Al(NO3)3 for electrochemical devices,True,cellulose,none,True,high,
https://openalex.org/W4417288050,https://doi.org/10.2139/ssrn.5912923,2025.0,A multi-field comparative study of parameters affecting VCT CPMAS ¹³C NMR profiles of cellulose nanocrystals,,,,,low,
https://openalex.org/W7171776094,https://doi.org/10.5281/zenodo.21701114,2026.0,Green Corrosion Inhibitors: Sustainable Approaches for Metal Protection in Harsh Environments,True,other,qc,False,medium,
https://openalex.org/W7171988052,https://doi.org/10.5281/zenodo.21717089,2026.0,Natural biodegradable materials for advanced pharmaceutical drug delivery systems: A comprehensive review,True,other_polysaccharide,none,False,medium,
https://openalex.org/W4387601558,https://doi.org/10.3389/fsurg.2023.1293094,2023.0,Editorial: New discoveries in bioengineering applied to vascular surgery,,,,,low,
https://openalex.org/W7165674307,https://doi.org/10.1007/978-3-031-80866-1_33-1,2026.0,Advancements and Challenges in Large-Scale Algae Cultivation: From Economics to Sustainability,,,,,low,
https://openalex.org/W7165360002,https://doi.org/10.1016/b978-0-443-34158-8.00040-2,2026.0,Packaging of Seafood: Technologies and Recent Innovations,,,,,low,
https://openalex.org/W7203494876,https://doi.org/10.5281/zenodo.21937343,2026.0,Sustainable to Biomanufacturing and Circular Bioeconomy Biotechnology for a Greener Future,,,,,low,
https://openalex.org/W7165192700,https://doi.org/10.18690/um.fov.5.2026.7,2026.0,Nanoplastics and Biostructures: Exploring the Capabilities of MD Computer Simulations,False,none,md,False,high,
https://openalex.org/W7171863767,https://doi.org/10.5281/zenodo.21701115,2026.0,Green Corrosion Inhibitors: Sustainable Approaches for Metal Protection in Harsh Environments,True,other,qc,False,medium,
https://openalex.org/W7164235539,,2026.0,Multi-Scale Feature Attention Network for Polymer Classification Using Terahertz Spectroscopy,True,other,ml,True,medium,
https://openalex.org/W7165529319,https://doi.org/10.21203/rs.3.rs-9886097/v1,2026.0,Designing Shear-thinning Hydrogel Nanocomposites Using Mixed-variable Bayesian Optimization,True,other_polysaccharide,ml,True,high,
https://openalex.org/W4390765919,https://doi.org/10.2139/ssrn.4692308,2024.0,Enhanced Flame Retardancy and Mechanical Properties of Polylactic Acid Composites with Phytate-Chelated Nano-Titanium Dioxide-Modified Bagasse Cellulose,,,,,low,
https://openalex.org/W7163864662,https://doi.org/10.48550/arxiv.2606.06554,2026.0,Multi-Scale Feature Attention Network for Polymer Classification Using Terahertz Spectroscopy,True,other,ml,True,medium,
https://openalex.org/W4400355838,https://doi.org/10.1093/occmed/kqae023.0163,2024.0,SS23-02 DRIVERS OF CHANGE IN THE CHEMICAL INDUSTRY,,,,,low,
https://openalex.org/W4414477199,https://doi.org/10.1016/j.fpsl.2025.101619,2025.0,Theoretical study on the pyrolysis of chitosan used as the sustainable fresh fruit packaging material: Mechanism and kinetics,,,,,low,
https://openalex.org/W7118661579,https://doi.org/10.1007/s12355-025-01711-1,2026.0,Energising Economies: The Global Impact of Indian Sugar,,,,,low,
https://openalex.org/W2923603431,https://doi.org/10.1101/384511,2018.0,An efficient timer and sizer of biomacromolecular motions,False,protein,md,False,high,
https://openalex.org/W4205223807,https://doi.org/10.1101/2022.01.12.476073,2022.0,Theory for weakly polydisperse cytoskeleton filaments,False,protein,molecular_modelling,False,medium,
https://openalex.org/W7213230926,https://doi.org/10.22270/jddt.v16i9.7987,2026.0,"Formulation, Evaluation and Optimization of Metformin Hydrochloride 500 mg Sustained-Release Tablets Using a Quality-By-Design Approach: A Comprehensive Review",False,none,none,False,high,
https://openalex.org/W4298214325,https://doi.org/10.17615/04s1-j262,2020.0,Molecular Renormalization Group Coarse-Graining of Polymer Chains: Application to Double-Stranded DNA,False,nucleic_acid,md,False,high,
https://openalex.org/W4319870299,https://doi.org/10.1016/j.bpj.2022.11.480,2023.0,Understanding BirA allostery from a network perspective using MD simulations,,,,,low,
https://openalex.org/W4401368832,https://doi.org/10.2139/ssrn.4907127,2024.0,"Multifunctional Protein-Polysaccharide Composite Films Reinforced with Apple Polyphenols for Active Beef Packaging: Molecular Interactions, Functional Properties, and Shelf-Life Extension",,,,,low,
https://openalex.org/W4412719202,https://doi.org/10.2139/ssrn.5366219,2025.0,Stabilization of Oil-in-Water Emulsions Using Transient Non-Covalent Interfacial Networks of Hemp Protein and Alginate for Curcumin Encapsulation,,,,,low,
https://openalex.org/W7140211867,https://doi.org/10.1016/j.fpsl.2026.101741,2026.0,Solvent–free fabrication of pH–sensitive freshness indicators using pomegranate juice in starch–PVA matrix for real–time fish spoilage detection,True,starch,ml,True,high,
https://openalex.org/W4283164972,https://doi.org/10.35848/1347-4065/ac7379,2022.0,Linear response theory-based theoretical approach to structural changes in a polymer induced by β-decay of substituted tritium,True,other,md,False,high,
https://openalex.org/W4238794374,https://doi.org/10.1021/cen-v071n024.p042,1993.0,SOFTWARE/DATABASE UPDATE,,,,,low,
https://openalex.org/W3084983143,,2018.0,Enzymatic strategies for controlling and harnessing the oxidative power of O 2,False,lignin,md,True,medium,
https://openalex.org/W7134933600,https://doi.org/10.24275/rtediq.11.095,2025.0,Modelado y validación del espectro FTIR de la quitina mediante simulación molecular,True,other_polysaccharide,md,True,high,
https://openalex.org/W4230790694,https://doi.org/10.1002/1097-0282(200108)59:2<110::aid-bip1010>3.3.co;2-j,2001.0,"Solution NMR structure of a D,L‐alternating oligonorleucine as a model of β‐helix",False,protein,md,True,high,
https://openalex.org/W1615379003,https://doi.org/10.48550/arxiv.1104.0876,2011.0,Direct measurement of the correlated dynamics of the protein-backbone and proximal waters of hydration in mechanically strained elastin,True,protein,md,True,high,
https://openalex.org/W7171458436,https://doi.org/10.1007/978-3-032-30239-7_11,2026.0,Biodegradable and Sustainable Materials for Energy Storage Technologies,,,,,low,
https://openalex.org/W2054873528,https://doi.org/10.1016/j.bpj.2013.11.318,2014.0,Development of a Polarizable Force Field for Macromolecules Based on the Classical Drude Oscillator,,,,,low,
https://openalex.org/W4205894743,https://doi.org/10.1002/adma.202109845,2022.0,Opening the Doors to Advanced Materials in 2022,,,,,low,
https://openalex.org/W7202069646,https://doi.org/10.1007/s00894-026-06873-7,2026.0,Size and solvent effects on cellulose transverse anisotropy and toughening design,True,cellulose,md,False,high,
https://openalex.org/W7204966281,https://doi.org/10.2139/ssrn.7388131,2026.0,Triplet states of oxa- and thiamonomethine cyanines in complexes with RNA: heavy atom effect and SASA-dependent chromophore shielding,,,,,low,
https://openalex.org/W7171774287,https://doi.org/10.1016/j.fbio.2026.109632,2026.0,"From whey to value: Technology readiness, industrial biotechnology, and AI-enabled dairy biorefineries",,,,,low,
https://openalex.org/W4414958028,https://doi.org/10.1007/978-981-96-1257-4_87,2025.0,Application of Nanotechnology in Medicine,,,,,low,
https://openalex.org/W4319932975,https://doi.org/10.1016/j.bpj.2022.11.2290,2023.0,Protein folding pathway and intermediates on the dimensionality reduced landscape with UMAP and native contact likelihood,False,protein,md,False,low,
https://openalex.org/W7133979846,https://doi.org/10.1201/9781003638582-9,2026.0,Emerging Trends and Future Directions,True,other,none,False,low,
https://openalex.org/W4399667780,https://doi.org/10.69564/isea2023-75-full-pataquiva-mateus-e-cellulose,2024.0,E-cellulose: symbiotic cultivation for the production of smart textiles in a framework of sustainable fashion and electronic art,True,cellulose,none,True,medium,
https://openalex.org/W4417452407,https://doi.org/10.3390/materproc2025027002,2025.0,Bibliometric Trends in Green Nano Microbiology for Advanced Materials in Water Purification: A Sustainable Approach,True,cellulose,none,False,medium,
https://openalex.org/W7140571212,https://doi.org/10.1002/csc3.70013,2026.0,Next‐Generation Antioxidant Strategies: From Nanoformulations to Gene‐Targeted Therapies,False,none,none,False,high,
https://openalex.org/W7172455925,https://doi.org/10.32388/0fw4b2.3,2026.0,"A Comprehensive Review of Surface-Modified Adsorbents for Improving Per-and Polyfluoroalkyl Substances (PFAS) Removal: Materials, Mechanisms, and Regeneration Strategies",True,other_polysaccharide,ml,False,low,
https://openalex.org/W4252765623,https://doi.org/10.1002/0470080124.index,2006.0,Index,False,none,none,False,low,
https://openalex.org/W4410505099,https://doi.org/10.1201/9781003574606-3,2024.0,Principles and Usage of Steric Parameters in Correlation Analysis of Pesticides,False,none,qsar,False,high,
https://openalex.org/W4416399501,https://doi.org/10.1016/j.biteb.2025.102424,2025.0,Functional specialization and enzymatic mechanisms of poly(3-hydroxybutyrate-co-3-hydroxyhexanoate) (PHBH) degradation in anaerobic digesters: Insights from shotgun metagenomics and molecular modeling,True,pha,docking,True,high,
https://openalex.org/W7202361968,https://doi.org/10.58532/nbennuradd,2026.0,ADVANCED DRUG DELIVERY STRATEGIES FOR HIV THERAPY,False,none,none,False,low,
https://openalex.org/W7141943772,https://doi.org/10.1016/j.jmgm.2026.109392,2026.0,Interaction of amino acids and DNA nucleobases with copper: a comparative theoretical study,False,protein,qc,False,medium,
https://openalex.org/W7162392162,https://doi.org/10.21203/rs.3.rs-9801909/v1,2026.0,"Edible clay minerals and related layered materials for loading and delivery of food bioactives: interaction mechanisms, applications, and safety—A mixed systematic–narrative review",False,none,md,False,high,
https://openalex.org/W4414769665,https://doi.org/10.1201/9781003685814-10,2025.0,Algae-Based Carbon Credits,False,none,none,False,high,
https://openalex.org/W2318409749,https://doi.org/10.1021/jp511519w,2015.0,Tribute to William L. Jorgensen,False,none,md,False,high,
https://openalex.org/W7164032799,https://doi.org/10.1007/s12247-026-10808-3,2026.0,Development and In Vivo Evaluation of pH-Responsive Chitosan/Alginate Hydrogel-Based Films Co-Loaded With Carissa Carandas L. Anthocyanins and Gallic acid for Wound Healing and Monitoring,,,,,low,
https://openalex.org/W7171451057,https://doi.org/10.15495/epub_ubt_00009526,2026.0,Bio-Orthogonally Crosslinked Supramolecular Polymer Bottlebrush Hydrogels for Long-Term 3D Cell Culture,True,other,ml,True,high,
https://openalex.org/W7213987673,https://doi.org/10.58532/nbennur3274c23,2026.0,NATURE’S RECYCLERS: BACTERIAL BIOREMEDIATION FOR SUSTAINABLE PLASTIC WASTE MANAGEMENT,True,other,ml,False,medium,
https://openalex.org/W3179003019,,2021.0,Present and new vistas in biotechnology,False,none,none,False,low,
https://openalex.org/W7166701930,https://doi.org/10.1016/j.prenap.2026.100808,2026.0,"Insect derived metabolites in drug discovery: Pharmacological potential, mechanisms, and translational challenges",,,,,low,
https://openalex.org/W2740608963,https://doi.org/10.5254/rct.17.82999,2017.0,Christopher G. Robertson Guest Editor,,,,,low,
https://openalex.org/W7147469067,https://doi.org/10.6084/m9.figshare.31900546,2026.0,TRACE: An Artefact-Centric Governance Framework for Human-in-the-Loop GenAI Co-Design,False,none,generative,False,high,
https://openalex.org/W7147524505,https://doi.org/10.6084/m9.figshare.31900546.v1,2026.0,TRACE: An Artefact-Centric Governance Framework for Human-in-the-Loop GenAI Co-Design,False,none,generative,False,high,
https://openalex.org/W2062542957,https://doi.org/10.1117/12.17707,1990.0,Dynamics studies of tryptophan and single tryptophan containing peptides: simulations and an analytical model,False,protein,md,True,high,
https://openalex.org/W4415308613,https://doi.org/10.3390/ijms26209906,2025.0,"The Importance of Molecular Size, Concentration, and Thermal Conditions in Enhancing Lignin Derivatives’ Interactions with Skin-like Membranes: Implications for Cosmetic and Therapeutic Applications",True,lignin,md,False,high,
https://openalex.org/W7162761523,https://doi.org/10.48620/98064,2026.0,Mechanistic basis of teichoic acid transport by a gatekeeper flippase.,False,other_polysaccharide,md,True,high,
https://openalex.org/W7161023257,https://doi.org/10.1016/j.ijbiomac.2026.152518,2026.0,Bioinspired micro/nanofibers interlocking for high-strength self-bonded bamboo material,True,lignin,md,True,high,
https://openalex.org/W1795108899,https://doi.org/10.5075/epfl-thesis-6585,2015.0,Polymer-theory insights into biomolecular systems,False,protein,md,False,high,
https://openalex.org/W2270727387,https://doi.org/10.1007/978-3-319-02913-9_191,2013.0,Fractal Dimension of Self-assembled 50 bp Poly(dA).Poly(dT) DNA on HOPG Surface,,,,,low,
https://openalex.org/W7131153561,https://doi.org/10.64898/2026.02.22.707263,2026.0,Mechanistic basis of teichoic acid transport by a gatekeeper flippase,False,other_polysaccharide,md,True,high,
https://openalex.org/W4414024202,https://doi.org/10.3390/ijms26178631,2025.0,Theoretical Methods for Assessing the Density of Protein Nanodroplets,False,protein,md,False,high,
https://openalex.org/W7133205810,https://doi.org/10.17169/refubium-51402,2026.0,Automated Assembly of Polyglucuronic Acids for Structural Explorations,True,other_polysaccharide,md,True,high,
https://openalex.org/W7203618864,https://doi.org/10.1016/j.xcrp.2026.103501,2026.0,Interactions underlying stress granule structure and therapeutic dissolution,False,nucleic_acid,md,True,high,
https://openalex.org/W7160520310,https://doi.org/10.5281/zenodo.20062389,2026.0,Novel Excipients In Pharmaceutical Formulations: Current Trends And Future Perspectives,False,none,none,False,low,
https://openalex.org/W7160526090,https://doi.org/10.5281/zenodo.20062388,2026.0,Novel Excipients In Pharmaceutical Formulations: Current Trends And Future Perspectives,False,none,none,False,low,
https://openalex.org/W4385554084,https://doi.org/10.26434/chemrxiv-2023-f2zxd,2023.0,Parameterization of general organic polymers within the Open Force Field framework,True,other,md,False,high,
https://openalex.org/W7171501341,https://doi.org/10.1002/cssc.70919,2026.0,Green Solvent Systems for Cellulose Dissolution and Regeneration: Hydrogen‐Bond Engineering Toward Sustainable Functional Materials,True,cellulose,none,False,high,
https://openalex.org/W7204077095,https://doi.org/10.37349/ebmx.2026.101371,2026.0,Injectable biodegradable hydrogels for in situ tissue engineering,True,other,none,False,medium,
https://openalex.org/W7128690717,https://doi.org/10.3390/polym18040470,2026.0,Metaheuristic-Driven Ensemble Learning for Robust Fracture Energy Prediction in FDM-Fabricated PLA Components,True,pla,ml,True,high,
https://openalex.org/W7171504589,https://doi.org/10.2139/ssrn.7197748,2026.0,Deacetylation-Dependent Chitosan-Hydrolase Recognition: Single-Molecule Unravelling of Structure-Activity Relationships,,,,,low,
https://openalex.org/W7159549757,,2026.0,Microalgae-derived biomaterials: a sustainable pathway for next-generation engineering applications:a sustainable pathway for next-generation engineering applications,True,other,none,False,medium,
https://openalex.org/W7164498503,https://doi.org/10.1016/b978-0-443-36328-3.00002-4,2026.0,Nanobiomaterials and nanocomposites in clinical diagnostics,,,,,low,
https://openalex.org/W7138866306,https://doi.org/10.1016/j.polymer.2026.129884,2026.0,Molecular insights into miscibility and mechanical modulation in PHBV/chitosan blends via atomistic simulations,True,other_polysaccharide,md,False,high,
https://openalex.org/W4378804203,https://doi.org/10.1360/tb-2023-0233,2023.0,The protein folding problem in the “post-AlphaFold era”,False,protein,ml,False,high,
https://openalex.org/W7162893053,,2026.0,Model-free estimation in scattering analysis of microscopy,False,none,statistical_doe,True,medium,
https://openalex.org/W4388124400,https://doi.org/10.2139/ssrn.4615429,2023.0,Evaluation of Advanced Small-Molecule Kinase Inhibitors as pre-let-7 miRNA Binders,,,,,low,
https://openalex.org/W7163720615,https://doi.org/10.1007/s00894-026-06873-7,2026.0,Size and solvent effects on cellulose transverse anisotropy and toughening design,True,cellulose,md,False,high,
https://openalex.org/W7140127148,https://doi.org/10.1016/j.carbpol.2026.125237,2026.0,"Quaternized polysaccharides: A focused review on molecular engineering, antimicrobial mechanisms, and advanced applications",True,other_polysaccharide,none,False,high,
https://openalex.org/W7163587132,https://doi.org/10.48550/arxiv.2606.05074,2026.0,Size and solvent effects on cellulose transverse anisotropy and toughening design,True,cellulose,md,False,high,
https://openalex.org/W7165796849,https://doi.org/10.64898/2026.06.22.733816,2026.0,"Unraveling Xanthomonas acetyltransferase GumG: decoding catalytic promiscuity, understanding the mechanism, and enhancing enzymatic versatility",True,other_polysaccharide,docking,True,high,
https://openalex.org/W7163898977,https://doi.org/10.1016/j.ijbiomac.2026.152968,2026.0,Research progress on methods for determining monosaccharide composition and its relationship with activities: A review,True,other_polysaccharide,none,False,medium,
https://openalex.org/W7162752032,https://doi.org/10.48550/arxiv.2605.29424,2026.0,Model-free estimation in scattering analysis of microscopy,False,none,statistical_doe,True,medium,
https://openalex.org/W7162090840,https://doi.org/10.64388/irev9i10-1716808,2026.0,Enantioselective C–H Functionalization Recent Advances and Applications in Drug Discovery – A Review,False,none,none,False,high,
https://openalex.org/W4402240286,https://doi.org/10.53555//jaz.v45i6.4973,2024.0,Journal of Advanced Zoology,False,other,docking,False,high,
https://openalex.org/W7154717714,https://doi.org/10.1002/9781394345472.ch2,2026.0,Structural Insights and Biophysical Properties of Polysaccharide Biomaterials for Enhancing Cancer Therapy,True,other_polysaccharide,none,False,medium,
https://openalex.org/W2944940985,https://doi.org/10.1002/jcc.25856,2019.0,The helix‐inversion mechanism in double‐stranded helical oligomers bridged by rotary cyclic boronate esters,True,other,md,False,medium,
https://openalex.org/W4392000539,https://doi.org/10.26434/chemrxiv-2024-nk0sn,2024.0,Selective glycerol to lactic acid conversion via a tandem effect between platinum and metal oxides with abundant acid groups,True,pla,qc,True,high,
https://openalex.org/W4296896703,https://doi.org/10.26434/chemrxiv-2022-9j7zv,2022.0,Atomistic Origins of Biomass Recalcitrance in Organosolv Pretreatment,True,lignin,md,False,high,
https://openalex.org/W7204595068,https://doi.org/10.17586/2226-1494-2026-26-4-717-723,2026.0,NMR proton relaxation and porosity study of Baltic amber,True,other,none,True,medium,
https://openalex.org/W7111071407,https://doi.org/10.30492/ijcce.2025.2035254.6700,2025.0,Investigating Proteomic Analysis of Bezaﬁbrate-Induced Apoptosis Activation in Oral Cancer Cells Using Biodegradable Nano Polymers: Materials Analysis and Numerical Analysis,True,pla,ml,True,medium,
https://openalex.org/W7161198882,https://doi.org/10.33545/26174693.2026.v10.i5sd.8368,2026.0,Next-generation edible coatings and nano-packaging for fruits: A smart approach to shelf-life extension and postharvest safety,True,other_polysaccharide,none,False,medium,
https://openalex.org/W4390869463,https://doi.org/10.2139/ssrn.4672370,2024.0,Design and Synthesis of Conjugated Metallopeptides as an Alternative to Address Bacterial Resistance,,,,,low,
https://openalex.org/W7162097718,https://doi.org/10.1002/9781394333400.ch2,2026.0,Materials and Processing in Additive Manufacturing for Healthcare Applications,True,other,none,False,medium,
https://openalex.org/W7209067098,,1995.0,From: 8/01/94 To: 7/31/95 Principal Investigator:,False,none,md,False,medium,
https://openalex.org/W4400059320,https://doi.org/10.17615/qc9t-q488,2024.0,Chain stiffness boosts active nanoparticle transport in polymer networks,True,other_polysaccharide,md,False,medium,
https://openalex.org/W4405989022,https://doi.org/10.1103/physreve.111.015401,2025.0,Length-dependent residence time of contacts in simple polymeric models,True,other,md,False,medium,
https://openalex.org/W4412834483,https://doi.org/10.1007/978-1-0716-4722-6_10,2025.0,Integration of Experimental and Computational Methods to Characterize Glycoproteins,False,other_polysaccharide,md,True,high,
https://openalex.org/W4408464850,https://doi.org/10.1101/2025.03.10.642463,2025.0,Interactions Underlying Stress Granule Structure and Therapeutic Dissolution,False,nucleic_acid,md,True,high,
https://openalex.org/W4405626223,https://doi.org/10.48550/arxiv.2412.13563,2024.0,Length-dependent residence time of contacts in simple polymeric models,True,other,md,False,medium,
https://openalex.org/W3112317029,,2020.0,ENZYME ACTIVE SITE DYNAMICS AND SUBSTRATE ORIENTATION PROBED VIA STRONG ANHARMONIC COUPLING IN AN ARYL-AZIDE VIBRATIONAL LABEL USING 2D IR SPECTROSCOPY,False,protein,md,True,high,
https://openalex.org/W7162422201,https://doi.org/10.1063/5.0332136,2026.0,Estimation of protein melting temperatures using small-ladder replica exchange simulations,False,protein,md,False,high,
https://openalex.org/W7134937654,https://doi.org/10.2174/9798898813758126010005,2026.0,Synthetic Biology for Environmental Applications,False,none,none,False,high,
https://openalex.org/W7167675591,https://doi.org/10.1016/j.jmst.2026.07.001,2026.0,Bio-derived gel-modified glass fiber separators for stabilizing zinc deposition in aqueous zinc-ion batteries,,,,,low,
https://openalex.org/W7166331667,https://doi.org/10.1016/j.petlm.2026.06.005,2026.0,Interfacial phenomena and flow dynamics in porous media using xanthan gum-based green nanofluids for enhanced oil recovery,True,other_polysaccharide,none,True,high,
https://openalex.org/W7206214269,https://doi.org/10.48550/arxiv.2609.00479,2026.0,EGT-KG: Evidence-Grounded Typed KG Retrieval for Practical Scientific QA with Small Language Models,False,none,ml,False,high,
https://openalex.org/W7203471755,https://doi.org/10.1002/smtd.70968,2026.0,Mechanically Engineered Wood Hard Carbon Anodes Achieving 94% Initial Coulombic Efficiency for High Performance Sodium‐Ion Batteries,True,cellulose,qc,True,high,
https://openalex.org/W4411672109,https://doi.org/10.2139/ssrn.5323837,2025.0,"Structure, Network Density and Domain Architecture of Transition-Metal (Cu2+, Fe3+) Cross-Linked Alginates as Seen by Paramagnetic Solid-State Nmr Spectroscopy",True,alginate,none,True,high,
https://openalex.org/W7167096163,https://doi.org/10.1016/j.fpsl.2026.101807,2026.0,"Nanocellulose for sustainable food packaging: Progress, challenges, and future directions",,,,,low,
https://openalex.org/W7161797182,https://doi.org/10.14457/tu.the.2024.1387,2024.0,Unraveling the rheology-printability relationship of 3D printable biomaterials for food application,True,pectin,ml,True,high,
https://openalex.org/W4416806418,https://doi.org/10.1016/b978-0-443-40529-7.00016-0,2025.0,Tools and technologies for metabolic engineering for bioproduction or biosynthesis,,,,,low,
https://openalex.org/W4412714051,https://doi.org/10.2172/2573418,2024.0,Neutrons in Structural Biology: Challenges and Opportunities (Workshop Report),False,none,none,False,high,
https://openalex.org/W4252120746,https://doi.org/10.3410/f.726379056.793569499,2020.0,Faculty Opinions recommendation of SAXS/SANS on Supercharged Proteins Reveals Residue-Specific Modifications of the Hydration Shell.,False,protein,md,True,high,
https://openalex.org/W7166659044,https://doi.org/10.31354/globalce.v8i2.374,2026.0,Advanced Manufacturing of Biomedical Scaffolds: Modeling Simulation and Process Optimization Approaches,True,other,ml,False,medium,
https://openalex.org/W7171721480,https://doi.org/10.1016/j.ijbiomac.2026.153830,2026.0,Electrostatic steering in integrin recognition revealed by a programmable heterotrimeric collagen platform,False,protein,md,True,high,
https://openalex.org/W2998801092,https://doi.org/10.1101/2020.01.16.909127,2020.0,Structure of the Xylan O -Acetyltransferase AtXOAT1 Reveals Molecular Insight into Polysaccharide Acetylation in Plants,True,other_polysaccharide,md,True,high,
https://openalex.org/W4417058619,https://doi.org/10.1016/b978-0-443-34015-4.00002-1,2025.0,Biogas production from agricultural waste,,,,,low,
https://openalex.org/W4411213036,https://doi.org/10.1002/9781394172856.index,2025.0,Index,,,,,low,
https://openalex.org/W7117414571,https://doi.org/10.33545/27076636.2024.v5.i1a.143,2024.0,Development of a data driven database framework to monitor and standardize fungal chitosan fermentation using agro industrial waste inputs,True,chitosan,ml,False,high,
https://openalex.org/W4412958224,https://doi.org/10.2139/ssrn.5379655,2025.0,"Experimental and Computational Insights into Electrospinning Solutions of Pva, Chitosan, and Collagen",,,,,low,
https://openalex.org/W7213256579,https://doi.org/10.1201/9781003682073-7,2026.0,Beyond the Surface,True,other,none,False,low,
https://openalex.org/W3206999647,https://doi.org/10.15278/isms.2021.fm12,2021.0,COMPUTATIONAL INSIGHTS INTO THE CHIRAL SUM FREQUENCY GENERATION RESPONSE OF WATER SUPERSTRUCTURES SURROUNDING AN ANTIPARALLEL β-SHEET,False,protein,md,False,high,
https://openalex.org/W4408211100,https://doi.org/10.1007/s11274-025-04315-9,2025.0,Characterization of a Na+-stimulated acidic hyaluronate lyase from Microbulbifer sp. ALW1 and the antioxidant activity of its hydrolysates,True,other_polysaccharide,md,True,high,
https://openalex.org/W7117992183,https://doi.org/10.1201/9781003624905-5,2026.0,Innovative Adsorption Techniques for Efficient Liquid Waste Treatment,True,other,none,False,medium,
https://openalex.org/W1665899559,,2014.0,In-silico Investigation of Ion-Pumping Rotary A- and V-type ATPases: Structural and Dynamical Aspects,False,protein,md,False,high,
https://openalex.org/W7137741488,,2025.0,Sewage,False,none,none,False,low,
https://openalex.org/W1517010925,,2010.0,Multiscale Analysis of Degradable Polymers: from Nanoscale to Macroscale Modeling,True,pla,md,False,high,
https://openalex.org/W7125532273,https://doi.org/10.1021/acs.jcim.5c02966,2026.0,Understanding the Kinetic Mechanism of Ligands Stabilizing the RAS–CYPA Interaction,False,protein,md,False,high,
https://openalex.org/W2173125535,https://doi.org/10.1161/circimaging.115.004045,2015.0,Optical Coherence Tomography and Virtual-Histology Intravascular Ultrasound,,,,,low,
https://openalex.org/W2783400176,,2017.0,Développement d’une approche multi-échelle pour l'étude de la solubilité des flavonoïdes et leur assemblage avec les polymères,True,pla,md,True,medium,
https://openalex.org/W7154865105,,2026.0,Persistent Free Volume Governs (Anti)plasticization in Chitosan-Water Mixtures,True,chitosan,md,False,high,
https://openalex.org/W4210967684,https://doi.org/10.1107/s0108767321090814,2021.0,Neutron crystallography for drug design targeting SARS-CoV-2 viral proteins,False,protein,docking,True,high,
https://openalex.org/W7160281314,https://doi.org/10.1016/j.apsoil.2026.107104,2026.0,Intermolecular interactions mediate the stimulatory and inhibitory effects of typical veterinary antibiotics on soil xylanase activity,,,,,low,
https://openalex.org/W7154725216,https://doi.org/10.1021/acs.macromol.6c01072,2026.0,Persistent Free Volume Governs (Anti)plasticization in Chitosan-Water Mixtures,True,chitosan,md,False,high,
https://openalex.org/W7163384540,https://doi.org/10.70593/978-93-7185-005-6,2026.0,"Green Solutions: New Ideas in Biodiversity, Materials, Technology and Computing",,,,,low,
https://openalex.org/W4289711436,https://doi.org/10.1101/2022.08.02.502408,2022.0,Lipid Oxidation Controls Peptide Self-Assembly near Membranes,False,protein,md,True,high,
https://openalex.org/W7202281006,https://doi.org/10.1007/978-981-92-2875-1_8,2026.0,Bibliometric Analysis: Mechanistic Analysis of the Source Microbiota for Bioelectricity Generation in Microbial Fuel Cells,,,,,low,
https://openalex.org/W7163517350,https://doi.org/10.1007/s11694-026-04478-5,2026.0,Development of whey-protein–pullulan films loaded with Saussurea Costus latex phenolics as active packaging liners for shelf-life extension and gray-mold suppression in post-harvest cherry tomatoes,,,,,low,
https://openalex.org/W7171781146,https://doi.org/10.3389/fmicb.2026.1891347,2026.0,Genomic and structural insights into the high-efficiency poly(3-hydroxybutyrate) biodegradation in Terrabacter sp. AAH1,True,pha,docking,True,high,
https://openalex.org/W7168151020,https://doi.org/10.57647/pibm.2026.152604,2025.0,"Sodium Alginate Encapsulated Melissa officinalis Extract using Nano Spray Drying: Characterization, and Release Studies",True,alginate,docking,True,high,
https://openalex.org/W4391365752,https://doi.org/10.2139/ssrn.4701081,2024.0,Screening and Characterization of Potential Acetylcholinesterase Inhibitors From Phyllanthus Emblica L. Fruits Using Affinity Ultrafiltration Combined with Ultra Performance Liquid Chromatography-Mass Spectrometry,,,,,low,
https://openalex.org/W4389070743,https://doi.org/10.1101/2023.11.27.568841,2023.0,Discovering Secondary Protein Structures via Local Euler Curvature,False,protein,ml,False,high,
https://openalex.org/W7162319590,https://doi.org/10.1016/j.jclepro.2026.148543,2026.0,Scalable multiscale design of sustainable cellulose films with strength-toughness synergy,,,,,low,
https://openalex.org/W7154720903,https://doi.org/10.4028/p-aoue30,2026.0,A Compact Micromechanical Model for the Elastic-Viscoplastic Deformability of PLA-Hemp Biocomposites,True,pla,ml,True,high,
https://openalex.org/W4414113484,https://doi.org/10.2139/ssrn.5472284,2025.0,Esterification of Nanocellulose with Ferulic Acid: A Sustainable Approach towards Robust Antimicrobial Material,,,,,low,
https://openalex.org/W7167981961,,2026.0,Champs on the national stage: Faculty of Pharmacy shines at the 9 MYPSA National Pharmacy Research Competition (NPRC) 2026,False,none,none,False,low,
https://openalex.org/W4402119917,https://doi.org/10.2139/ssrn.4944607,2024.0,"Development of Innovative Antimicrobial Bio-Composite Film from Locust Protein, Sodium Alginate and Carboxymethyl Chitosan Functionalized with Tea Polyphenol for Beef Preservation",True,alginate,none,True,high,
https://openalex.org/W4399673039,https://doi.org/10.3390/catal14060379,2024.0,Selection of Putative Polyester Hydrolases from the Metagenome of Los Humeros Geothermal Field by Means of In Silico Probes,True,other,docking,True,medium,
https://openalex.org/W2595850913,,2015.0,A Binary Approach for Selective Recognition of Nucleic Acids and Proteins,False,nucleic_acid,md,True,high,
https://openalex.org/W2388679143,,2010.0,Self-assembly of PEO-PPO-PEO block copolymer in aqueous solution and its application,True,other,md,True,medium,
https://openalex.org/W2331106275,https://doi.org/10.1021/cen-v068n013.p016,1990.0,"New software weds molecular modeling, NMR",False,none,md,False,low,
https://openalex.org/W4414631608,https://doi.org/10.1115/msec2025-156064,2025.0,Processing Collagen-Hydroxyapatite Composite for Bone Tissue Engineering: A 3D Printing Perspective,True,protein,ml,False,medium,
https://openalex.org/W7130676527,https://doi.org/10.1109/ietacs68750.2025.11385755,2025.0,Bio-Compatible Electronics for Continuous Health Tracking Using Self-Healing Neural Circuit Architectures,True,protein,ml,False,medium,
https://openalex.org/W7130675016,https://doi.org/10.1016/j.microc.2026.117468,2026.0,Ultrasound-assisted micellar extraction coupled with chitosan mediated charge flocculation: a green and efficient strategy for the extraction and separation of dihydroquercetin from Larix gmelinii,,,,,low,
https://openalex.org/W7124427553,https://doi.org/10.1021/acs.macromol.5c03382,2026.0,Generalized Entropy Theory of Glass Formation in Graft Polymer Melts Having Variable Grafting Density,True,other,md,False,medium,
https://openalex.org/W7203574219,https://doi.org/10.1016/j.carbpol.2026.125766,2026.0,"From biosynthesis to food market translation of pullulan: AI-assisted production, structure-property-function interplay, regulatory perspectives, and commercialization",True,other_polysaccharide,ml,False,high,
https://openalex.org/W7203475785,https://doi.org/10.1186/s12985-026-03271-6,2026.0,"In silico, in vitro, and in vivo evaluation of the antiviral potential of glycyrrhizic acid and chitosan nanoparticles against foot and mouth disease virus",True,chitosan,docking,True,high,
https://openalex.org/W7165754123,https://doi.org/10.1016/j.mtla.2026.102808,2026.0,"Performance, efficiency and TD-DFT calculations of hyper nanocomposite [Thymol blue +Cytosine/Zirconium dioxide]HNC promising inhibitor for corrosion inhibition",,,,,low,
https://openalex.org/W4409955372,https://doi.org/10.1101/2025.04.25.650622,2025.0,How Electric Field Remodels the Nanofibril Structure of Chitosan Hydrogels: the Role of Dewetting During Electro-Assembly,True,chitosan,md,False,high,
https://openalex.org/W7116421895,https://doi.org/10.5281/zenodo.17996061,2025.0,"Synthetic biology platforms for sustainable bioproduction: Advances, challenges, and industrial prospects",False,none,none,False,low,
https://openalex.org/W4411311973,https://doi.org/10.2139/ssrn.5293724,2025.0,Sustainable Synthesis and Characterization of Polysaccharide-Based Polyurethane Hydrogels Using Deep Eutectic Solvents: A Catalyst- and Toxic Solvent-Free Approach for Bioapplications,,,,,low,
https://openalex.org/W2569466634,,2013.0,Structure and mechanism of maximum stability of isolated alpha-helical protein domains at a critical length scale,,,,,low,
https://openalex.org/W7171280444,,2026.0,Computational evaluation of PHO model compounds for monitoring PHA depolymerase activity,True,pha,docking,False,high,
https://openalex.org/W4402897776,https://doi.org/10.1007/978-3-031-63164-1_2,2024.0,Multiscale Model-Based Investigation of Functional Macromolecular Agglomerates for Biotechnological Applications,,,,,low,
https://openalex.org/W7204478661,https://doi.org/10.58532/nbennur3233c7,2026.0,NATURAL EDIBLE COATINGS FROM FRUIT PEEL WASTES,True,pectin,none,False,medium,
https://openalex.org/W7141764674,https://doi.org/10.1016/b978-0-443-40488-7.00011-3,2026.0,Synthetic biology tools for yield optimization and production of biomass feedstock,,,,,low,
https://openalex.org/W7116314211,https://doi.org/10.5281/zenodo.17996062,2025.0,"Synthetic biology platforms for sustainable bioproduction: Advances, challenges, and industrial prospects",False,none,none,False,low,
https://openalex.org/W4413819744,https://doi.org/10.1002/9783527845507.index,2025.0,Index,,,,,low,
https://openalex.org/W2969794702,https://doi.org/10.14288/1.0378450,2019.0,Mechanics of polymer brush based soft active materials,True,other,md,True,high,
https://openalex.org/W7165109835,https://doi.org/10.1016/b978-0-443-33561-7.00006-4,2026.0,Present perspectives and future prospects for nanocomposites in the environment,,,,,low,
https://openalex.org/W7123357129,https://doi.org/10.1007/s10924-026-03771-0,2026.0,Sustainable Polymer Composites for Smart Grids: Optimizing Environmental Footprint and Energy Efficiency,,,,,low,
https://openalex.org/W3160515315,https://doi.org/10.1101/2021.05.13.444064,2021.0,Markov state models from hierarchical density-based assignment,False,protein,md,False,high,
https://openalex.org/W1938141965,https://doi.org/10.5642/cguetd/51,2012.0,Simulated Associating Polymer Networks,True,other,md,False,medium,
https://openalex.org/W2058051079,https://doi.org/10.1016/j.bpj.2014.11.316,2015.0,Protein-Protein Interactions Affect Native State Stability in Crowded Environments,,,,,low,
https://openalex.org/W4395017153,https://doi.org/10.2139/ssrn.4803183,2024.0,Role of H-Bonding in the Size-Dependent Formation of Zein-Geraniol Complexes: Effect on Anti-Fungal Activity,,,,,low,
https://openalex.org/W7160051787,https://doi.org/10.1007/978-3-032-15306-7_3,2026.0,Vibrational Spectroscopic Characterization of Starch,,,,,low,
https://openalex.org/W7117639430,,2026.0,Decoding the Complexity of Nucleic Acids: Computational Approaches Across Multiscale Levels,False,nucleic_acid,md,False,high,
https://openalex.org/W7130654036,https://doi.org/10.1016/b978-0-443-43836-3.00016-1,2026.0,Marine microbial products and corrosion mitigation,,,,,low,
https://openalex.org/W1556638239,,2009.0,Computational studies of polymeric systems,True,other_polysaccharide,md,False,medium,
https://openalex.org/W7144342922,https://doi.org/10.15100/0002000987,2024.0,薬剤探索の新たな戦略：NMR 独自の視点の活用,False,none,none,False,high,
https://openalex.org/W7204798113,https://doi.org/10.9734/jabb/2026/v29i94360,2026.0,"Advances in Formulation Technologies for Microbial Biocontrol Agents: Carrier Systems, Encapsulation Strategies, Commercialisation Challenges and Future Prospects",True,other_polysaccharide,none,False,medium,
https://openalex.org/W7203887400,https://doi.org/10.1016/j.carbpol.2026.125780,2026.0,Advances in chitosan materials for supercapacitor applications: A review,True,chitosan,none,False,high,
https://openalex.org/W4409750563,https://doi.org/10.1142/9789819809882_0008,2025.0,Bioengineering DNA for Carbon Nanotube Sensors,False,nucleic_acid,ml,False,medium,
https://openalex.org/W3168868144,https://doi.org/10.1039/9781839164354-00265,2021.0,CHAPTER 13. The Birth and Fate of Glycine: From the Interstellar Medium to Primitive Earth,False,none,qc,False,high,
https://openalex.org/W2153376221,https://doi.org/10.4028/www.scientific.net/ast.53.79,2006.0,Release of Proteins from Nanochannel Delivery Systems: A Coupled Many-Scale Simulation - Experimental Investigation,False,protein,md,True,medium,
https://openalex.org/W7160979089,https://doi.org/10.11575/prism/51443,2026.0,"N-Annulated Perylene Materials for Printed Devices: Structure-Property Tuning, Green-Solvent Processing, and Large-Area Thin-Film Formation",False,none,qc,True,medium,
https://openalex.org/W4288293558,https://doi.org/10.5281/zenodo.5644752,2019.0,Quantitative assessment of amylose dimerization process across force fields,True,starch,md,False,high,
https://openalex.org/W7107959221,https://doi.org/10.5281/zenodo.17745128,2025.0,Long-Acting Injectable Drug Systems (LAI) – New Generation Therapies,True,pla,none,False,medium,
https://openalex.org/W7107952597,https://doi.org/10.5281/zenodo.17745129,2025.0,Long-Acting Injectable Drug Systems (LAI) – New Generation Therapies,True,pla,none,False,medium,
https://openalex.org/W7172385108,https://doi.org/10.1515/corrrev-2026-0005,2026.0,"Green corrosion inhibitors beyond efficiency: evidence convergence, mechanistic validation and industrial qualification",False,none,none,False,low,
https://openalex.org/W7134906222,https://doi.org/10.2139/ssrn.6388989,2026.0,Interfacial Interaction Engineering of Lignin-Based Nanocellulose Films with Simultaneously Improved Strength and Flame Retardancy,,,,,low,
https://openalex.org/W4312300177,https://doi.org/10.14529/jsfi220303,2022.0,Scalability and Performance of a Program that Uses Domain Decomposition for Monte Carlo Simulation of Molecular Liquids,False,none,molecular_modelling,False,medium,
https://openalex.org/W5135427,,2007.0,Applications of Structural Bioinformatics for the Structural Genomics Era,False,protein,docking,False,high,
https://openalex.org/W4399543284,https://doi.org/10.26434/chemrxiv-2024-gnv68,2024.0,"Effects of acid dissociation and ionic solutions on the Aggregation of 2-pyrone-4,6-dicarboxylic acid",True,lignin,md,False,high,
https://openalex.org/W4417148518,https://doi.org/10.31489/2959-0663/4-25-12,2025.0,Bioactive Chitosan/β-Tricalcium Phosphate Coatings on Titanium: Experimental Optimization and DFT Insight,True,chitosan,qc,True,high,
https://openalex.org/W4289005985,,2019.0,Design and Synthesis of Gold-Gadolinium-Core-Shell Nanoparticles as Contrast Agent: a Smart Way to Future Nanomaterials for Nanomedicine Applications,True,other,qc,True,medium,
https://openalex.org/W7127571794,https://doi.org/10.1021/acsaem.5c03926,2026.0,Understanding Binding of Chitosan to Graphene in Li–Ion Battery Anodes from First-Principles,True,chitosan,qc,False,high,
https://openalex.org/W1539163923,,2010.0,Conformation-specific spectroscopy and dynamics of lignin monomers and bichromophores,True,lignin,qc,True,high,
https://openalex.org/W7161820296,https://doi.org/10.12016/j.issn.2096-1456.202550408,2026.0,Research progress of terahertz spectroscopy in oral microbial detection,False,none,ml,False,medium,
https://openalex.org/W69417086,,2007.0,Towards automated structure-based identification of protein ligands,False,protein,docking,False,high,
https://openalex.org/W3195566460,https://doi.org/10.2172/1813822,2021.0,Reconfiguring the metabolism of photosynthetic microbes for their development as biotechnological platforms [Slides],False,none,none,False,low,
https://openalex.org/W7164016849,https://doi.org/10.64229/w8zaav08,2026.0,Eco-Friendly Synthesis of Ag–Co3O4 Nanoparticles for Visible-Light Photocatalysis and DFT-Based Nonlinear Optical Investigation,False,other_polysaccharide,qc,True,medium,
https://openalex.org/W163899274,,2007.0,Detecting register shifts in protein crystal structures,False,protein,ml,False,high,
https://openalex.org/W2332450706,https://doi.org/10.1109/asdam.2014.6998690,2014.0,The characterization and use of nanostructured films in sensing applications,True,other,md,True,medium,
https://openalex.org/W7207773588,https://doi.org/10.1021/acsagscitech.6c00208,2026.0,Managing Dyeing Effluents by Upcycling Expended Bacterial Biomass Remains from PHB Production: A Zero-Waste-Inspired Eco-Efficient Biorefinery Approach,True,pha,qc,True,high,
https://openalex.org/W2064247151,https://doi.org/10.1109/ise.2011.6085044,2011.0,Scanning of hydrogen bonds dynamics in hydrated fibrous proteins by dielectric spectroscopies,True,protein,md,True,high,
https://openalex.org/W7142570264,,2026.0,"Peptide-Based Nanocarriers for Targeted Drug Delivery: Recent Advances, Strategies, and Therapeutic Frontiers",False,none,none,False,high,
https://openalex.org/W7158105631,https://doi.org/10.1021/jacs.6c04848,2026.0,Probing Weak Halogen Bonding in Aqueous Solution,False,none,qc,True,high,
https://openalex.org/W1675906742,https://doi.org/10.48550/arxiv.physics/9808011,1998.0,A Rational Approach to Ring Flexibility in Internal Coordinate Dynamics,False,nucleic_acid,md,False,high,
https://openalex.org/W4416921374,https://doi.org/10.2139/ssrn.5847044,2025.0,Stabilization of oil-in-water emulsions using transient non-covalent interfacial networks of hemp protein and alginate for curcumin encapsulation,,,,,low,
https://openalex.org/W7212083849,https://doi.org/10.1002/cjce.70561,2026.0,"Hydrodynamic modelling, molecular interactions, and life cycle assessment of corncob‐derived cellulose–chitosan beads for Coomassie Brilliant Blue removal",True,cellulose,docking,True,high,
https://openalex.org/W3124214217,https://doi.org/10.21826/viiiseedmol2020164,2020.0,Potential Mean Force for Chitosan and Glyphosate,True,chitosan,md,False,high,
https://openalex.org/W4402618290,https://doi.org/10.1021/acsomega.4c05431,2024.0,"Effects of Acid Dissociation and Ionic Solutions on the Aggregation of 2‑Pyrone-4,6-dicarboxylic Acid",True,lignin,md,False,high,
https://openalex.org/W7167572434,https://doi.org/10.1002/pen.70687,2026.0,Decoupling Formulation and Processing Effects in Thermoplastic Starch Through a Data‐Driven Structure–Property Framework,True,starch,ml,True,high,
https://openalex.org/W7213560855,https://doi.org/10.26434/chemrxiv.15009029/v1,2026.0,"IntegroPectin in aqueous solution: a multi-scale computational investigation of solvation, conformational dynamics, and thermodynamic partitioning of a naringeningalacturonic acid–rhamnose glycoconjugate",True,pectin,md,False,high,
https://openalex.org/W7161643236,https://doi.org/10.25258/ijddt.16.37s.85,2026.0,Conquering Gastric Transit: A Comprehensive Review of Gastroretentive Drug Delivery Systems - From Mechanistic Foundations to AI-Driven Innovations,False,none,ml,False,medium,
https://openalex.org/W7126102447,https://doi.org/10.26434/chemrxiv-2025-578z7/v3,2026.0,Pure chitosan microfluidic spinning affords modular core-sheath fibers and hand-crafted scaffolds with enhanced fibroblasts compatibility,True,chitosan,none,True,high,
https://openalex.org/W4393366618,,2007.0,"Apport des spectroscopies moléculaires à l'étude des mécanismes de fixation d'ions métalliques polluants par les substances humiques. Complexation de Al(III), Pb(II) et Zn(II) par des systèmes modèles.",True,other,qc,True,medium,
https://openalex.org/W4416192907,https://doi.org/10.1007/978-981-95-1369-7_7,2025.0,Smart Nanocomposite for Selective Pollutant Removal,,,,,low,
https://openalex.org/W4410507977,https://doi.org/10.1080/15623599.2025.2504281,2025.0,Enhancing the sustainability of slope stability in embankment construction by leveraging smart sensors and monitoring systems for data-driven insights,True,other,ml,True,medium,
https://openalex.org/W2749231615,,2017.0,The role of weak interactions in lignin polymerization,,,,,low,
https://openalex.org/W7123913521,https://doi.org/10.1016/j.tifs.2026.105560,2026.0,Marine biomaterials for advanced food packaging: From sourcing to intelligent functional design and commercial prospects,,,,,low,
https://openalex.org/W7203708297,https://doi.org/10.26434/chemrxiv.15007565/v1,2026.0,High-Throughput DNA Sequence Space Exploration for Carbon Nanotube Biosensor Design,True,nucleic_acid,ml,True,high,
https://openalex.org/W2785854591,,2017.0,Organisation et dynamique d'espèces chargées au voisinage de surfaces solides par modélisation de l'échelle atomique à l'échelle micrométrique,False,none,md,False,medium,
https://openalex.org/W7116409046,https://doi.org/10.5445/ir/1000189061,2025.0,"Review of lignocellulosic bio-chemical production: Current challenges, advances, and future perspectives",,,,,low,
https://openalex.org/W4293796769,https://doi.org/10.2139/ssrn.4201948,2022.0,Ph/Temperature-Responsive Salt-Tolerant Pickering Emulsion Formed by Pnipam-Modified Chitosan Particles,,,,,low,
https://openalex.org/W4416567248,https://doi.org/10.7554/elife.95304.2,2025.0,Dissecting Mechanisms of Ligand Binding and Conformational Changes in the Glutamine-Binding Protein,False,protein,md,True,high,
https://openalex.org/W7151766486,https://doi.org/10.1016/j.jaap.2026.107786,2026.0,Nanoscale mixing of cellulose and lignin alters their pyrolysis interactions and derived carbon reactivity,True,other_polysaccharide,md,True,high,
https://openalex.org/W7160058681,https://doi.org/10.26434/chemrxiv.15002583/v1,2026.0,Computational Characterization of Solute Permeability in ELP Membranes for Synthetic Cells,True,protein,md,False,high,
https://openalex.org/W4416602653,https://doi.org/10.7554/elife.95304.2.sa2,2025.0,Reviewer #1 (Public review): Dissecting Mechanisms of Ligand Binding and Conformational Changes in the Glutamine-Binding Protein,False,protein,md,True,high,
https://openalex.org/W7213758863,https://doi.org/10.1016/j.cis.2026.104056,2026.0,"Sustainable nanohybrids for environmental remediation: Green synthesis, mechanistic design, AI-driven optimization, and circular economy perspectives",,,,,low,
https://openalex.org/W7163223884,https://doi.org/10.7554/elife.95304.3,2026.0,Dissecting mechanisms of ligand binding and conformational changes in the glutamine-binding protein,False,protein,md,True,high,
https://openalex.org/W7140314943,https://doi.org/10.1021/jacs.5c20882,2026.0,Precise Mechanochemical Scission of DNA Guided by Secondary Structures,True,nucleic_acid,md,True,high,
https://openalex.org/W7111849245,,2013.0,Solmupolymeerien sedimentoituminen,False,nucleic_acid,md,False,high,
https://openalex.org/W4391658324,https://doi.org/10.1016/j.bpj.2023.11.2718,2024.0,An accurate model for probing protein phase separation under heat stress,,,,,low,
https://openalex.org/W7118129370,https://doi.org/10.1007/s10924-025-03722-1,2026.0,Chitosan Eco-Friendly Approach to Oil Spill Cleanup: A Combined 2D TD-NMR Relaxation and Computational Modeling Study,,,,,low,
https://openalex.org/W7172377406,https://doi.org/10.1021/acs.biomac.6c00997,2026.0,Computational Characterization of Solute Permeability in Elastin-Like Polypeptide Membranes for Synthetic Cells,True,protein,md,False,high,
https://openalex.org/W4416598480,https://doi.org/10.7554/elife.95304.2.sa3,2025.0,eLife Assessment: Dissecting Mechanisms of Ligand Binding and Conformational Changes in the Glutamine-Binding Protein,False,protein,md,True,high,
https://openalex.org/W7202367702,https://doi.org/10.5281/zenodo.21923996,2026.0,Supplementary Material for ''Flexibility Drives Information Flow in Proteins: Fluctuation Potential Gradients Dictate'',False,protein,molecular_modelling,False,high,
https://openalex.org/W7105659733,https://doi.org/10.1016/b978-0-443-32920-3.00025-2,2025.0,Innovative approaches to food waste reduction: technological solutions and initiatives,,,,,low,
https://openalex.org/W3118558016,https://doi.org/10.17721/1728_2748.2020.83.6-10,2020.0,Optical properties of rat serum after intragastric administration of melanin,False,none,none,True,high,
https://openalex.org/W4304892129,https://doi.org/10.26434/chemrxiv-2022-03q4x,2022.0,Shearing Friction Behaviour of Synthetic Polymers Compared to a Functionalized Polysaccharide on Biomimetic Surfaces: Models for the Prediction of Performance of Eco-designed Formulations,True,other_polysaccharide,md,False,high,
https://openalex.org/W7113457255,,2020.0,Аналіз взаємодії моносахаридів з амінокислотами в харчовій сировині квантово-хімічними методами,True,other_polysaccharide,qc,False,medium,
https://openalex.org/W2167080054,https://doi.org/10.7916/d8rr256z,2012.0,Diffusion related processes in nanoconfined liquids and in proteins under force,False,none,md,False,high,
https://openalex.org/W4295955712,https://doi.org/10.1107/s2053273322099478,2022.0,Room-temperature X-ray/neutron crystallography to uncover SARS-CoV-2 main protease function and design potent inhibitors,False,protein,docking,True,high,
https://openalex.org/W4416602652,https://doi.org/10.7554/elife.95304.2.sa1,2025.0,Reviewer #2 (Public review): Dissecting Mechanisms of Ligand Binding and Conformational Changes in the Glutamine-Binding Protein,False,protein,md,True,high,
https://openalex.org/W4417043554,https://doi.org/10.1007/s10953-025-01532-6,2025.0,Development of a Regenerable κ-Carrageenan/Clay Hydrogel for Sustainable Cationic Dye Removal: A Solution Chemistry and DFT-Guided Study,,,,,low,
https://openalex.org/W7162138277,https://doi.org/10.1111/cbdd.70319,2026.0,STGAT : A Novel Spatiotemporal Graph Attention Approach for Dynamical Trajectory Prediction,False,protein,ml,False,high,
https://openalex.org/W7202396195,https://doi.org/10.5281/zenodo.21923995,2026.0,Supplementary Material for ''Flexibility Drives Information Flow in Proteins: Fluctuation Potential Gradients Dictate'',False,protein,molecular_modelling,False,high,
https://openalex.org/W7213927604,https://doi.org/10.20517/ss.2026.196,2026.0,Lignocellulose-derived hydrogel sensors for new-generation motion monitoring,True,other_polysaccharide,none,False,high,
https://openalex.org/W4415138057,https://doi.org/10.33263/briac155.067,2025.0,"In Silico Evaluation of Cellulose, Chitosan, and Metal Clusters (Cu18 and Au32) for Ethylene Control Material in Postharvest Agriculture",True,other_polysaccharide,qc,False,high,
https://openalex.org/W7203784288,https://doi.org/10.64898/2026.08.14.744694,2026.0,Flexibility Drives Information Flow in Proteins: Fluctuation Potential Gradients Dictate Directional Entropy Transfer,False,protein,molecular_modelling,False,high,
https://openalex.org/W30171588,,2014.0,"Spectroscopic Study of Lignin Monomer Analogs: 2,3-dimethoxyphenol and 1,3,5-trimethoxybenzene",True,lignin,qc,True,high,
https://openalex.org/W4386326162,https://doi.org/10.7554/elife.89918.1.sa2,2023.0,eLife Assessment: Structural characterization of ligand binding and pH-specific enzymatic activity of mouse Acidic Mammalian Chitinase,False,other_polysaccharide,md,True,high,
https://openalex.org/W4399104722,https://doi.org/10.7554/elife.89918.2.sa2,2024.0,Author response: Structural characterization of ligand binding and pH-specific enzymatic activity of mouse Acidic Mammalian Chitinase,False,other_polysaccharide,md,True,high,
https://openalex.org/W7131400916,https://doi.org/10.1002/smll.202510372,2026.0,Pure Chitosan Microfluidic Spinning Affords Modular Core‐Sheath Fibers and Hand‐Crafted Scaffolds with Enhanced Fibroblast Compatibility,True,chitosan,none,True,high,
https://openalex.org/W7137694301,,2025.0,"Neutron and high-resolution X-ray structural studies of copper-containing nitrite reductase and its physiological electron donor, pseudoazurin",False,protein,qc,True,high,
https://openalex.org/W3005427529,https://doi.org/10.1016/j.bpj.2019.11.2643,2020.0,The Dynamics of Lignin in Melt,,,,,low,
https://openalex.org/W7162465927,https://doi.org/10.60893/figshare.jcp.c.8460915,2026.0,Estimation of Protein Melting Temperatures Using Small-Ladder Replica Exchange Simulations,False,protein,md,False,high,
https://openalex.org/W4386307462,https://doi.org/10.7554/elife.89918.1,2023.0,Structural characterization of ligand binding and pH-specific enzymatic activity of mouse Acidic Mammalian Chitinase,False,other_polysaccharide,md,True,high,
https://openalex.org/W2479567865,https://doi.org/10.1017/cbo9781139167864.007,1987.0,Local structural transitions,False,protein,md,False,high,
https://openalex.org/W4399074311,https://doi.org/10.7554/elife.89918.2.sa0,2024.0,Reviewer #1 (Public Review): Structural characterization of ligand binding and pH-specific enzymatic activity of mouse Acidic Mammalian Chitinase,False,other_polysaccharide,md,True,high,
https://openalex.org/W4399074834,https://doi.org/10.7554/elife.89918.2,2024.0,Structural characterization of ligand binding and pH-specific enzymatic activity of mouse Acidic Mammalian Chitinase,False,other_polysaccharide,md,True,high,
https://openalex.org/W4399105058,https://doi.org/10.7554/elife.89918.2.sa1,2024.0,eLife Assessment: Structural characterization of ligand binding and pH-specific enzymatic activity of mouse Acidic Mammalian Chitinase,False,other_polysaccharide,md,True,high,
https://openalex.org/W140863448,,2014.0,Ultraviolet Spectroscopy of Lignin Chromophores,True,lignin,qc,True,high,
https://openalex.org/W4386326151,https://doi.org/10.7554/elife.89918.1.sa0,2023.0,Reviewer #2 (Public Review): Structural characterization of ligand binding and pH-specific enzymatic activity of mouse Acidic Mammalian Chitinase,False,other_polysaccharide,md,True,high,
https://openalex.org/W4240912412,https://doi.org/10.1002/1097-0282(20010415)58:5<511::aid-bip1026>3.3.co;2-q,2001.0,Structural characterization of lipopeptide agonists for the bradykinin B2 receptor,False,protein,md,True,high,
https://openalex.org/W4400054260,https://doi.org/10.17615/bdzg-2s06,2024.0,Rheological Tuning of Entangled Polymer Networks by Transient Cross-links,True,other,md,False,medium,
https://openalex.org/W7161822971,https://doi.org/10.1016/j.carpta.2026.101161,2026.0,Experimental and molecular modeling insights on the efficient capture of pharmaceutical contaminants onto gelatin/gum ghatti magnetic nanocomposite adsorbents in wastewater systems,True,other_polysaccharide,md,True,high,
https://openalex.org/W7161976473,https://doi.org/10.1186/s12934-026-03031-9,2026.0,Site-directed mutagenesis and semi-rational design to enhance chitinolytic activity of bacterial exochitinase,True,other_polysaccharide,md,True,high,
https://openalex.org/W7130514765,https://doi.org/10.64898/2026.02.17.706302,2026.0,Estimation of Protein Melting Temperatures Using Small-Ladder Replica Exchange Simulations,False,protein,md,False,high,
https://openalex.org/W4386326161,https://doi.org/10.7554/elife.89918.1.sa1,2023.0,Reviewer #1 (Public Review): Structural characterization of ligand binding and pH-specific enzymatic activity of mouse Acidic Mammalian Chitinase,False,other_polysaccharide,md,True,high,
https://openalex.org/W4399739755,https://doi.org/10.7554/elife.89918.3.sa2,2024.0,Author response: Structural characterization of ligand binding and pH-specific enzymatic activity of mouse Acidic Mammalian Chitinase,False,other_polysaccharide,md,True,high,
https://openalex.org/W7130505967,https://doi.org/10.21203/rs.3.rs-8805080/v1,2026.0,Conformational Entropy Bottleneck Underlies Nanopore Interception of Polymers: Dominant Roles of Branching Architecture and Excluded Volume,True,other_polysaccharide,md,True,medium,
https://openalex.org/W3010615468,https://doi.org/10.1101/2020.03.06.981431,2020.0,Kinetics of charged polymer collapse: effects of additional salt,False,other,md,False,medium,
https://openalex.org/W26658526,,2006.0,Studies on physico-chemical characteristics of iota-carrageenan extracted by ultrasonic method,True,other_polysaccharide,ml,True,high,
https://openalex.org/W4379284907,https://doi.org/10.1101/2023.06.03.542675,2023.0,Structural characterization of ligand binding and pH-specific enzymatic activity of mouse Acidic Mammalian Chitinase,False,other_polysaccharide,md,True,high,
https://openalex.org/W2342535300,https://doi.org/10.18725/oparu-1936,2011.0,Computer simulations of self-assembling nanofibers from thiophene-peptide oligomers,True,protein,md,False,medium,
https://openalex.org/W4417090046,https://doi.org/10.48550/arxiv.2504.12642,2025.0,Accelerated Collapse Kinetics of Charged Polymers in Good Solvent: Role of Counterion Condensation,False,other,md,False,high,
https://openalex.org/W4415764222,https://doi.org/10.14419/5sqrcd12,2025.0,Decentralized IoT Network for Sustainable Water Desalination Using Bio-Membrane Nanotech,True,protein,ml,True,medium,
https://openalex.org/W7208714088,https://doi.org/10.3390/molecules31173098,2026.0,"Multifunctional Nanomaterials for Precision Diagnostics and Drug Delivery: AI-Assisted Biosensing, Barrier-Directed Transport, Stimuli-Responsive Release, and Theranostic Integration",True,other,ml,False,medium,
https://openalex.org/W7167578401,https://doi.org/10.1002/admt.71143,2026.0,Extrusion Bioprinting for Wound Healing: Innovations in Functionalized Bioinks and Bioprinting Technology,True,other,none,False,medium,
https://openalex.org/W7130649690,https://doi.org/10.1016/b978-0-443-26733-8.00012-0,2026.0,Recent advancements in nanocellulose surface engineering for tailoring functionality,,,,,low,
https://openalex.org/W2913780243,https://doi.org/10.1016/j.bpj.2018.11.792,2019.0,Markov Modeling of Protein Diffusion on Telomeric DNA,,,,,low,
https://openalex.org/W7203583727,https://doi.org/10.51470/zr.2026.5.1.41,2026.0,"The Role of Algae in Climate Change Mitigation through Carbon Capture, Biomass Production, and Sustainable Biorefinery Development",False,none,none,False,high,
https://openalex.org/W7125700282,https://doi.org/10.26434/chemrxiv.10001554/v1,2026.0,Protein Corona Selectivity on Carbon Nanotube Biosensors is Driven by Surface Coating and Chirality,False,nucleic_acid,md,True,high,
https://openalex.org/W4412840214,https://doi.org/10.1093/eurheartj/ehaf495,2025.0,Focus on mechanisms and management of acute and non-acute ischaemic syndromes,,,,,low,
https://openalex.org/W4405310253,https://doi.org/10.20944/preprints202412.1028.v1,2024.0,"Spatial Arrangement of the Potential anti-HIV Drug, 1-[2-(2-Benzoylphenoxy)ethyl]-6-methyluracil, in Crystal and Ligand-Receptor Complex",False,none,qc,True,high,
https://openalex.org/W4249089054,https://doi.org/10.1002/0470012404.index,2004.0,Index,,,,,low,
https://openalex.org/W7207657113,https://doi.org/10.1021/acsami.6c10453,2026.0,Eco-Friendly Charge-Trapping Memory Transistors with Balanced Rewritability for Neuromorphic Computing,True,cellulose,ml,True,high,
https://openalex.org/W2782308969,https://doi.org/10.6092/unibo/amsdottorato/7994,2017.0,Multiscale Simulations to Dissect Enzymatic Processing of Nucleic Acids,False,nucleic_acid,qc,False,high,
https://openalex.org/W7171745459,https://doi.org/10.5683/sp4/xocbhk,2026.0,Towards compatibility enhancement of biodegradable plasticized cellulose acetate and polyhydroxyalkanoate blends: Effect of calcium carbonate and maleated hybrid blend on material performance,True,cellulose,solubility,True,high,
https://openalex.org/W2341725378,https://doi.org/10.7274/v405s754q1d,2022.0,Integrated Experimental and Theoretical Studies of Saccharide Structure,False,other_polysaccharide,qc,True,high,
https://openalex.org/W9103170,https://doi.org/10.1017/cbo9780511546433.012,2005.0,"Randomness, complexity, the unknowable, and the impossible",,,,,low,
https://openalex.org/W2417272146,https://doi.org/10.1016/j.bpj.2015.11.1047,2016.0,Modeling Solution X-Ray Scattering with Knowledge-Based Coarse-Grained form Factors,,,,,low,
https://openalex.org/W4386253957,https://doi.org/10.1007/s10118-023-3030-3,2023.0,Special Issue: Theory and Simulation of Macromolecules,,,,,low,
https://openalex.org/W4391506298,https://doi.org/10.48550/arxiv.2402.00851,2024.0,Data Augmentation Scheme for Raman Spectra with Highly Correlated Annotations,True,pha,ml,False,high,
https://openalex.org/W7168068627,,2026.0,Naturally-derived cellulose-chitosan soft-hydrogel for sustained local docetaxel micelles delivery: from in silico modeling to preclinical validation in ovarian and glioblastoma models,,,,,low,
https://openalex.org/W4241811675,https://doi.org/10.1007/1-4020-3286-2_85,2005.0,Quantum Rate Theory: A Path Integral Centroid Perspective,,,,,low,
https://openalex.org/W1817780662,https://doi.org/10.1007/978-1-4020-3286-8_85,2005.0,Quantum Rate Theory: A Path Integral Centroid Perspective,,,,,low,
https://openalex.org/W7208706433,https://doi.org/10.1016/b978-0-443-24015-7.00004-8,2026.0,"BioMEMS for drug delivery (micropumps, microneedles and micromixers)",,,,,low,
https://openalex.org/W7127974612,https://doi.org/10.1016/j.ijbiomac.2026.150770,2026.0,Chitosan and polyacrylic acid engineered AlFeO3 validated degradation of rhodamine B and resistant Pseudomonas aeruginosa of epizootic ulcerative syndrome in Ctenopharyngodon idella with mechanistic insights,True,chitosan,docking,True,high,
https://openalex.org/W7162811089,https://doi.org/10.1016/j.compbiolchem.2026.109135,2026.0,Coordination-driven structural modulation of ligand confinement and biological response in calcium–alginate networks: A multiscale computational–experimental study,True,alginate,md,True,high,
https://openalex.org/W7155171580,https://doi.org/10.2139/ssrn.6626986,2026.0,Fabrication and Performance of Carboxymethyl Cellulose (CMC) Functionalized from Oil Palm Empty Fruit Bunch and Modification with Ag-SiO2 Hybrid for Antibacterial Activity: In Vitro and In Silico Studies,True,cellulose,docking,True,medium,
https://openalex.org/W7170883238,https://doi.org/10.5281/zenodo.21533267,2026.0,Computational framework for integrated biorefinery simulation (BPC),True,pha,molecular_modelling,False,medium,
https://openalex.org/W7124692909,https://doi.org/10.37128/2411-4413-2025-2-8,2025.0,MODEL OF AGRO-INDUSTRIAL COMPLEX BASED ON THE PRINCIPLES OF THE «GREEN» ECONOMY,False,none,none,False,high,
https://openalex.org/W7116330769,https://doi.org/10.5287/ora-5rxamjg5b,2022.0,"Computational models of assembly, structure and damage to collagen IV networks",True,protein,md,False,high,
https://openalex.org/W7155216658,https://doi.org/10.2139/ssrn.6626987,2026.0,Fabrication and Performance of Carboxymethyl Cellulose (CMC) Functionalized from Oil Palm Empty Fruit Bunch and Modification with Ag-SiO2 Hybrid for Antibacterial Activity: In Vitro and In Silico Studies,True,cellulose,docking,True,medium,
https://openalex.org/W7140328555,https://doi.org/10.1016/j.ssnmr.2026.102079,2026.0,A multi-field variable contact time study of CPMAS 13C NMR of cellulose nanocrystals,True,cellulose,none,True,high,
https://openalex.org/W7160490075,https://doi.org/10.26434/chemrxiv.15002848/v1,2026.0,Accelerated Screening of Cellulose Additives,True,cellulose,ml,True,high,
https://openalex.org/W7170968712,https://doi.org/10.5281/zenodo.21533266,2026.0,Computational framework for integrated biorefinery simulation (BPC),True,pha,molecular_modelling,False,medium,
https://openalex.org/W7130651548,https://doi.org/10.1016/b978-0-443-44027-4.00008-1,2026.0,Economic viability and market opportunities in aquatic waste valorization,,,,,low,
https://openalex.org/W7155456150,,2017.0,Yksittäisen polymeerin dynamiikka ahtaissa geometrioissa: Kapsidiejektio ja sedimentaatio,False,nucleic_acid,md,False,high,
https://openalex.org/W7202061730,,2026.0,Exploring supramolecular gels as innovative materials for cosmetic applications,True,other,ml,True,medium,
https://openalex.org/W7168170415,https://doi.org/10.1016/j.mineng.2026.110654,2026.0,"Research progress of Bio–based depressants in phosphate ore Flotation: Molecular Mechanisms, selectivity Regulation, and engineering challenges",,,,,low,
https://openalex.org/W7160947299,https://doi.org/10.71143/12jsdh56,2026.0,Chemical and Polymer-Assisted Techniques for Heavy Metal Removal in Sustainable Water Treatment Systems,True,chitosan,none,False,medium,
https://openalex.org/W7168037819,https://doi.org/10.1007/978-3-032-30294-6_1,2026.0,Three-Dimensional Bioprinting Technologies in Biofabrication,,,,,low,
https://openalex.org/W4399243671,https://doi.org/10.1360/tb-2024-0173,2024.0,Intelligent matter: From scientific concept to emerging <?A3B2 ACK?>applications,False,none,none,False,low,
https://openalex.org/W7165171186,https://doi.org/10.2174/0124054615451020260429104002,2026.0,Nanotechnology in Green Chemistry: Toward Eco-Friendly Solutions,False,none,none,False,low,
https://openalex.org/W7119399162,,2023.0,title.alternative,True,other,qc,True,high,
https://openalex.org/W7172216772,https://doi.org/10.1007/978-981-92-0339-0_13,2026.0,CRISPR–Cas9 Applications in Fungi for Developing Energy and Biomaterials: Challenges and Perspectives,,,,,low,
https://openalex.org/W7161702258,https://doi.org/10.1201/9781003653189-12,2026.0,Challenges and future perspective of lignin biorefinery,True,lignin,none,False,high,
https://openalex.org/W2968367965,,2018.0,Design and Study of Collagen-Tethered LL37 for Chronic Wound Healing,True,protein,md,True,high,
https://openalex.org/W7131210585,https://doi.org/10.5281/zenodo.18755908,2026.0,Multi-Omics Approaches In Wastewater Bioprocess Systems: Advancing Sustainability And Resource Recovery,False,none,none,False,high,
https://openalex.org/W7121329268,https://doi.org/10.64898/2026.01.10.698690,2026.0,3D confinement reshapes RNA folding and enhances circularisation in the Zika virus,False,nucleic_acid,md,True,high,
https://openalex.org/W7123275022,https://doi.org/10.5281/zenodo.18225050,2026.0,THE FUTURE OF DRUG AND FORMULATION INNOVATION: AI-DRIVEN STRUCTURE-BASED DE NOVO DESIGN PARADIGMS,False,none,generative,False,high,
https://openalex.org/W4237942965,https://doi.org/10.1002/9783527652457.index,2013.0,Index,,,,,low,
https://openalex.org/W2153201136,https://doi.org/10.1002/bip.22749,2015.0,Special issue on computer‐aided drug discovery,False,none,md,False,high,
https://openalex.org/W7131254995,https://doi.org/10.5281/zenodo.18755909,2026.0,Multi-Omics Approaches In Wastewater Bioprocess Systems: Advancing Sustainability And Resource Recovery,False,none,none,False,high,
https://openalex.org/W7203862569,https://doi.org/10.1016/j.indcrop.2026.124186,2026.0,Green extraction and smart nanodelivery of bioactive molecules for industrial and biomedical applications,True,other,none,False,medium,
https://openalex.org/W7109127186,https://doi.org/10.5281/zenodo.17825332,2025.0,The Unseen Architect of the Anthropocene: A Comprehensive Ecological and Biotechnical Analysis of Musca domestica (Diptera: Muscidae) as a Keystone Decomposer and Bioresource,True,other_polysaccharide,ml,False,medium,
https://openalex.org/W7123319077,https://doi.org/10.5281/zenodo.18225049,2026.0,THE FUTURE OF DRUG AND FORMULATION INNOVATION: AI-DRIVEN STRUCTURE-BASED DE NOVO DESIGN PARADIGMS,False,none,generative,False,high,
https://openalex.org/W7123331464,https://doi.org/10.5281/zenodo.18225161,2026.0,THE FUTURE OF DRUG AND FORMULATION INNOVATION: AI-DRIVEN STRUCTURE-BASED DE NOVO DESIGN PARADIGMS,False,none,generative,False,high,
https://openalex.org/W7123303528,https://doi.org/10.5281/zenodo.18225162,2026.0,THE FUTURE OF DRUG AND FORMULATION INNOVATION: AI-DRIVEN STRUCTURE-BASED DE NOVO DESIGN PARADIGMS,False,none,generative,False,high,
https://openalex.org/W7109008125,https://doi.org/10.5281/zenodo.17825331,2025.0,The Unseen Architect of the Anthropocene: A Comprehensive Ecological and Biotechnical Analysis of Musca domestica (Diptera: Muscidae) as a Keystone Decomposer and Bioresource,True,other_polysaccharide,ml,False,medium,
https://openalex.org/W7155665098,,2025.0,"Novel solvents and reaction conditions for the oxidation of 5-hydroxymethylfurfural to 2,5-furandicarboxylic acid",True,other,ml,True,medium,
https://openalex.org/W7164407433,https://doi.org/10.1002/jctb.70214,2026.0,A highly efficient ZIF ‐8@ AmCs / CTAB composite for removing the toxic dyes and Cr ( VI ) from contaminated water,True,chitosan,qc,True,high,
https://openalex.org/W4411900099,https://doi.org/10.26434/chemrxiv-2025-578z7,2025.0,Pure chitosan microfluidic spinning affords modular core-sheath fibers and hand-crafted 3D scaffolds with enhanced fibroblasts compatibility,True,chitosan,none,True,high,
https://openalex.org/W7154375774,https://doi.org/10.1088/2053-1591/ae5f60,2026.0,Is utilization of mushroom derived chitin and chitosan a viable path towards a circular bioeconomy?,True,chitosan,ml,True,high,
https://openalex.org/W1729502027,https://doi.org/10.26083/tuprints-00003781,2014.0,Modeling and Understanding Aqueous Mixtures Using Kirkwood-Buff Theory of Solutions,False,none,md,False,high,
https://openalex.org/W2611413379,https://doi.org/10.58088/c2t9-8e46,2024.0,Structural and dynamics studies of microtubule-associated Tau and Kif5b assembled with microtubules; NMR crystallography of oxovanadium (V) bioinorganics: insights from magic angle spinning NMR spectroscopy,False,protein,qc,True,high,
https://openalex.org/W3198815223,,2021.0,Network dynamics: biofilament and neuronal networks,True,other,md,True,medium,
https://openalex.org/W4417121593,https://doi.org/10.1021/acsapm.5c03228,2025.0,pH-Drive on the Design and Properties of Legume Protein-Based Films,True,protein,none,True,high,
https://openalex.org/W7213492447,,2026.0,Sequence Effects in Polypeptoid Materials: A Multiscale Simulation Study from Atomistic to Field-Theoretic Models,True,other,md,False,high,
https://openalex.org/W7164028497,https://doi.org/10.1016/j.carpta.2026.101182,2026.0,Prediction of stress overshoot in thixotropic xanthan gum 4 wt.%/hydroxyethyl cellulose 4 wt.% blends: Integrating rheological characterization and restart-flow modeling,True,other_polysaccharide,ml,True,high,
https://openalex.org/W3135833187,https://doi.org/10.15407/scine17.01.089,2021.0,DEVELOPMENT OF PROTOTYPES OF THERAPEUTIC AND PROPHYLACTIC ANTIOXIDANT AGENTS BASED ON NATURAL BIOLOGICALLY ACTIVE COMPOUNDS OF TROPICOGENIC REPRESENTATIVES OF ORCHIDACEAE JUSS.,True,protein,qc,True,medium,
https://openalex.org/W7140131901,https://doi.org/10.1007/s10867-026-09708-x,2026.0,In silico ADMET profiling and DNA interaction study of xanthoxylin: assessment of pBR322 DNA protection against oxidative damage,False,nucleic_acid,docking,True,high,
https://openalex.org/W4239524445,https://doi.org/10.1002/mats.1992.040010101,1992.0,Editorial,,,,,low,
https://openalex.org/W4253471865,https://doi.org/10.1002/1097-0282(20011015)59:5<356::aid-bip1033>3.3.co;2-t,2001.0,A helical arrangement of β‐substituents of dehydropeptides: Synthesis and conformational study of sequential nona‐ and dodecapeptides possessing (Z)‐β‐(1‐naphthyl)dehydroalanine residues,False,protein,md,True,high,
https://openalex.org/W3132104324,https://doi.org/10.1016/j.bpj.2020.11.1747,2021.0,Multiscale Modeling Reveals Physical Interactions that Influence the Mechanical Behaviour of Polysaccharide-Surfactant Hydrogels,,,,,low,
https://openalex.org/W7204668134,https://doi.org/10.1016/j.ijbiomac.2026.154204,2026.0,"Process optimization and hybrid nanoflower synthesis of 5- hydroxymethylfurfural oxidase for efficient oxidation of HMF and its derivatives to 2,5- furandicarboxylic acid",False,none,md,True,high,
https://openalex.org/W7148453062,https://doi.org/10.64898/2026.03.31.715622,2026.0,Correcting Preprocessing Bias in Sparse Chromatin Contact Data Enables Physically Interpretable Reconstruction of Genome Architecture,False,nucleic_acid,ml,False,high,
https://openalex.org/W7212127956,https://doi.org/10.1111/1750-3841.71446,2026.0,"Preparation, Structural Features, Bioactivities, and Food Application of Oyster Mushroom Polysaccharides: A Review",True,other_polysaccharide,none,False,high,
https://openalex.org/W7203681013,https://doi.org/10.1016/j.memsci.2026.126064,2026.0,Molecular insights into the separation and antifouling mechanisms of lignin-modified polyamide membranes,,,,,low,
https://openalex.org/W7202266929,https://doi.org/10.5281/zenodo.21909209,2026.0,Flexibility Drives Information Flow in Proteins: Fluctuation Potential Gradients Dictate,False,protein,molecular_modelling,False,high,
https://openalex.org/W7203536199,https://doi.org/10.1016/j.aca.2026.346121,2026.0,Charge-regulated and enthalpy-driven supramolecular assembly of boron-doped carbon dots enables robust ferric ion (Fe3+) sensing in food matrices,False,none,md,True,high,
https://openalex.org/W4239289223,https://doi.org/10.1002/bip.20528,2006.0,Preface,,,,,low,
https://openalex.org/W7210274641,https://doi.org/10.1016/j.fbio.2026.109915,2026.0,"Hybrid polymer-based materials for sustainable food packaging: Design, functional properties, and applications",True,other,none,False,high,
https://openalex.org/W4231715845,https://doi.org/10.1201/9781315274164-35,2018.0,Nature as an Engineering Guide: Biomimetics,True,other,none,False,low,
https://openalex.org/W7202288203,https://doi.org/10.5281/zenodo.21909208,2026.0,Flexibility Drives Information Flow in Proteins: Fluctuation Potential Gradients Dictate,False,protein,molecular_modelling,False,high,
https://openalex.org/W7167898006,https://doi.org/10.3030/101292550,2026.0,Recovery of Tree Resources for Sustainable Use in Renewable Chemistry (ReTREEaSURE),True,pha,ml,False,medium,
https://openalex.org/W7202051580,https://doi.org/10.1021/acsabm.6c00430,2026.0,"Electrospun Nanofibrous Architectures for Food Packaging: A Review of Pore Engineering, Permeability Control, and Sustainability",True,other,ml,False,medium,
https://openalex.org/W2418987646,,2010.0,APPLICATIONS OF TERAHERTZ RADIATION IN DIAGNOSTICS: BIOLOGY AND NANOTECHNOLOGY,False,none,qc,True,medium,
https://openalex.org/W7153064737,https://doi.org/10.26434/chemrxiv.15001839/v1,2026.0,Lignin-stabilized polystyrene dispersions as nanoplastic reference materials,True,lignin,ml,True,high,
https://openalex.org/W4233246186,https://doi.org/10.1201/9781439895245-6,2011.0,Nature as an Engineering Guide: Biomimetics,True,other,none,False,low,
https://openalex.org/W7106311487,https://doi.org/10.1016/j.cej.2025.171118,2025.0,Selective copper immobilization in contaminated soils using cysteine-modified chitosan: Mechanisms and efficacy,,,,,low,
https://openalex.org/W7204208086,https://doi.org/10.20944/preprints202608.1803.v1,2026.0,Food Waste Valorization: Converting Agro-Industrial By-Products into Value-Added Products,False,none,none,False,high,
https://openalex.org/W4410976986,https://doi.org/10.1021/acs.macromol.5c00635,2025.0,Anomalous Thermostabilization of Polybenzimidazoles by Ethylene Incorporation for Biobased Flexible Insulators,True,other,qc,True,high,
https://openalex.org/W4405768971,https://doi.org/10.23947/2687-1653-2024-24-4-392-401,2024.0,Development of a Method for Obtaining Nanoscale Magnesium Carbonate Stabilized with Chitosan as the Basis of Scaffold Matrices for Regenerative Medicine,True,chitosan,qc,True,high,
https://openalex.org/W7118212079,https://doi.org/10.21248/gups.95578,2025.0,Structural and functional characterization of the small proteome and NMR fragment-based screening of the papain-like protease of SARS-CoV-2,False,protein,none,True,high,
https://openalex.org/W4413643395,https://doi.org/10.26434/chemrxiv-2025-578z7-v2,2025.0,Pure chitosan microfluidic spinning affords modular core-sheath fibers and hand-crafted 3D scaffolds with enhanced fibroblasts compatibility,True,chitosan,none,True,high,
https://openalex.org/W7167938304,https://doi.org/10.5281/zenodo.21287829,2026.0,The Origin of Life Found in Extreme Space Environments... Demonstration of Peptide Formation via Barrierless Reactions,False,protein,qc,True,high,
https://openalex.org/W3092553992,https://doi.org/10.34961/4573,2020.0,Roll compaction integrated work stream,True,lignin,ml,True,high,
https://openalex.org/W7167923591,https://doi.org/10.5281/zenodo.21287828,2026.0,The Origin of Life Found in Extreme Space Environments... Demonstration of Peptide Formation via Barrierless Reactions,False,protein,qc,True,high,
https://openalex.org/W7165598708,https://doi.org/10.5281/zenodo.20801135,2026.0,Development and Evaluation of Ganoderma lucidum Polysaccharide-Based Floating Gastroretentive Tablets: A Comprehensive Review,True,other_polysaccharide,none,False,high,
https://openalex.org/W7214009346,https://doi.org/10.1016/j.carres.2026.110109,2026.0,Synthesis of chitooligosaccharide selenol derivatives by homogeneous dissolution in dipolar aprotic/lithium salt solvents,,,,,low,
https://openalex.org/W7140233432,https://doi.org/10.7538/zpxb.2025.0115,2026.0,Advances in Pyrolysis Mass Spectrometry for the Analysis of Biological Samples,False,none,none,True,high,
https://openalex.org/W4408981333,https://doi.org/10.1002/9781394234134.index,2025.0,Index,,,,,low,
https://openalex.org/W7165539558,https://doi.org/10.5281/zenodo.20801134,2026.0,Development and Evaluation of Ganoderma lucidum Polysaccharide-Based Floating Gastroretentive Tablets: A Comprehensive Review,True,other_polysaccharide,none,False,high,
https://openalex.org/W586459874,,2006.0,"Advanced polymers, composites and technologies : selected contributions from the conference in Budapest (Hungary), September 13-16, 2005",True,other,none,True,low,
https://openalex.org/W7204200889,https://doi.org/10.1016/j.biopha.2026.119869,2026.0,"Radiolabeled drug-delivery and controlled-release nanocarriers for arthritis: Clinical evidence, kinetic modeling, radiation-safety challenges, and precision nanotheranostics",False,none,none,False,high,
https://openalex.org/W7111508572,,2025.0,Assessing the Environmental Impacts of Plastic Materials: A Step Towards Sustainable Materials and Eco-Friendly Products,True,pla,ml,True,high,
https://openalex.org/W7169798641,https://doi.org/10.1016/j.tca.2026.180411,2026.0,"Surface-Enhanced Raman Scattering (SERS) spectroscopy in biomedical detection: Advances, mechanisms, and translational frontiers",,,,,low,
https://openalex.org/W7139734175,,2026.0,Droplet drama – physics of emulsions : How proteins hold it together,True,protein,none,True,high,
https://openalex.org/W4416047039,https://doi.org/10.7753/ijcatr0512.1011,2025.0,"Integration of Nanostructured Surfactants, Microbial Enhanced Recovery, and Smart Sensing Systems for Optimized Oilfield Production Efficiency and Reliability",False,none,none,False,high,
https://openalex.org/W7204272288,https://doi.org/10.1007/978-1-0716-5504-7_4,2026.0,Betalain Recovery and Stability Assessment,,,,,low,
https://openalex.org/W4388939514,https://doi.org/10.3389/fmolb.2023.1326680,2023.0,Editorial: “Investigations into the use of organic and inorganic compounds as chemotherapeutic agents’’,False,none,docking,True,high,
https://openalex.org/W2248981546,https://doi.org/10.7282/t3rf5t3k,2011.0,Predictions of protein chemical shifts and protein slow motions,False,protein,qc,False,high,
https://openalex.org/W4220919799,https://doi.org/10.3389/fmolb.2022.876499,2022.0,Editorial: Structural and Dynamic Aspects of Protein Function and Allostery,False,protein,none,True,high,
https://openalex.org/W7131302868,https://doi.org/10.2139/ssrn.6299211,2026.0,Alginate-Based Functional Hydrogels Beads for Nutrient Removal: Experimental Insights and Process Optimization,,,,,low,
https://openalex.org/W4285399965,https://doi.org/10.1149/ma2022-0114961mtgabs,2022.0,Electrocatalytic Reduction of Furfural Using Single-Atom Molecular Catalysts,False,none,qc,True,high,
https://openalex.org/W4319918913,https://doi.org/10.1016/j.bpj.2022.11.410,2023.0,"Fast, conformation-independent charges with graph convolutional networks",,,,,low,
https://openalex.org/W35989746,,2014.0,Effect of PEG conjugation on entropy driven self-assembly of coiled coils,True,protein,md,False,high,
https://openalex.org/W2246050046,,2013.0,An alignment-free approach for eukaryotic ITS2 annotation and phylogenetic inference,False,nucleic_acid,ml,True,high,
https://openalex.org/W2971544493,https://doi.org/10.17587/mau.20.550-559,2019.0,Conformation Control of DNA Molecules by Means Geometric and Physical Parameters,False,nucleic_acid,md,False,high,
https://openalex.org/W3212717338,https://doi.org/10.15167/di-lisa-donatella_phd2020-04-08,2020.0,Biopolymeric microbeads as a 3D scaffold for soft tissue engineering,True,chitosan,none,True,high,
https://openalex.org/W3172715048,https://doi.org/10.1096/fasebj.2021.35.s1.05387,2021.0,NMR and MD Simulations Reveal the Impact of the V23D Mutation on the Function of Yeast Oligosaccharyltransferase Subunit Ost4,False,protein,md,True,high,
https://openalex.org/W2095042022,https://doi.org/10.1016/s0020-1693(00)95321-0,1983.0,A magnetic resonance study of metal ion coordination in ternary systems,,,,,low,
https://openalex.org/W4413196092,https://doi.org/10.26434/chemrxiv-2025-nrsm5,2025.0,Adsorption of L-Arginine and L-Lysine on Calcium Montmorillonite in the Presence of γ-Aminobutyric Acid,False,none,md,False,high,
https://openalex.org/W827141775,https://doi.org/10.25772/pcgk-6m74,2009.0,MOLECULAR MODELING STUDIES OF HEPARIN AND HEPARIN MIMETICS BINDING TO COAGULATION PROTEINS,False,other_polysaccharide,docking,False,high,
https://openalex.org/W3005043575,https://doi.org/10.1016/j.bpj.2019.11.3047,2020.0,Benefits of the Electronic Continuum Correction in Bio-Force Fields,,,,,low,
https://openalex.org/W7163926080,https://doi.org/10.1016/j.seppur.2026.138838,2026.0,Hydrophobic modification of alginate and demulsification mechanism in oily wastewater,,,,,low,
https://openalex.org/W4388761993,https://doi.org/10.17760/d20592700,2023.0,A journey to full-length protein sensing technology: enzyme-free protein transport through a biological nanopore on a synthetic polymer-based platform,False,none,ml,True,high,
https://openalex.org/W7112076114,,2021.0,Evolution and Computational Generation of Highly Functionalized Nucleic Acid Polymers,True,nucleic_acid,generative,True,high,
https://openalex.org/W1833039896,https://doi.org/10.51415/10321/1267,2015.0,Experimental and computational studies of a fungal chitinase,False,other_polysaccharide,md,True,high,
https://openalex.org/W7124822366,,2026.0,From Waste to Wear: A Digital Circular Innovation for Sustainable Industry,False,none,ml,False,high,
https://openalex.org/W2718795140,https://doi.org/10.7274/rj430289m5t,2022.0,A Modeling Study to Characterize Microtubule Mechanisms of Dynamic Instability: Connecting Micro-Level Tip Structures to Macro-Level Phases,False,protein,ml,False,high,
https://openalex.org/W1785781676,,2009.0,Peptid nukleinsavak szerkezete - elméleti számítások = Peptide Nucleic Acids - Theoretical Approach,False,nucleic_acid,qc,False,medium,
https://openalex.org/W4247546836,https://doi.org/10.1063/1.4929600.2,2015.0,10.1063/1.4929600.2,True,other,md,False,medium,
https://openalex.org/W4245850673,https://doi.org/10.1063/1.4929600.6,2015.0,10.1063/1.4929600.6,True,other,md,False,medium,
https://openalex.org/W7164907920,https://doi.org/10.1007/s10924-026-03874-8,2026.0,CotA Laccase-Catalyzed Catechol Oxidation for Functional Chitosan and Iron oxide Nanoparticles in Aqueous Systems,,,,,low,
https://openalex.org/W40805852,,2009.0,"Magnetic resonance microscopy studies of biofilms : diffusion, hydrodynamics and porous media",False,none,none,True,high,
https://openalex.org/W7133322386,https://doi.org/10.2172/2583518,2025.0,In-Silico Design of Next Generation Cellulose-Derived Packaging Materials (CRADA Final Report),True,cellulose,md,False,high,
https://openalex.org/W4237897461,https://doi.org/10.1063/1.4929600.5,2015.0,10.1063/1.4929600.5,True,other,md,False,medium,
https://openalex.org/W4244597591,https://doi.org/10.1063/1.4929600.4,2015.0,10.1063/1.4929600.4,True,other,md,False,high,
https://openalex.org/W4237550401,https://doi.org/10.1063/1.4929600.3,2015.0,10.1063/1.4929600.3,True,other,md,False,medium,
https://openalex.org/W4254443338,https://doi.org/10.1063/1.4929600.1,2015.0,10.1063/1.4929600.1,True,other,md,False,high,
https://openalex.org/W2612225892,,2017.0,Study of macromolecule-mineral interactions on nuclear related materials,False,other_polysaccharide,md,True,medium,
https://openalex.org/W810408361,,2014.0,"Computational and Experimental Studies of Non-Covalent Interactions: Characterization of CH...π Interactions and Structure of 1,1-Difluoroethylene...Carbon Dioxide",False,none,qc,True,high,
https://openalex.org/W3036115791,,2020.0,Efficient FRET-assisted computational structural modelling,False,protein,md,True,high,
https://openalex.org/W4385055300,https://doi.org/10.1093/micmic/ozad067.444,2023.0,"Quantitating Storage Granule Size, Accumulation, and Localization in Rhodobacter sphaeroides Using Cryo-Electron Tomography and Light Microscopy",True,pha,ml,True,high,
https://openalex.org/W7135077966,https://doi.org/10.55041/isjem05628,2026.0,"Advanced Materials and Emerging Technologies for Heavy Metal Removal from Wastewater: Mechanisms, Performance Evaluation, Sustainability, and Future Perspectives",True,other,none,False,low,
https://openalex.org/W7169102674,https://doi.org/10.1021/acs.jcim.6c00408,2026.0,HELMify: A Hybrid Rule- and LLM-Based Generator of Peptide Monomer HELM Names,False,protein,generative,False,high,
https://openalex.org/W7133187384,https://doi.org/10.26434/chemrxiv.15000523/v1,2026.0,HELMify: A Hybrid Rule-and LLM-Based Generator of Peptide Monomer HELM Names,False,protein,generative,False,high,
https://openalex.org/W7211916214,https://doi.org/10.1007/s44173-026-00037-9,2026.0,"Food waste valorisation for a circular bioeconomy: integrating biochemical, thermochemical, and digital technologies with sustainability metrics",False,none,none,False,high,
https://openalex.org/W1565326628,https://doi.org/10.7275/5686148,2021.0,"Multi-Scale Modeling Of Biophysical Phenomena: Ionic Transport, Biomineralization, And Force Spectroscopy",False,nucleic_acid,md,False,medium,
https://openalex.org/W7138177525,https://doi.org/10.5167/uzh-292980,2026.0,"Sequence Dependence of the Conformations, Interactions, and Dynamics of Charged Disordered Proteins",False,protein,md,True,high,
https://openalex.org/W7162260513,https://doi.org/10.5281/zenodo.20367653,2026.0,"Algae Biotechnology: Advances, Applications and Future Prospects",,,,,low,
https://openalex.org/W7162243178,https://doi.org/10.5281/zenodo.20367654,2026.0,"Algae Biotechnology: Advances, Applications and Future Prospects",,,,,low,
https://openalex.org/W3217763241,https://doi.org/10.7916/d8-hgez-1r37,2021.0,Biological and bioinspired photonic materials: From butterfly wings and silk fibers to radiative-cooling textiles and object-recognition smart glass,True,protein,none,True,medium,
https://openalex.org/W7205057217,,2025.0,"Highly Filled Biocomposites, Characterization, Processing and Modeling",True,cellulose,ml,True,medium,
https://openalex.org/W4413919269,https://doi.org/10.1101/2025.08.28.672881,2025.0,Computational characterization of the xanthan gum glycosyltransferase GumK,False,other_polysaccharide,md,False,high,
https://openalex.org/W7139724811,,2025.0,Plant Polysaccharide Amination via Two-step One-pot Biocatalytic Cascades,True,other_polysaccharide,md,True,high,
https://openalex.org/W4402286109,https://doi.org/10.3389/fenve.2024.1475091,2024.0,Editorial: Insights in environmental engineering,True,chitosan,none,True,medium,
https://openalex.org/W2928319715,https://doi.org/10.18097/pbmc20196502133,2019.0,"Modeling and theoretical analysis of ring specific mimicry in view of isomerism within medicinal promising oligomers of ""DIVEMA""",True,other,qc,False,high,
https://openalex.org/W351598656,,1993.0,"Analytical biotechnology: proceedings of the 4th international symposium on analytical methods systems and strategies in biotechnology noordwijkerhout the netherlands, September 21-23, 1992",False,none,none,True,low,
https://openalex.org/W4239140525,https://doi.org/10.2172/1040884,2012.0,Novel Photonic & Electronic BioMolecular Materials,True,protein,md,True,high,
https://openalex.org/W3212503728,https://doi.org/10.20381/ruor-27115,2021.0,Putting the Pieces Together Again: Characterizing Trisaccharides by the Energetics of Their Primary Fragmentation Pathways and Their Ion Mobility,True,other_polysaccharide,qc,True,high,
https://openalex.org/W4252597638,https://doi.org/10.1093/bioinformatics/12.6.567,1996.0,ANNUAL SUBJECT INDEX,False,none,none,False,low,
https://openalex.org/W7103977676,https://doi.org/10.5281/zenodo.17532169,2025.0,Revolutionizing Food Processing and Preservation through Smart and Sustainable Technologies,False,none,none,False,high,
https://openalex.org/W7103993588,https://doi.org/10.5281/zenodo.17532168,2025.0,Revolutionizing Food Processing and Preservation through Smart and Sustainable Technologies,False,none,none,False,high,
https://openalex.org/W2511849906,,2011.0,Methods and Tastes in Modern Continuum Mechanics: To the Memory of Donald E. Carlson,True,other,none,False,low,
https://openalex.org/W3018949339,,1989.0,NMR study of oligonucleotides containing base pair mismatches and a human growth hormone peptide for the determination of solution structures,False,nucleic_acid,md,True,high,
https://openalex.org/W4415007975,https://doi.org/10.33915/etd.12979,2025.0,Expanding the Vibrating Sharp-Edge Spray Ionization Toolkit for Oligonucleotide Characterization,False,nucleic_acid,md,True,high,
https://openalex.org/W2089091124,https://doi.org/10.7275/qga4-bq73,2019.0,Modeling Material Transformations in Biorefinement,True,cellulose,md,False,high,
https://openalex.org/W7204597892,https://doi.org/10.17632/h3kkbdmmtm.1,2026.0,High-Resolution Optical Microscopic Image Dataset of Epoxy and Gum Arabic-Reinforced Epoxy Overlay Systems on EN8 Steel Substrates under reciprocating sliding motion,True,other_polysaccharide,none,True,high,
https://openalex.org/W7153196457,https://doi.org/10.5281/zenodo.19495762,2026.0,"The Code 0,89",False,none,none,False,low,
https://openalex.org/W7113624808,,2025.0,Voorbereiding van poreuze materialen met behulp van fase-inversiebenadering,True,pla,solubility,True,high,
https://openalex.org/W7167104587,https://doi.org/10.82465/4161,2024.0,Nanocellulose-based materials for sustainable soil remediation and water purification,True,cellulose,qc,True,high,
https://openalex.org/W7153197545,https://doi.org/10.5281/zenodo.19495763,2026.0,"The Code 0,89",False,none,none,False,low,
https://openalex.org/W4411080100,https://doi.org/10.1007/978-3-031-90807-1_3,2025.0,"3D Printing of Bio-organs: Materials, Methods and Future Prospects",,,,,low,
https://openalex.org/W7202378660,https://doi.org/10.58532/nbennuradd14,2026.0,POLYMERIC NANOPARTICLE-BASED DRUG DELIVERY SYSTEM FOR ANTI-HIV DRUGS,True,other,ml,False,medium,
https://openalex.org/W7166882460,https://doi.org/10.64917/ircee.v13.i03.a04,2026.0,"UHF RFID Sensing and Localization Architectures for Internet of Things Driven Food Safety, Retail Intelligence, and Intelligent Transportation Systems",False,none,ml,False,medium,
https://openalex.org/W4414933384,https://doi.org/10.53846/goediss-11542,2025.0,Thermodynamics and Kinetics of Chemo-mechanical Energy Conversion,False,none,md,True,high,
https://openalex.org/W7171604296,,2026.0,Mechanochemistry in Polymer Processing: Overview and Perspectives,True,other,md,True,medium,
https://openalex.org/W2587092946,https://doi.org/10.14711/thesis-b1165707,2012.0,Production of high-value added products using supercritical fluid technologies,True,pla,solubility,True,medium,
https://openalex.org/W7161021015,https://doi.org/10.25394/pgs.32125615,2026.0,Monomer Sequence Controlled PLGA for Controlled Release Applications,True,pla,md,True,high,
https://openalex.org/W7104454297,https://doi.org/10.5281/zenodo.17557415,2025.0,11. ULUSLARARASI STRATEJİK ARASTIRMALAR KONGRESİ BİLDİRİ ÖZETLERİ KİTABI 22-24 Mayıs 2025 Gaziantep/Türkiye,,,,,low,
https://openalex.org/W7160994510,https://doi.org/10.25394/pgs.32125615.v1,2026.0,Monomer Sequence Controlled PLGA for Controlled Release Applications,True,pla,md,True,high,
https://openalex.org/W7203446284,https://doi.org/10.1002/9781394175314.index,2026.0,Index,,,,,low,
https://openalex.org/W7149488564,https://doi.org/10.4103/regenmed.regenmed-d-25-00052,2026.0,SNRK embedded microneedles: A candidate remedy for cardiac repair,False,none,none,False,high,
https://openalex.org/W7104490576,https://doi.org/10.5281/zenodo.17557414,2025.0,11. ULUSLARARASI STRATEJİK ARASTIRMALAR KONGRESİ BİLDİRİ ÖZETLERİ KİTABI 22-24 Mayıs 2025 Gaziantep/Türkiye,,,,,low,
https://openalex.org/W7208243680,,2025.0,Développement d’organo-argiles performants pour une purification efficace de l’eau,True,chitosan,md,False,high,
https://openalex.org/W7160544789,https://doi.org/10.21139/wej.2025.013,2025.0,Water e-Journal Student Edition 2025,,,,,low,
https://openalex.org/W3186115962,https://doi.org/10.32469/10355/85785,2021.0,Theoretical and computational modeling of naturally and artificially modified RNA nucleotides,False,nucleic_acid,md,False,high,
https://openalex.org/W2988459998,https://doi.org/10.1002/ijch.201900132,2019.0,Special Issue: Magnetic Resonance in Biology,False,,,,low,
https://openalex.org/W7113114656,,2011.0,Experimental Structural Characterization and Md Simulation of F-Actin Self-Assembly,False,protein,md,True,high,
https://openalex.org/W609452132,,2001.0,Polymerization processes and polymer materials,True,other,none,True,medium,
https://openalex.org/W7127054501,https://doi.org/10.32657/10356/205373,2026.0,HBpep peptide coacervates as a rapid stable and multimodal drug delivery and release system for synergistic cancer therapy,True,protein,md,True,high,
https://openalex.org/W4281645312,https://doi.org/10.1002/fsat.3602_5.x,2022.0,Making a meal out of bugs,False,none,none,False,high,
https://openalex.org/W4214610530,https://doi.org/10.26686/wgtn.14182880.v1,2021.0,Ultrafast Vibrational Spectroscopy of the Eumelanin pigment,True,other,qc,True,high,
https://openalex.org/W7119426045,,2025.0,Multifunctional injectable iCPC@MgO bioadhesive with inherent anti-inflammatory potential for periodontitis treatments,True,other,md,True,high,
https://openalex.org/W7204274271,https://doi.org/10.34133/research.1432,2026.0,Terahertz Modulation of Biomolecular Dynamics,False,none,none,False,high,
https://openalex.org/W4405639740,https://doi.org/10.1149/ma2024-02644335mtgabs,2024.0,振兴语言能力：双峰静默交互系统,True,other,ml,True,medium,
https://openalex.org/W7127998712,https://doi.org/10.5281/zenodo.18489856,2026.0,ROOL RNA nanocage (env-120) sequence fragment prediction via E8 lattice topological optimization,False,nucleic_acid,molecular_modelling,False,medium,
https://openalex.org/W1982210787,https://doi.org/10.1088/0953-8984/24/28/280301,2012.0,The Eighth Liquid Matter Conference,False,none,none,False,low,
https://openalex.org/W2801605966,,2017.0,"Experimental and theoretical approaches in macromolecules design, synthesis, modification and nanosensor applications",True,chitosan,md,True,high,
https://openalex.org/W7128007351,https://doi.org/10.5281/zenodo.18489857,2026.0,ROOL RNA nanocage (env-120) sequence fragment prediction via E8 lattice topological optimization,False,nucleic_acid,molecular_modelling,False,medium,
https://openalex.org/W7127919231,https://doi.org/10.5281/zenodo.18489594,2026.0,ROOL RNA nanocage (env-120) sequence fragment prediction via E8 lattice topological optimization,False,nucleic_acid,molecular_modelling,False,medium,
https://openalex.org/W7113586021,,2009.0,Computational Approaches to the Description of Long Time Scale Biomolecular Events,False,nucleic_acid,md,False,high,
https://openalex.org/W4394795959,https://doi.org/10.1002/mef2.78,2024.0,A biodegradable cardiac electrotherapy device paving the way for autonomous transient implants,True,other,none,False,medium,
https://openalex.org/W2892282818,https://doi.org/10.51415/10321/3135,2018.0,Interaction studies of nanomaterials with plasma protein using experimental and computational methods,False,none,docking,True,medium,
https://openalex.org/W2797964681,https://doi.org/10.2172/1488415,2017.0,Computational simulations and methods for biomedical applications,False,other,md,True,medium,
https://openalex.org/W4402666475,https://doi.org/10.1093/procel/pwae050,2024.0,The chordata olfactory receptor database,False,none,ml,False,high,
https://openalex.org/W4386601142,https://doi.org/10.1002/9781394174867.index,2023.0,Index,,,,,low,
https://openalex.org/W4233308323,https://doi.org/10.35940/ijitee.10.10,2021.0,,,,,,low,
https://openalex.org/W4405264826,https://doi.org/10.11113/jamst.v28n3.307,2024.0,Book Review: Application of Membranes in the Petroleum Industry,True,other,none,False,low,
https://openalex.org/W2751855242,https://doi.org/10.7274/mg74qj7524v,2022.0,Atomistic Simulation of Thermal Transport Physics in Soft Materials,True,other,md,False,high,
https://openalex.org/W585946803,,2010.0,Encyclopedia of energy research and policy,,,,,low,
https://openalex.org/W7169696492,,2026.0,TOWARDS MODELING QUANTUM MANY-BODY VAN DER WAALS INTERACTIONS FOR DYNAMICS IN REAL-LIFE MATERIALS,True,other,md,False,medium,
https://openalex.org/W7118362626,https://doi.org/10.33084/bjop.v8i4.12031,2025.0,"Cover, Content, and Editorial Note from Borneo J Pharm Vol. 8 No. 4 November 2025",False,,,,low,
https://openalex.org/W2744214068,https://doi.org/10.7490/f1000research.1114522.1,2017.0,"On flexibility, deformability and mobility of protein structures in the light of a structural alphabet",False,protein,md,False,high,
https://openalex.org/W1987751857,https://doi.org/10.1002/adma.201101403,2011.0,From Molecules to Materials: the Cluster of Excellence “Engineering of Advanced Materials” at Friedrich‐Alexander University of Erlangen‐Nuremberg,,,,,low,
https://openalex.org/W1598167345,,2007.0,"Mecanismes de preactivació de substrat en 1,3-1,4-beta-glucanasa. Modelització mitjançant dinàmica molecular de primers principis",False,other_polysaccharide,md,False,high,
https://openalex.org/W7118399120,https://doi.org/10.3389/fphar.2025.1753830,2026.0,Editorial: Prevention and treatment of skin diseases,,,,,low,
https://openalex.org/W7124721202,https://doi.org/10.3389/finmi.2025.1757656,2026.0,Are we misreading microbial value? Reframing industrial relevance through regenerative systems thinking,,,,,low,
https://openalex.org/W7110578402,,2025.0,Linking mechanistic understanding and predictive performance of near-infrared spectroscopy through synergistic chemometric frameworks,True,other,ml,True,medium,
https://openalex.org/W4393898557,https://doi.org/10.5281/zenodo.8382583,2023.0,rbLEC - restricted backbone Local Euler Characteristic - from CATH database,False,protein,molecular_modelling,False,high,
https://openalex.org/W1983035392,https://doi.org/10.1088/0953-8984/23/28/280301,2011.0,International Symposium on Non-Equilibrium Soft Matter 2010,,,,,low,
https://openalex.org/W4241950511,https://doi.org/10.1351/pac20057706iv,2005.0,Preface,False,none,none,False,low,
https://openalex.org/W1967438353,https://doi.org/10.1093/bib/bbl001,2006.0,"Computational Modeling of Genetic and Biochemical Networks. * Edited by James M. Bower and Hamid Bolouri * Computational Molecular Biology, A Bradford Book, The MIT Press, Cambridge, Massachusetts; 2004; * ISBN: 0 262 52423 6; Paperback; 390pp.; * 22.95/$35.00.",False,none,none,False,high,
https://openalex.org/W579825068,,2002.0,"5th Österreichische Polymertage : Chemical and physical aspects of polymer science and engineering, Leoben, Austria, September 12 - 14, 2001",,,,,low,
https://openalex.org/W4244549829,https://doi.org/10.1097/jsm.0000000000000340,2016.0,2016 CASEM Podium Presentations,,,,,low,
https://openalex.org/W4416608207,https://doi.org/10.3389/fchbi.2025.1731631,2025.0,Grand challenges in chemical biology from the perspective of organic chemical synthesis,False,none,none,False,high,
https://openalex.org/W7112143134,,2025.0,Arylindaan diolen als veilige en duurzame polymeeradditieven,True,lignin,qc,True,high,
https://openalex.org/W3138950100,https://doi.org/10.1002/smtd.202100164,2021.0,XMU‐100 Anniversary Special Issue,,,,,low,
https://openalex.org/W7213966198,https://doi.org/10.3389/fsufs.2026.1979623,2026.0,"Editorial: Sustainable food processing: valorization of agro-waste-derived proteins, starch, and bioactives, and seaweeds for food packaging and product innovation",True,other_polysaccharide,none,False,medium,
https://openalex.org/W7167442523,,2026.0,Composites hybrides à base de matrices polymères biosourcées,True,cellulose,none,True,high,
https://openalex.org/W565573019,,2006.0,"Biotechnology for fuels and chemicals : the twenty-seventh symposium : proceedings of the twenty-seventh Symposium on Biotechnology for Fuels and Chemicals, held May 1 - May 4, 2005, in Denver, Colorado",True,cellulose,none,True,low,
https://openalex.org/W7167496692,https://doi.org/10.3389/fsrma.2026.1854527,2026.0,"Sustainable natural resource management: integrating fisheries, ecosystem health, and sustainability goals",,,,,low,
https://openalex.org/W4327522602,https://doi.org/10.31599/bpe.v1i3.1743,2022.0,Studi Pengaruh Kontaminasi Properti Rheology Water Based Mud di Lapangan Sunyu,False,none,none,True,high,
https://openalex.org/W7165526133,https://doi.org/10.5281/zenodo.20798927,2026.0,"UVMM v4.0 core & (Black Holes) &(brain):The First Epoch of Mankind _ The Universe Is a Network: All Things Are Nodes, Angular Momentum Is the Link",,,,,low,
https://openalex.org/W7165560450,https://doi.org/10.5281/zenodo.20798926,2026.0,"UVMM v4.0 core & (Black Holes) &(brain):The First Epoch of Mankind _ The Universe Is a Network: All Things Are Nodes, Angular Momentum Is the Link",,,,,low,
https://openalex.org/W4240469693,https://doi.org/10.7554/elife.19274.028,2016.0,Decision letter: Biomolecular interactions modulate macromolecular structure and dynamics in atomistic model of a bacterial cytoplasm,False,none,md,False,high,
https://openalex.org/W4310030742,https://doi.org/10.20868/upm.thesis.72134,2022.0,Study of new applications of the Quartz Crystal Resonator (QCR) for the characterization of viscoelastic properties of biological fluids of interest for medical applications,True,other,ml,True,medium,
https://openalex.org/W7015309870,,2022.0,Study of new applications of the Quartz Crystal Resonator (QCR) for the characterization of viscoelastic properties of biological fluids of interest for medical applications,True,other,ml,True,medium,
https://openalex.org/W4390046079,https://doi.org/10.1146/knowable-122123-1,2023.0,Top science stories of 2023,,,,,low,
https://openalex.org/W7137666716,,2010.0,Coumarin衍生物的抗氧化作用之活性探討,False,none,none,True,low,
https://openalex.org/W7125982140,https://doi.org/10.3389/fenvs.2026.1762425,2026.0,A discussion on the removal of microplastics from the atmosphere through phytoremediation. Are there any effects on soil from airborne pollutants?,,,,,low,
https://openalex.org/W4408278059,https://doi.org/10.4103/cdrp.cdrp_7_25,2025.0,Abstracts - Basic Sciences,False,none,none,True,high,
https://openalex.org/W4403130159,https://doi.org/10.1162/leon_x_02595,2024.0,Leonardo Volume 57,,,,,low,
https://openalex.org/W1801544166,https://doi.org/10.1197/jamia.m1326,2003.0,"American College of Medical Informatics Fellows and International Associates, 2002",,,,,low,
https://openalex.org/W2334136224,https://doi.org/10.1002/asia.201100323,2011.0,"In Commemoration of the 150th Anniversary of the Department of Chemistry, School of Science, The University of Tokyo—Its Past and Future",,,,,low,
https://openalex.org/W4231634182,https://doi.org/10.1063/1.2409965,2003.0,New Books,,,,,low,
https://openalex.org/W4247869187,https://doi.org/10.7554/elife.08697.023,2015.0,Decision letter: Regulation of multispanning membrane protein topology via post-translational annealing,False,protein,md,False,high,
https://openalex.org/W4235273801,https://doi.org/10.7554/elife.09248.030,2015.0,Decision letter: Large-scale determination of previously unsolved protein structures using evolutionary information,False,protein,molecular_modelling,False,high,
